{"payload":{"installed_packages":["absl-py==1.2.0","addict==2.4.0","aiohttp==3.8.1","aiosignal==1.2.0","antlr4-python3-runtime==4.9.3","anyio==3.6.1","appdirs==1.4.4","argon2-cffi-bindings==21.2.0","argon2-cffi==21.3.0","async-timeout==4.0.1","asynctest==0.13.0","attrs==21.4.0","backcall==0.2.0","beautifulsoup4==4.11.1","black==22.3.0","bleach==5.0.1","blinker==1.4","brotlipy==0.7.0","cachetools==4.2.4","certifi==2021.5.30","cffi==1.15.0","chardet==3.0.4","charset-normalizer==2.1.0","click==8.1.3","cloudpickle==2.1.0","colorama==0.4.5","comet-ml==3.31.12","commonmark==0.9.1","configobj==5.0.6","coremltools==5.2.0","cryptography==37.0.1","cuda-python==11.5.0","cupy-cuda111==11.0.0","cycler==0.10.0","cython==0.29.32","debugpy==1.6.3","decorator==5.1.1","defusedxml==0.7.1","docker-pycreds==0.4.0","dulwich==0.20.46","easydict==1.10","einops==0.4.1","ensemble-boxes==1.0.9","entrypoints==0.4","everett==3.0.0","fairscale==0.4.8","faiss-cpu==1.7.2","faiss==1.7.2","fast-ctc-decode==0.3.2","fastjsonschema==2.16.1","fastrlock==0.8","filelock==3.8.0","filterpy==1.4.5","flake8==5.0.4","flatbuffers==2.0","fonttools==4.34.4","frozenlist==1.2.0","future==0.18.2","fvcore==0.1.5.post20220512","gdown==4.5.3","gitdb==4.0.9","gitpython==3.1.27","glob2==0.7","google-auth-oauthlib==0.4.6","google-auth==1.35.0","grpcio==1.47.0","h11==0.12.0","h5py==3.7.0","httpcore==0.15.0","httpx==0.23.0","huggingface-hub==0.8.1","hydra-core==1.2.0","idna==2.10","imagecodecs==2021.11.20","imageio==2.22.2","imagesize==1.4.1","imgviz==1.5.1","importlib-metadata==4.2.0","importlib-resources==5.9.0","imutils==0.5.4","iopath==0.1.9","ipykernel==6.15.1","ipython-genutils==0.2.0","ipython==7.34.0","ipywidgets==8.0.1","iso8601==1.1.0","isort==4.3.21","jedi==0.18.1","jinja2==3.1.2","joblib==1.1.0","jsonschema==4.12.1","jstyleson==0.0.2","jupyter-client==7.3.4","jupyter-console==6.4.4","jupyter-core==4.11.1","jupyter==1.0.0","jupyterlab-pygments==0.2.2","jupyterlab-widgets==3.0.1","kiwisolver==1.3.1","labelme==5.0.2","lap==0.4.0","llvmlite==0.39.0","lmdb==1.3.0","loguru==0.6.0","lxml==4.9.1","mako==1.2.1","markdown==3.3.4","markupsafe==2.1.1","matplotlib-inline==0.1.3","matplotlib==3.2.2","mccabe==0.7.0","mistune==0.8.4","mkl-fft==1.3.0","mkl-random==1.1.1","mkl-service==2.3.0","mmcv-full==1.6.1","model-index==0.1.11","motmetrics==1.2.5","mpmath==1.2.1","multidict==5.1.0","mypy-extensions==0.4.3","natsort==8.2.0","nbclient==0.6.6","nbconvert==6.5.3","nbformat==5.4.0","nest-asyncio==1.5.5","networkx==2.6.3","nibabel==4.0.1","ninja==1.10.2.3","nltk==3.7","notebook==6.4.12","numba==0.56.0","numpy==1.21.6","nvidia-pyindex==1.0.9","oauthlib==3.2.0","omegaconf==2.2.2","onnx-simplifier==0.4.8","onnx==1.12.0","onnxoptimizer==0.3.0","onnxruntime==1.8.0","opencv-python==4.6.0.66","openmim==0.2.1","openvino-telemetry==2022.1.1","openvino==2022.1.0","ordered-set==4.1.0","packaging==21.3","pandas==1.1.5","pandocfilters==1.5.0","parasail==1.2.4","parso==0.8.3","pathspec==0.9.0","pathtools==0.1.2","pickleshare==0.7.5","pillow==9.0.1","pip==22.2.2","pkgutil-resolve-name==1.3.10","platformdirs==2.5.2","polygon-inter-union-cuda==2.1","polygon==1.0.9","portalocker==2.5.1","progress==1.6","prometheus-client==0.14.1","promise==2.3","prompt-toolkit==3.0.30","protobuf==3.19.4","psutil==5.9.1","py-cpuinfo==8.0.0","pyasn1-modules==0.2.8","pyasn1==0.4.8","pyclipper==1.3.0.post3","pycocotools==2.0.4","pycodestyle==2.9.1","pycparser==2.21","pycuda==2022.1","pydicom==2.3.0","pydot==1.4.2","pyflakes==2.5.0","pygments==2.12.0","pyjwt==2.4.0","pyopenssl==22.0.0","pyparsing==2.4.7","pyqt5-qt5==5.15.2","pyqt5-sip==12.11.0","pyqt5==5.15.7","pyrsistent==0.18.1","pysocks==1.7.1","python-dateutil==2.8.2","python-dotenv==0.20.0","pytools==2022.1.12","pytz==2022.1","pywavelets==1.3.0","pywin32==304","pywinpty==2.0.7","pyyaml==6.0","pyzmq==23.2.1","qtconsole==5.3.1","qtpy==2.2.0","qudida==0.0.4","rawpy==0.17.1","regex==2022.7.9","requests-oauthlib==1.3.1","requests-toolbelt==0.9.1","requests==2.23.0","rfc3986==1.5.0","rich==12.5.1","roboflow==0.2.11","rsa==4.9","sacremoses==0.0.53","scikit-image==0.19.3","scikit-learn==0.24.2","scipy==1.5.4","seaborn==0.11.2","semantic-version==2.10.0","send2trash==1.8.0","sentencepiece==0.1.96","sentry-sdk==1.9.0","serial==0.0.97","setproctitle==1.3.2","setuptools==61.2.0","shapely==1.8.2","shortuuid==1.0.9","six==1.16.0","smmap==5.0.0","sniffio==1.2.0","soupsieve==2.3.2.post1","sympy==1.10.1","tabulate==0.8.10","tb-nightly==2.11.0a20221030","tensorboard-data-server==0.6.1","tensorboard-plugin-wit==1.8.1","tensorboard==2.4.1","tensorboardx==2.5.1","tensorrt==8.2.5.1","termcolor==1.1.0","terminado==0.15.0","terminaltables==3.1.10","texttable==1.6.4","thop==0.1.1.post2207130030","threadpoolctl==3.1.0","tifffile==2021.11.2","timm==0.6.5","tinycss2==1.1.1","tokenizers==0.10.3","tomli==2.0.1","torch==1.8.1+cu111","torchaudio==0.8.1","torchvision==0.9.1+cu111","tornado==6.2","tqdm==4.64.0","traitlets==5.3.0","transformers==4.16.2","typed-ast==1.5.4","typing-extensions==4.3.0","urllib3==1.25.11","wcwidth==0.2.5","webencodings==0.5.1","websocket-client==1.3.3","websockets==10.3","werkzeug==2.2.0","wget==3.2","wheel==0.37.1","widgetsnbextension==4.0.1","win-inet-pton==1.1.0","win32-setctime==1.1.0","wincertstore==0.2","wrapt==1.14.1","wurlitzer==3.0.2","xmltodict==0.13.0","yacs==0.1.8","yapf==0.32.0","yarl==1.6.3","zipp==3.8.1"],"local_timestamp":1669279893245},"type":"ws_msg"}
{"payload":{"env_details":{"command":["D:\\my_job\\code\\xianyu\\yolov5-master\\train.py"],"env":null,"hostname":"PC-202208301411","ip":"210.30.214.109","machine":"AMD64","os":"Windows-10-10.0.19041-SP0","os_release":"10","os_type":"Windows","pid":281276,"processor":"Intel64 Family 6 Model 151 Stepping 2, GenuineIntel","python_exe":"C:\\ProgramData\\Anaconda3\\envs\\torch\\python.exe","python_version":"3.7.1","python_version_verbose":"3.7.1 (default, Oct 28 2018, 08:39:03) [MSC v.1912 64 bit (AMD64)]","user":"Administrator"},"local_timestamp":1669279893440},"type":"ws_msg"}
{"payload":{"local_timestamp":1669279893580,"metric":{"epoch":null,"metricName":"sys.cpu.percent.avg","metricValue":6.266666666666667,"step":null}},"type":"metric_msg"}
{"payload":{"local_timestamp":1669279893581,"metric":{"epoch":null,"metricName":"sys.cpu.percent.01","metricValue":8.4,"step":null}},"type":"metric_msg"}
{"payload":{"local_timestamp":1669279893581,"metric":{"epoch":null,"metricName":"sys.cpu.percent.02","metricValue":5.6,"step":null}},"type":"metric_msg"}
{"payload":{"local_timestamp":1669279893581,"metric":{"epoch":null,"metricName":"sys.cpu.percent.03","metricValue":16.7,"step":null}},"type":"metric_msg"}
{"payload":{"local_timestamp":1669279893581,"metric":{"epoch":null,"metricName":"sys.cpu.percent.04","metricValue":7.4,"step":null}},"type":"metric_msg"}
{"payload":{"local_timestamp":1669279893581,"metric":{"epoch":null,"metricName":"sys.cpu.percent.05","metricValue":4.9,"step":null}},"type":"metric_msg"}
{"payload":{"local_timestamp":1669279893581,"metric":{"epoch":null,"metricName":"sys.cpu.percent.06","metricValue":2.5,"step":null}},"type":"metric_msg"}
{"payload":{"local_timestamp":1669279893581,"metric":{"epoch":null,"metricName":"sys.cpu.percent.07","metricValue":6.2,"step":null}},"type":"metric_msg"}
{"payload":{"local_timestamp":1669279893581,"metric":{"epoch":null,"metricName":"sys.cpu.percent.08","metricValue":1.9,"step":null}},"type":"metric_msg"}
{"payload":{"local_timestamp":1669279893581,"metric":{"epoch":null,"metricName":"sys.cpu.percent.09","metricValue":5.6,"step":null}},"type":"metric_msg"}
{"payload":{"local_timestamp":1669279893581,"metric":{"epoch":null,"metricName":"sys.cpu.percent.10","metricValue":3.1,"step":null}},"type":"metric_msg"}
{"payload":{"local_timestamp":1669279893581,"metric":{"epoch":null,"metricName":"sys.cpu.percent.11","metricValue":4.9,"step":null}},"type":"metric_msg"}
{"payload":{"local_timestamp":1669279893581,"metric":{"epoch":null,"metricName":"sys.cpu.percent.12","metricValue":8.0,"step":null}},"type":"metric_msg"}
{"payload":{"local_timestamp":1669279893581,"metric":{"epoch":null,"metricName":"sys.load.avg","metricValue":0.0,"step":null}},"type":"metric_msg"}
{"payload":{"local_timestamp":1669279893581,"metric":{"epoch":null,"metricName":"sys.ram.total","metricValue":34192379904,"step":null}},"type":"metric_msg"}
{"payload":{"local_timestamp":1669279893581,"metric":{"epoch":null,"metricName":"sys.ram.used","metricValue":13663522816,"step":null}},"type":"metric_msg"}
{"payload":{"local_timestamp":1669279893581,"log_other":{"key":"offline_experiment","val":true}},"type":"ws_msg"}
{"payload":{"additional_params":{"assetId":"eb5b2b229a454026be1911f505f550e2","context":null,"extension":"yaml","fileName":"NEU.yaml","overwrite":false,"runId":null,"step":null},"clean":true,"file_path":"tmpw34wwv73","local_timestamp":1669279893583,"metadata":{"type":"data-config-file"},"upload_type":"asset"},"type":"file_upload"}
{"payload":{"local_timestamp":1669279893586,"log_other":{"key":"Created from","val":"YOLOv5"}},"type":"ws_msg"}
{"payload":{"local_timestamp":1669279893586,"param":{"paramName":"artifact_alias","paramValue":"latest","step":null}},"type":"parameter_msg"}
{"payload":{"local_timestamp":1669279893586,"param":{"paramName":"batch_size","paramValue":16,"step":null}},"type":"parameter_msg"}
{"payload":{"local_timestamp":1669279893586,"param":{"paramName":"bbox_interval","paramValue":-1,"step":null}},"type":"parameter_msg"}
{"payload":{"local_timestamp":1669279893586,"param":{"paramName":"bucket","paramValue":"","step":null}},"type":"parameter_msg"}
{"payload":{"local_timestamp":1669279893586,"param":{"paramName":"cache","paramValue":null,"step":null}},"type":"parameter_msg"}
{"payload":{"local_timestamp":1669279893586,"param":{"paramName":"cfg","paramValue":"models/yolov5-Ghostv2.yaml","step":null}},"type":"parameter_msg"}
{"payload":{"local_timestamp":1669279893586,"param":{"paramName":"cos_lr","paramValue":false,"step":null}},"type":"parameter_msg"}
{"payload":{"local_timestamp":1669279893586,"param":{"paramName":"data","paramValue":"data\\NEU.yaml","step":null}},"type":"parameter_msg"}
{"payload":{"local_timestamp":1669279893586,"param":{"paramName":"device","paramValue":"","step":null}},"type":"parameter_msg"}
{"payload":{"local_timestamp":1669279893586,"param":{"paramName":"entity","paramValue":null,"step":null}},"type":"parameter_msg"}
{"payload":{"local_timestamp":1669279893586,"param":{"paramName":"epochs","paramValue":200,"step":null}},"type":"parameter_msg"}
{"payload":{"local_timestamp":1669279893586,"param":{"paramName":"evolve","paramValue":null,"step":null}},"type":"parameter_msg"}
{"payload":{"local_timestamp":1669279893586,"param":{"paramName":"exist_ok","paramValue":false,"step":null}},"type":"parameter_msg"}
{"payload":{"local_timestamp":1669279893586,"params":{"paramName":"freeze","paramValue":[0],"step":null}},"type":"parameter_msg"}
{"payload":{"local_timestamp":1669279893586,"param":{"paramName":"hyp","paramValue":"{\"anchor_t\": 4.0, \"box\": 0.05, \"cls\": 0.5, \"cls_pw\": 1.0, \"copy_paste\": 0.0, \"degrees\": 0.0, \"fl_gamma\": 0.0, \"fliplr\": 0.5, \"flipud\": 0.0, \"hsv_h\": 0.015, \"hsv_s\": 0.7, \"hsv_v\": 0.4, \"iou_t\": 0.2, \"lr0\": 0.01, \"lrf\": 0.01, \"mixup\": 0.0, \"momentum\": 0.937, \"mosaic\": 1.0, \"obj\": 1.0, \"obj_pw\": 1.0, \"perspective\": 0.0, \"scale\": 0.5, \"shear\": 0.0, \"translate\": 0.1, \"warmup_bias_lr\": 0.1, \"warmup_epochs\": 3.0, \"warmup_momentum\": 0.8, \"weight_decay\": 0.0005}","step":null}},"type":"parameter_msg"}
{"payload":{"local_timestamp":1669279893586,"param":{"paramName":"image_weights","paramValue":false,"step":null}},"type":"parameter_msg"}
{"payload":{"local_timestamp":1669279893586,"param":{"paramName":"imgsz","paramValue":224,"step":null}},"type":"parameter_msg"}
{"payload":{"local_timestamp":1669279893586,"param":{"paramName":"label_smoothing","paramValue":0.0,"step":null}},"type":"parameter_msg"}
{"payload":{"local_timestamp":1669279893586,"param":{"paramName":"local_rank","paramValue":-1,"step":null}},"type":"parameter_msg"}
{"payload":{"local_timestamp":1669279893586,"param":{"paramName":"multi_scale","paramValue":false,"step":null}},"type":"parameter_msg"}
{"payload":{"local_timestamp":1669279893586,"param":{"paramName":"name","paramValue":"exp","step":null}},"type":"parameter_msg"}
{"payload":{"local_timestamp":1669279893586,"param":{"paramName":"noautoanchor","paramValue":false,"step":null}},"type":"parameter_msg"}
{"payload":{"local_timestamp":1669279893586,"param":{"paramName":"noplots","paramValue":false,"step":null}},"type":"parameter_msg"}
{"payload":{"local_timestamp":1669279893586,"param":{"paramName":"nosave","paramValue":false,"step":null}},"type":"parameter_msg"}
{"payload":{"local_timestamp":1669279893586,"param":{"paramName":"noval","paramValue":false,"step":null}},"type":"parameter_msg"}
{"payload":{"local_timestamp":1669279893586,"param":{"paramName":"optimizer","paramValue":"SGD","step":null}},"type":"parameter_msg"}
{"payload":{"local_timestamp":1669279893586,"param":{"paramName":"patience","paramValue":100,"step":null}},"type":"parameter_msg"}
{"payload":{"local_timestamp":1669279893586,"param":{"paramName":"project","paramValue":"runs\\train","step":null}},"type":"parameter_msg"}
{"payload":{"local_timestamp":1669279893586,"param":{"paramName":"quad","paramValue":false,"step":null}},"type":"parameter_msg"}
{"payload":{"local_timestamp":1669279893586,"param":{"paramName":"rect","paramValue":false,"step":null}},"type":"parameter_msg"}
{"payload":{"local_timestamp":1669279893586,"param":{"paramName":"resume","paramValue":false,"step":null}},"type":"parameter_msg"}
{"payload":{"local_timestamp":1669279893586,"param":{"paramName":"save_dir","paramValue":"runs\\train\\exp7","step":null}},"type":"parameter_msg"}
{"payload":{"local_timestamp":1669279893586,"param":{"paramName":"save_period","paramValue":-1,"step":null}},"type":"parameter_msg"}
{"payload":{"local_timestamp":1669279893586,"param":{"paramName":"seed","paramValue":0,"step":null}},"type":"parameter_msg"}
{"payload":{"local_timestamp":1669279893586,"param":{"paramName":"single_cls","paramValue":false,"step":null}},"type":"parameter_msg"}
{"payload":{"local_timestamp":1669279893586,"param":{"paramName":"sync_bn","paramValue":false,"step":null}},"type":"parameter_msg"}
{"payload":{"local_timestamp":1669279893586,"param":{"paramName":"upload_dataset","paramValue":false,"step":null}},"type":"parameter_msg"}
{"payload":{"local_timestamp":1669279893586,"param":{"paramName":"weights","paramValue":".","step":null}},"type":"parameter_msg"}
{"payload":{"local_timestamp":1669279893586,"param":{"paramName":"workers","paramValue":8,"step":null}},"type":"parameter_msg"}
{"payload":{"local_timestamp":1669279893586,"param":{"paramName":"anchor_t","paramValue":4.0,"step":null}},"type":"parameter_msg"}
{"payload":{"local_timestamp":1669279893586,"param":{"paramName":"box","paramValue":0.05,"step":null}},"type":"parameter_msg"}
{"payload":{"local_timestamp":1669279893586,"param":{"paramName":"cls","paramValue":0.5,"step":null}},"type":"parameter_msg"}
{"payload":{"local_timestamp":1669279893586,"param":{"paramName":"cls_pw","paramValue":1.0,"step":null}},"type":"parameter_msg"}
{"payload":{"local_timestamp":1669279893586,"param":{"paramName":"copy_paste","paramValue":0.0,"step":null}},"type":"parameter_msg"}
{"payload":{"local_timestamp":1669279893586,"param":{"paramName":"degrees","paramValue":0.0,"step":null}},"type":"parameter_msg"}
{"payload":{"local_timestamp":1669279893586,"param":{"paramName":"fl_gamma","paramValue":0.0,"step":null}},"type":"parameter_msg"}
{"payload":{"local_timestamp":1669279893586,"param":{"paramName":"fliplr","paramValue":0.5,"step":null}},"type":"parameter_msg"}
{"payload":{"local_timestamp":1669279893586,"param":{"paramName":"flipud","paramValue":0.0,"step":null}},"type":"parameter_msg"}
{"payload":{"local_timestamp":1669279893586,"param":{"paramName":"hsv_h","paramValue":0.015,"step":null}},"type":"parameter_msg"}
{"payload":{"local_timestamp":1669279893586,"param":{"paramName":"hsv_s","paramValue":0.7,"step":null}},"type":"parameter_msg"}
{"payload":{"local_timestamp":1669279893587,"param":{"paramName":"hsv_v","paramValue":0.4,"step":null}},"type":"parameter_msg"}
{"payload":{"local_timestamp":1669279893587,"param":{"paramName":"iou_t","paramValue":0.2,"step":null}},"type":"parameter_msg"}
{"payload":{"local_timestamp":1669279893587,"param":{"paramName":"lr0","paramValue":0.01,"step":null}},"type":"parameter_msg"}
{"payload":{"local_timestamp":1669279893587,"param":{"paramName":"lrf","paramValue":0.01,"step":null}},"type":"parameter_msg"}
{"payload":{"local_timestamp":1669279893587,"param":{"paramName":"mixup","paramValue":0.0,"step":null}},"type":"parameter_msg"}
{"payload":{"local_timestamp":1669279893587,"param":{"paramName":"momentum","paramValue":0.937,"step":null}},"type":"parameter_msg"}
{"payload":{"local_timestamp":1669279893587,"param":{"paramName":"mosaic","paramValue":1.0,"step":null}},"type":"parameter_msg"}
{"payload":{"local_timestamp":1669279893587,"param":{"paramName":"obj","paramValue":1.0,"step":null}},"type":"parameter_msg"}
{"payload":{"local_timestamp":1669279893587,"param":{"paramName":"obj_pw","paramValue":1.0,"step":null}},"type":"parameter_msg"}
{"payload":{"local_timestamp":1669279893587,"param":{"paramName":"perspective","paramValue":0.0,"step":null}},"type":"parameter_msg"}
{"payload":{"local_timestamp":1669279893587,"param":{"paramName":"scale","paramValue":0.5,"step":null}},"type":"parameter_msg"}
{"payload":{"local_timestamp":1669279893587,"param":{"paramName":"shear","paramValue":0.0,"step":null}},"type":"parameter_msg"}
{"payload":{"local_timestamp":1669279893587,"param":{"paramName":"translate","paramValue":0.1,"step":null}},"type":"parameter_msg"}
{"payload":{"local_timestamp":1669279893587,"param":{"paramName":"warmup_bias_lr","paramValue":0.1,"step":null}},"type":"parameter_msg"}
{"payload":{"local_timestamp":1669279893587,"param":{"paramName":"warmup_epochs","paramValue":3.0,"step":null}},"type":"parameter_msg"}
{"payload":{"local_timestamp":1669279893587,"param":{"paramName":"warmup_momentum","paramValue":0.8,"step":null}},"type":"parameter_msg"}
{"payload":{"local_timestamp":1669279893587,"param":{"paramName":"weight_decay","paramValue":0.0005,"step":null}},"type":"parameter_msg"}
{"payload":{"additional_params":{"assetId":"2062fb95b3a04619a845b57dfbc01f16","context":null,"epoch":null,"extension":"json","fileName":"hyperparameters.json","overwrite":false,"runId":null,"step":null},"clean":true,"file_path":"tmpu93mhltb","local_timestamp":1669279893597,"metadata":{"type":"hyp-config-file"},"upload_type":"asset"},"type":"file_upload"}
{"payload":{"additional_params":{"assetId":"d5cb7f85c90e47c9ac8a7991de5de485","context":null,"extension":"yaml","fileName":"opt.yaml","overwrite":false,"runId":null,"step":null},"clean":true,"file_path":"tmp0n_j1dp4","local_timestamp":1669279893588,"metadata":{"type":"opt-config-file"},"upload_type":"asset"},"type":"file_upload"}
{"payload":{"local_timestamp":1669279893588,"param":{"paramName":"val_conf_threshold","paramValue":0.001,"step":null}},"type":"parameter_msg"}
{"payload":{"local_timestamp":1669279893588,"param":{"paramName":"val_iou_threshold","paramValue":0.6,"step":null}},"type":"parameter_msg"}
{"payload":{"local_timestamp":1669279893588,"log_other":{"key":"comet_mode","val":"online"}},"type":"ws_msg"}
{"payload":{"local_timestamp":1669279893588,"log_other":{"key":"comet_max_image_uploads","val":100}},"type":"ws_msg"}
{"payload":{"local_timestamp":1669279893588,"log_other":{"key":"comet_log_per_class_metrics","val":false}},"type":"ws_msg"}
{"payload":{"local_timestamp":1669279893588,"log_other":{"key":"comet_log_batch_metrics","val":false}},"type":"ws_msg"}
{"payload":{"local_timestamp":1669279893588,"log_other":{"key":"comet_log_confusion_matrix","val":true}},"type":"ws_msg"}
{"payload":{"local_timestamp":1669279893588,"log_other":{"key":"comet_model_name","val":"yolov5"}},"type":"ws_msg"}
{"payload":{"local_timestamp":1669279893595,"stderr":true,"stdout":"Overriding model.yaml nc=80 with nc=6"},"type":"ws_msg"}
{"payload":{"local_timestamp":1669279893595,"stderr":true,"stdout":"\n"},"type":"ws_msg"}
{"payload":{"local_timestamp":1669279893595,"stderr":true,"stdout":"\n                 from  n    params  module                                  arguments                     "},"type":"ws_msg"}
{"payload":{"local_timestamp":1669279893595,"stderr":true,"stdout":"\n"},"type":"ws_msg"}
{"payload":{"local_timestamp":1669279893596,"stderr":true,"stdout":"  0                -1  1      3520  models.common.Conv                      [3, 32, 6, 2, 2]              "},"type":"ws_msg"}
{"payload":{"local_timestamp":1669279893596,"stderr":true,"stdout":"\n"},"type":"ws_msg"}
{"payload":{"local_timestamp":1669279893597,"stderr":true,"stdout":"  1                -1  1     13920  models.common.Conv                      [32, 48, 3, 2]                "},"type":"ws_msg"}
{"payload":{"local_timestamp":1669279893597,"stderr":true,"stdout":"\n"},"type":"ws_msg"}
{"payload":{"local_timestamp":1669279893598,"stderr":true,"stdout":"  2                -1  1     15264  models.common.GGhostRegNet              [<class 'models.common.GHOSTBottleneck'>, [1], [48], 0]"},"type":"ws_msg"}
{"payload":{"local_timestamp":1669279893598,"stderr":true,"stdout":"\n"},"type":"ws_msg"}
{"payload":{"local_timestamp":1669279893598,"stderr":true,"stdout":"  3                -1  1     41664  models.common.Conv                      [48, 96, 3, 2]                "},"type":"ws_msg"}
{"payload":{"local_timestamp":1669279893598,"stderr":true,"stdout":"\n"},"type":"ws_msg"}
{"payload":{"local_timestamp":1669279893601,"stderr":true,"stdout":"  4                -1  3    103608  models.common.GGhostRegNet              [<class 'models.common.GHOSTBottleneck'>, [1, 3], [96, 96], 1]"},"type":"ws_msg"}
{"payload":{"local_timestamp":1669279893601,"stderr":true,"stdout":"\n"},"type":"ws_msg"}
{"payload":{"local_timestamp":1669279893602,"stderr":true,"stdout":"  5                -1  1    207840  models.common.Conv                      [96, 240, 3, 2]               "},"type":"ws_msg"}
{"payload":{"local_timestamp":1669279893602,"stderr":true,"stdout":"\n"},"type":"ws_msg"}
{"payload":{"local_timestamp":1669279893609,"stderr":true,"stdout":"  6                -1  5    571464  models.common.GGhostRegNet              [<class 'models.common.GHOSTBottleneck'>, [1, 3, 5], [96, 240, 240], 2]"},"type":"ws_msg"}
{"payload":{"local_timestamp":1669279893609,"stderr":true,"stdout":"\n"},"type":"ws_msg"}
{"payload":{"local_timestamp":1669279893613,"stderr":true,"stdout":"  7                -1  1   1141536  models.common.Conv                      [240, 528, 3, 2]              "},"type":"ws_msg"}
{"payload":{"local_timestamp":1669279893613,"stderr":true,"stdout":"\n"},"type":"ws_msg"}
{"payload":{"local_timestamp":1669279893636,"stderr":true,"stdout":"  8                -1  7   2843784  models.common.GGhostRegNet              [<class 'models.common.GHOSTBottleneck'>, [1, 3, 5, 7], [96, 240, 528, 528], 3]"},"type":"ws_msg"}
{"payload":{"local_timestamp":1669279893636,"stderr":true,"stdout":"\n"},"type":"ws_msg"}
{"payload":{"local_timestamp":1669279893639,"stderr":true,"stdout":"  9                -1  1    681616  models.common.SPPF                      [528, 512, 5]                 "},"type":"ws_msg"}
{"payload":{"local_timestamp":1669279893639,"stderr":true,"stdout":"\n"},"type":"ws_msg"}
{"payload":{"local_timestamp":1669279893639,"stderr":true,"stdout":" 10                -1  1    131584  models.common.Conv                      [512, 256, 1, 1]              "},"type":"ws_msg"}
{"payload":{"local_timestamp":1669279893640,"stderr":true,"stdout":"\n"},"type":"ws_msg"}
{"payload":{"local_timestamp":1669279893640,"stderr":true,"stdout":" 11                -1  1         0  torch.nn.modules.upsampling.Upsample    [None, 2, 'nearest']          "},"type":"ws_msg"}
{"payload":{"local_timestamp":1669279893640,"stderr":true,"stdout":"\n"},"type":"ws_msg"}
{"payload":{"local_timestamp":1669279893640,"stderr":true,"stdout":" 12           [-1, 6]  1         0  models.common.Concat                    [1]                           "},"type":"ws_msg"}
{"payload":{"local_timestamp":1669279893640,"stderr":true,"stdout":"\n"},"type":"ws_msg"}
{"payload":{"local_timestamp":1669279893642,"stderr":true,"stdout":" 13                -1  1    357888  models.common.C3                        [496, 256, 1, False]          "},"type":"ws_msg"}
{"payload":{"local_timestamp":1669279893642,"stderr":true,"stdout":"\n"},"type":"ws_msg"}
{"payload":{"local_timestamp":1669279893642,"stderr":true,"stdout":" 14                -1  1     33024  models.common.Conv                      [256, 128, 1, 1]              "},"type":"ws_msg"}
{"payload":{"local_timestamp":1669279893642,"stderr":true,"stdout":"\n"},"type":"ws_msg"}
{"payload":{"local_timestamp":1669279893642,"stderr":true,"stdout":" 15                -1  1         0  torch.nn.modules.upsampling.Upsample    [None, 2, 'nearest']          "},"type":"ws_msg"}
{"payload":{"local_timestamp":1669279893642,"stderr":true,"stdout":"\n"},"type":"ws_msg"}
{"payload":{"local_timestamp":1669279893642,"stderr":true,"stdout":" 16           [-1, 4]  1         0  models.common.Concat                    [1]                           "},"type":"ws_msg"}
{"payload":{"local_timestamp":1669279893643,"stderr":true,"stdout":"\n"},"type":"ws_msg"}
{"payload":{"local_timestamp":1669279893644,"stderr":true,"stdout":" 17                -1  1     86784  models.common.C3                        [224, 128, 1, False]          "},"type":"ws_msg"}
{"payload":{"local_timestamp":1669279893644,"stderr":true,"stdout":"\n"},"type":"ws_msg"}
{"payload":{"local_timestamp":1669279893644,"stderr":true,"stdout":" 18                -1  1    147712  models.common.Conv                      [128, 128, 3, 2]              "},"type":"ws_msg"}
{"payload":{"local_timestamp":1669279893644,"stderr":true,"stdout":"\n"},"type":"ws_msg"}
{"payload":{"local_timestamp":1669279893644,"stderr":true,"stdout":" 19          [-1, 14]  1         0  models.common.Concat                    [1]                           "},"type":"ws_msg"}
{"payload":{"local_timestamp":1669279893644,"stderr":true,"stdout":"\n"},"type":"ws_msg"}
{"payload":{"local_timestamp":1669279893647,"stderr":true,"stdout":" 20                -1  1    296448  models.common.C3                        [256, 256, 1, False]          "},"type":"ws_msg"}
{"payload":{"local_timestamp":1669279893647,"stderr":true,"stdout":"\n"},"type":"ws_msg"}
{"payload":{"local_timestamp":1669279893649,"stderr":true,"stdout":" 21                -1  1    590336  models.common.Conv                      [256, 256, 3, 2]              "},"type":"ws_msg"}
{"payload":{"local_timestamp":1669279893649,"stderr":true,"stdout":"\n"},"type":"ws_msg"}
{"payload":{"local_timestamp":1669279893649,"stderr":true,"stdout":" 22          [-1, 10]  1         0  models.common.Concat                    [1]                           "},"type":"ws_msg"}
{"payload":{"local_timestamp":1669279893649,"stderr":true,"stdout":"\n"},"type":"ws_msg"}
{"payload":{"local_timestamp":1669279893654,"stderr":true,"stdout":" 23                -1  1   1182720  models.common.C3                        [512, 512, 1, False]          "},"type":"ws_msg"}
{"payload":{"local_timestamp":1669279893654,"stderr":true,"stdout":"\n"},"type":"ws_msg"}
{"payload":{"local_timestamp":1669279893654,"stderr":true,"stdout":" 24      [17, 20, 23]  1     29667  models.yolo.Detect                      [6, [[10, 13, 16, 30, 33, 23], [30, 61, 62, 45, 59, 119], [116, 90, 156, 198, 373, 326]], [128, 256, 512]]"},"type":"ws_msg"}
{"payload":{"local_timestamp":1669279893654,"stderr":true,"stdout":"\n"},"type":"ws_msg"}
{"payload":{"local_timestamp":1669279893834,"stderr":true,"stdout":"YOLOv5-Ghostv2 summary: 299 layers, 8480379 parameters, 8480379 gradients, 30.9 GFLOPs"},"type":"ws_msg"}
{"payload":{"local_timestamp":1669279893834,"stderr":true,"stdout":"\n"},"type":"ws_msg"}
{"payload":{"local_timestamp":1669279893834,"stderr":true,"stdout":"\n"},"type":"ws_msg"}
{"payload":{"local_timestamp":1669279894542,"stderr":true,"stdout":"COMET WARNING: Unknown error exporting current conda environment"},"type":"ws_msg"}
{"payload":{"local_timestamp":1669279894542,"stderr":true,"stdout":"\n"},"type":"ws_msg"}
{"payload":{"additional_params":{"assetId":"c444a62d44c349a0986dff1b711165dc","context":null,"epoch":null,"extension":"txt","fileName":"conda-spec.txt","overwrite":false,"runId":null,"step":null,"type":"conda-specification"},"clean":true,"file_path":"tmpe5bxzfcz","local_timestamp":1669279894792,"metadata":{},"upload_type":"conda-specification"},"type":"file_upload"}
{"payload":{"additional_params":{"assetId":"e50f4b909bd84680b621aa201d504162","context":null,"epoch":null,"extension":"yml","fileName":"conda-info.yml","overwrite":false,"runId":null,"step":null,"type":"conda-info"},"clean":true,"file_path":"tmp3v3slsts","local_timestamp":1669279895097,"metadata":{},"upload_type":"conda-info"},"type":"file_upload"}
{"payload":{"local_timestamp":1669279895873,"stderr":true,"stdout":"\u001b[34m\u001b[1mAMP: \u001b[0mchecks passed "},"type":"ws_msg"}
{"payload":{"local_timestamp":1669279895873,"stderr":true,"stdout":"\n"},"type":"ws_msg"}
{"payload":{"local_timestamp":1669279895874,"stderr":true,"stdout":"\u001b[34m\u001b[1moptimizer:\u001b[0m SGD(lr=0.01) with parameter groups 88 weight(decay=0.0), 91 weight(decay=0.0005), 91 bias"},"type":"ws_msg"}
{"payload":{"local_timestamp":1669279895874,"stderr":true,"stdout":"\n"},"type":"ws_msg"}
{"payload":{"local_timestamp":1669279895921,"stderr":true,"stdout":"\r\u001b[34m\u001b[1mtrain: \u001b[0mScanning 'C:\\DATA\\NEU\\labels\\train' images and labels...:   0%|          | 0/1440 [00:00<?, ?it/s]"},"type":"ws_msg"}
{"payload":{"local_timestamp":1669279898227,"stderr":true,"stdout":"\r\u001b[34m\u001b[1mtrain: \u001b[0mScanning 'C:\\DATA\\NEU\\labels\\train' images and labels...1 found, 0 missing, 0 empty, 0 corrupt:   0%|          | 1/1440 [00:02<55:17,  2.31s/it]"},"type":"ws_msg"}
{"payload":{"local_timestamp":1669279898327,"stderr":true,"stdout":"\r\u001b[34m\u001b[1mtrain: \u001b[0mScanning 'C:\\DATA\\NEU\\labels\\train' images and labels...703 found, 0 missing, 0 empty, 0 corrupt:  49%|\u2588\u2588\u2588\u2588\u2589     | 703/1440 [00:02<00:01, 409.87it/s]"},"type":"ws_msg"}
{"payload":{"local_timestamp":1669279898376,"stderr":true,"stdout":"\r\u001b[34m\u001b[1mtrain: \u001b[0mScanning 'C:\\DATA\\NEU\\labels\\train' images and labels...1440 found, 0 missing, 0 empty, 0 corrupt: 100%|\u2588\u2588\u2588\u2588\u2588\u2588\u2588\u2588\u2588\u2588| 1440/1440 [00:02<00:00, 586.56it/s]"},"type":"ws_msg"}
{"payload":{"local_timestamp":1669279898376,"stderr":true,"stdout":"\n"},"type":"ws_msg"}
{"payload":{"local_timestamp":1669279898536,"stderr":true,"stdout":"\u001b[34m\u001b[1mtrain: \u001b[0mWARNING  C:\\DATA\\NEU\\images\\train\\patches_198.jpg: 1 duplicate labels removed"},"type":"ws_msg"}
{"payload":{"local_timestamp":1669279898536,"stderr":true,"stdout":"\n"},"type":"ws_msg"}
{"payload":{"local_timestamp":1669279898623,"stderr":true,"stdout":"\u001b[34m\u001b[1mtrain: \u001b[0mWARNING  Cache directory C:\\DATA\\NEU\\labels is not writeable: [WinError 183] : 'C:\\\\DATA\\\\NEU\\\\labels\\\\train.cache.npy' -> 'C:\\\\DATA\\\\NEU\\\\labels\\\\train.cache'"},"type":"ws_msg"}
{"payload":{"local_timestamp":1669279898623,"stderr":true,"stdout":"\n"},"type":"ws_msg"}
{"payload":{"local_timestamp":1669279911816,"stderr":true,"stdout":"\r\u001b[34m\u001b[1mval: \u001b[0mScanning 'C:\\DATA\\NEU\\labels\\val' images and labels...:   0%|          | 0/180 [00:00<?, ?it/s]"},"type":"ws_msg"}
{"payload":{"local_timestamp":1669279914191,"stderr":true,"stdout":"\r\u001b[34m\u001b[1mval: \u001b[0mScanning 'C:\\DATA\\NEU\\labels\\val' images and labels...1 found, 0 missing, 0 empty, 0 corrupt:   1%|          | 1/180 [00:02<07:05,  2.38s/it]"},"type":"ws_msg"}
{"payload":{"local_timestamp":1669279914242,"stderr":true,"stdout":"\r\u001b[34m\u001b[1mval: \u001b[0mScanning 'C:\\DATA\\NEU\\labels\\val' images and labels...180 found, 0 missing, 0 empty, 0 corrupt: 100%|\u2588\u2588\u2588\u2588\u2588\u2588\u2588\u2588\u2588\u2588| 180/180 [00:02<00:00, 74.18it/s]"},"type":"ws_msg"}
{"payload":{"local_timestamp":1669279914242,"stderr":true,"stdout":"\n"},"type":"ws_msg"}
{"payload":{"local_timestamp":1669279914314,"stderr":true,"stdout":"\u001b[34m\u001b[1mval: \u001b[0mWARNING  C:\\DATA\\NEU\\images\\val\\inclusion_62.jpg: 1 duplicate labels removed"},"type":"ws_msg"}
{"payload":{"local_timestamp":1669279914314,"stderr":true,"stdout":"\n"},"type":"ws_msg"}
{"payload":{"local_timestamp":1669279914325,"stderr":true,"stdout":"\u001b[34m\u001b[1mval: \u001b[0mWARNING  Cache directory C:\\DATA\\NEU\\labels is not writeable: [WinError 183] : 'C:\\\\DATA\\\\NEU\\\\labels\\\\val.cache.npy' -> 'C:\\\\DATA\\\\NEU\\\\labels\\\\val.cache'"},"type":"ws_msg"}
{"payload":{"local_timestamp":1669279914326,"stderr":true,"stdout":"\n"},"type":"ws_msg"}
{"payload":{"local_timestamp":1669279933782,"stderr":true,"stdout":"\n\u001b[34m\u001b[1mAutoAnchor: \u001b[0m4.90 anchors/target, 1.000 Best Possible Recall (BPR). Current anchors are a good fit to dataset "},"type":"ws_msg"}
{"payload":{"local_timestamp":1669279933782,"stderr":true,"stdout":"\n"},"type":"ws_msg"}
{"payload":{"local_timestamp":1669279933830,"stderr":true,"stdout":"Plotting labels to runs\\train\\exp7\\labels.jpg... "},"type":"ws_msg"}
{"payload":{"local_timestamp":1669279933830,"stderr":true,"stdout":"\n"},"type":"ws_msg"}
{"payload":{"additional_params":{"assetId":"f08d3862ee304fe58e2f07cd3a827405","context":null,"extension":"jpg","fileName":"labels.jpg","overwrite":false,"runId":null,"step":null},"clean":true,"file_path":"tmpiezw8g6f","local_timestamp":1669279935449,"metadata":{},"upload_type":"asset"},"type":"file_upload"}
{"payload":{"additional_params":{"assetId":"3d99b1bd54d44a328078c42681c5cf7d","context":null,"extension":"jpg","fileName":"labels_correlogram.jpg","overwrite":false,"runId":null,"step":null},"clean":true,"file_path":"tmpcgisnig7","local_timestamp":1669279935450,"metadata":{},"upload_type":"asset"},"type":"file_upload"}
{"payload":{"local_timestamp":1669279935452,"param":{"paramName":"cls","paramValue":0.0375,"step":null}},"type":"parameter_msg"}
{"payload":{"local_timestamp":1669279935452,"param":{"paramName":"obj","paramValue":0.12249999999999998,"step":null}},"type":"parameter_msg"}
{"payload":{"local_timestamp":1669279935452,"stderr":true,"stdout":"Image sizes 224 train, 224 val\nUsing 8 dataloader workers\nLogging results to \u001b[1mruns\\train\\exp7\u001b[0m\nStarting training for 200 epochs..."},"type":"ws_msg"}
{"payload":{"local_timestamp":1669279935452,"stderr":true,"stdout":"\n"},"type":"ws_msg"}
{"payload":{"local_timestamp":1669279935453,"stderr":true,"stdout":"\n      Epoch    GPU_mem   box_loss   obj_loss   cls_loss  Instances       Size"},"type":"ws_msg"}
{"payload":{"local_timestamp":1669279935453,"stderr":true,"stdout":"\n"},"type":"ws_msg"}
{"payload":{"local_timestamp":1669279935453,"stderr":true,"stdout":"\r  0%|          | 0/90 [00:00<?, ?it/s]"},"type":"ws_msg"}
{"payload":{"local_timestamp":1669279935902,"stderr":true,"stdout":"\r      0/199     0.432G     0.1079    0.02843    0.05302         82        224:   0%|          | 0/90 [00:00<?, ?it/s]"},"type":"ws_msg"}
{"payload":{"local_timestamp":1669279936200,"stderr":true,"stdout":"WARNING  TensorBoard graph visualization failure Expected more than 1 value per channel when training, got input size torch.Size([1, 60, 1, 1])"},"type":"ws_msg"}
{"payload":{"local_timestamp":1669279936200,"stderr":true,"stdout":"\n"},"type":"ws_msg"}
{"payload":{"local_timestamp":1669279936202,"stderr":true,"stdout":"\r      0/199     0.432G     0.1079    0.02843    0.05302         82        224:   1%|          | 1/90 [00:00<01:06,  1.34it/s]"},"type":"ws_msg"}
{"payload":{"local_timestamp":1669279936286,"stderr":true,"stdout":"\r      0/199     0.468G     0.1086    0.02435    0.05337         62        224:   1%|          | 1/90 [00:00<01:06,  1.34it/s]"},"type":"ws_msg"}
{"payload":{"local_timestamp":1669279936371,"stderr":true,"stdout":"\r      0/199     0.468G     0.1087    0.02213     0.0532         50        224:   1%|          | 1/90 [00:00<01:06,  1.34it/s]"},"type":"ws_msg"}
{"payload":{"local_timestamp":1669279936372,"stderr":true,"stdout":"\r      0/199     0.468G     0.1087    0.02213     0.0532         50        224:   3%|\u258e         | 3/90 [00:00<00:22,  3.89it/s]"},"type":"ws_msg"}
{"payload":{"local_timestamp":1669279936457,"stderr":true,"stdout":"\r      0/199     0.505G     0.1085     0.0223    0.05321         62        224:   3%|\u258e         | 3/90 [00:01<00:22,  3.89it/s]"},"type":"ws_msg"}
{"payload":{"local_timestamp":1669279936539,"stderr":true,"stdout":"\r      0/199     0.505G     0.1086    0.02344    0.05322         80        224:   3%|\u258e         | 3/90 [00:01<00:22,  3.89it/s]"},"type":"ws_msg"}
{"payload":{"local_timestamp":1669279936540,"stderr":true,"stdout":"\r      0/199     0.505G     0.1086    0.02344    0.05322         80        224:   6%|\u258c         | 5/90 [00:01<00:14,  5.96it/s]"},"type":"ws_msg"}
{"payload":{"local_timestamp":1669279936622,"stderr":true,"stdout":"\r      0/199     0.505G     0.1085    0.02427    0.05321         83        224:   6%|\u258c         | 5/90 [00:01<00:14,  5.96it/s]"},"type":"ws_msg"}
{"payload":{"local_timestamp":1669279936704,"stderr":true,"stdout":"\r      0/199     0.505G     0.1084    0.02412     0.0532         68        224:   6%|\u258c         | 5/90 [00:01<00:14,  5.96it/s]"},"type":"ws_msg"}
{"payload":{"local_timestamp":1669279936704,"stderr":true,"stdout":"\r      0/199     0.505G     0.1084    0.02412     0.0532         68        224:   8%|\u258a         | 7/90 [00:01<00:10,  7.60it/s]"},"type":"ws_msg"}
{"payload":{"local_timestamp":1669279936786,"stderr":true,"stdout":"\r      0/199     0.505G     0.1085    0.02385    0.05321         62        224:   8%|\u258a         | 7/90 [00:01<00:10,  7.60it/s]"},"type":"ws_msg"}
{"payload":{"local_timestamp":1669279936867,"stderr":true,"stdout":"\r      0/199     0.505G     0.1085    0.02387    0.05324         65        224:   8%|\u258a         | 7/90 [00:01<00:10,  7.60it/s]"},"type":"ws_msg"}
{"payload":{"local_timestamp":1669279936867,"stderr":true,"stdout":"\r      0/199     0.505G     0.1085    0.02387    0.05324         65        224:  10%|\u2588         | 9/90 [00:01<00:09,  8.87it/s]"},"type":"ws_msg"}
{"payload":{"local_timestamp":1669279936948,"stderr":true,"stdout":"\r      0/199     0.505G     0.1085    0.02445     0.0532         81        224:  10%|\u2588         | 9/90 [00:01<00:09,  8.87it/s]"},"type":"ws_msg"}
{"payload":{"local_timestamp":1669279937029,"stderr":true,"stdout":"\r      0/199     0.505G     0.1084    0.02471     0.0532         73        224:  10%|\u2588         | 9/90 [00:01<00:09,  8.87it/s]"},"type":"ws_msg"}
{"payload":{"local_timestamp":1669279937030,"stderr":true,"stdout":"\r      0/199     0.505G     0.1084    0.02471     0.0532         73        224:  12%|\u2588\u258f        | 11/90 [00:01<00:08,  9.82it/s]"},"type":"ws_msg"}
{"payload":{"local_timestamp":1669279937111,"stderr":true,"stdout":"\r      0/199     0.505G     0.1084    0.02479    0.05322         68        224:  12%|\u2588\u258f        | 11/90 [00:01<00:08,  9.82it/s]"},"type":"ws_msg"}
{"payload":{"local_timestamp":1669279937194,"stderr":true,"stdout":"\r      0/199     0.505G     0.1082    0.02479    0.05319         65        224:  12%|\u2588\u258f        | 11/90 [00:01<00:08,  9.82it/s]"},"type":"ws_msg"}
{"payload":{"local_timestamp":1669279937194,"stderr":true,"stdout":"\r      0/199     0.505G     0.1082    0.02479    0.05319         65        224:  14%|\u2588\u258d        | 13/90 [00:01<00:07, 10.50it/s]"},"type":"ws_msg"}
{"payload":{"local_timestamp":1669279937278,"stderr":true,"stdout":"\r      0/199     0.505G      0.108    0.02499    0.05317         68        224:  14%|\u2588\u258d        | 13/90 [00:01<00:07, 10.50it/s]"},"type":"ws_msg"}
{"payload":{"local_timestamp":1669279937360,"stderr":true,"stdout":"\r      0/199     0.505G     0.1082    0.02495    0.05323         74        224:  14%|\u2588\u258d        | 13/90 [00:01<00:07, 10.50it/s]"},"type":"ws_msg"}
{"payload":{"local_timestamp":1669279937360,"stderr":true,"stdout":"\r      0/199     0.505G     0.1082    0.02495    0.05323         74        224:  17%|\u2588\u258b        | 15/90 [00:01<00:06, 10.96it/s]"},"type":"ws_msg"}
{"payload":{"local_timestamp":1669279937444,"stderr":true,"stdout":"\r      0/199     0.505G     0.1083    0.02491    0.05325         74        224:  17%|\u2588\u258b        | 15/90 [00:01<00:06, 10.96it/s]"},"type":"ws_msg"}
{"payload":{"local_timestamp":1669279937523,"stderr":true,"stdout":"\r      0/199     0.505G     0.1084     0.0247     0.0533         56        224:  17%|\u2588\u258b        | 15/90 [00:02<00:06, 10.96it/s]"},"type":"ws_msg"}
{"payload":{"local_timestamp":1669279937523,"stderr":true,"stdout":"\r      0/199     0.505G     0.1084     0.0247     0.0533         56        224:  19%|\u2588\u2589        | 17/90 [00:02<00:06, 11.32it/s]"},"type":"ws_msg"}
{"payload":{"local_timestamp":1669279937605,"stderr":true,"stdout":"\r      0/199     0.505G     0.1084    0.02449     0.0533         58        224:  19%|\u2588\u2589        | 17/90 [00:02<00:06, 11.32it/s]"},"type":"ws_msg"}
{"payload":{"local_timestamp":1669279937685,"stderr":true,"stdout":"\r      0/199     0.505G     0.1084    0.02417    0.05333         48        224:  19%|\u2588\u2589        | 17/90 [00:02<00:06, 11.32it/s]"},"type":"ws_msg"}
{"payload":{"local_timestamp":1669279937686,"stderr":true,"stdout":"\r      0/199     0.505G     0.1084    0.02417    0.05333         48        224:  21%|\u2588\u2588        | 19/90 [00:02<00:06, 11.60it/s]"},"type":"ws_msg"}
{"payload":{"local_timestamp":1669279937767,"stderr":true,"stdout":"\r      0/199     0.505G     0.1084    0.02447    0.05337         88        224:  21%|\u2588\u2588        | 19/90 [00:02<00:06, 11.60it/s]"},"type":"ws_msg"}
{"payload":{"local_timestamp":1669279937848,"stderr":true,"stdout":"\r      0/199     0.505G     0.1084    0.02431    0.05334         59        224:  21%|\u2588\u2588        | 19/90 [00:02<00:06, 11.60it/s]"},"type":"ws_msg"}
{"payload":{"local_timestamp":1669279937848,"stderr":true,"stdout":"\r      0/199     0.505G     0.1084    0.02431    0.05334         59        224:  23%|\u2588\u2588\u258e       | 21/90 [00:02<00:05, 11.82it/s]"},"type":"ws_msg"}
{"payload":{"local_timestamp":1669279937930,"stderr":true,"stdout":"\r      0/199     0.505G     0.1084    0.02445    0.05333         76        224:  23%|\u2588\u2588\u258e       | 21/90 [00:02<00:05, 11.82it/s]"},"type":"ws_msg"}
{"payload":{"local_timestamp":1669279938012,"stderr":true,"stdout":"\r      0/199     0.505G     0.1083    0.02471    0.05332         81        224:  23%|\u2588\u2588\u258e       | 21/90 [00:02<00:05, 11.82it/s]"},"type":"ws_msg"}
{"payload":{"local_timestamp":1669279938012,"stderr":true,"stdout":"\r      0/199     0.505G     0.1083    0.02471    0.05332         81        224:  26%|\u2588\u2588\u258c       | 23/90 [00:02<00:05, 11.93it/s]"},"type":"ws_msg"}
{"payload":{"local_timestamp":1669279938094,"stderr":true,"stdout":"\r      0/199     0.505G     0.1083    0.02495    0.05332         85        224:  26%|\u2588\u2588\u258c       | 23/90 [00:02<00:05, 11.93it/s]"},"type":"ws_msg"}
{"payload":{"local_timestamp":1669279938176,"stderr":true,"stdout":"\r      0/199     0.505G     0.1082    0.02493     0.0533         66        224:  26%|\u2588\u2588\u258c       | 23/90 [00:02<00:05, 11.93it/s]"},"type":"ws_msg"}
{"payload":{"local_timestamp":1669279938176,"stderr":true,"stdout":"\r      0/199     0.505G     0.1082    0.02493     0.0533         66        224:  28%|\u2588\u2588\u258a       | 25/90 [00:02<00:05, 12.03it/s]"},"type":"ws_msg"}
{"payload":{"local_timestamp":1669279938259,"stderr":true,"stdout":"\r      0/199     0.505G     0.1081    0.02498    0.05331         71        224:  28%|\u2588\u2588\u258a       | 25/90 [00:02<00:05, 12.03it/s]"},"type":"ws_msg"}
{"payload":{"local_timestamp":1669279938337,"stderr":true,"stdout":"\r      0/199     0.505G     0.1081    0.02498    0.05331         68        224:  28%|\u2588\u2588\u258a       | 25/90 [00:02<00:05, 12.03it/s]"},"type":"ws_msg"}
{"payload":{"local_timestamp":1669279938338,"stderr":true,"stdout":"\r      0/199     0.505G     0.1081    0.02498    0.05331         68        224:  30%|\u2588\u2588\u2588       | 27/90 [00:02<00:05, 12.12it/s]"},"type":"ws_msg"}
{"payload":{"local_timestamp":1669279938421,"stderr":true,"stdout":"\r      0/199     0.505G      0.108    0.02507    0.05332         73        224:  30%|\u2588\u2588\u2588       | 27/90 [00:02<00:05, 12.12it/s]"},"type":"ws_msg"}
{"payload":{"local_timestamp":1669279938505,"stderr":true,"stdout":"\r      0/199     0.505G      0.108    0.02517    0.05335         75        224:  30%|\u2588\u2588\u2588       | 27/90 [00:03<00:05, 12.12it/s]"},"type":"ws_msg"}
{"payload":{"local_timestamp":1669279938505,"stderr":true,"stdout":"\r      0/199     0.505G      0.108    0.02517    0.05335         75        224:  32%|\u2588\u2588\u2588\u258f      | 29/90 [00:03<00:05, 12.08it/s]"},"type":"ws_msg"}
{"payload":{"local_timestamp":1669279938586,"stderr":true,"stdout":"\r      0/199     0.505G     0.1078    0.02532    0.05333         80        224:  32%|\u2588\u2588\u2588\u258f      | 29/90 [00:03<00:05, 12.08it/s]"},"type":"ws_msg"}
{"payload":{"local_timestamp":1669279938668,"stderr":true,"stdout":"\r      0/199     0.505G     0.1078     0.0255    0.05336         86        224:  32%|\u2588\u2588\u2588\u258f      | 29/90 [00:03<00:05, 12.08it/s]"},"type":"ws_msg"}
{"payload":{"local_timestamp":1669279938669,"stderr":true,"stdout":"\r      0/199     0.505G     0.1078     0.0255    0.05336         86        224:  34%|\u2588\u2588\u2588\u258d      | 31/90 [00:03<00:04, 12.13it/s]"},"type":"ws_msg"}
{"payload":{"local_timestamp":1669279938750,"stderr":true,"stdout":"\r      0/199     0.505G     0.1078    0.02556    0.05336         74        224:  34%|\u2588\u2588\u2588\u258d      | 31/90 [00:03<00:04, 12.13it/s]"},"type":"ws_msg"}
{"payload":{"local_timestamp":1669279938832,"stderr":true,"stdout":"\r      0/199     0.505G     0.1078    0.02563    0.05337         77        224:  34%|\u2588\u2588\u2588\u258d      | 31/90 [00:03<00:04, 12.13it/s]"},"type":"ws_msg"}
{"payload":{"local_timestamp":1669279938832,"stderr":true,"stdout":"\r      0/199     0.505G     0.1078    0.02563    0.05337         77        224:  37%|\u2588\u2588\u2588\u258b      | 33/90 [00:03<00:04, 12.15it/s]"},"type":"ws_msg"}
{"payload":{"local_timestamp":1669279938915,"stderr":true,"stdout":"\r      0/199     0.505G     0.1077    0.02563    0.05338         74        224:  37%|\u2588\u2588\u2588\u258b      | 33/90 [00:03<00:04, 12.15it/s]"},"type":"ws_msg"}
{"payload":{"local_timestamp":1669279938997,"stderr":true,"stdout":"\r      0/199     0.505G     0.1077    0.02555    0.05338         64        224:  37%|\u2588\u2588\u2588\u258b      | 33/90 [00:03<00:04, 12.15it/s]"},"type":"ws_msg"}
{"payload":{"local_timestamp":1669279938997,"stderr":true,"stdout":"\r      0/199     0.505G     0.1077    0.02555    0.05338         64        224:  39%|\u2588\u2588\u2588\u2589      | 35/90 [00:03<00:04, 12.13it/s]"},"type":"ws_msg"}
{"payload":{"local_timestamp":1669279939082,"stderr":true,"stdout":"\r      0/199     0.505G     0.1076    0.02549    0.05337         66        224:  39%|\u2588\u2588\u2588\u2589      | 35/90 [00:03<00:04, 12.13it/s]"},"type":"ws_msg"}
{"payload":{"local_timestamp":1669279939165,"stderr":true,"stdout":"\r      0/199     0.505G     0.1076    0.02541    0.05337         59        224:  39%|\u2588\u2588\u2588\u2589      | 35/90 [00:03<00:04, 12.13it/s]"},"type":"ws_msg"}
{"payload":{"local_timestamp":1669279939165,"stderr":true,"stdout":"\r      0/199     0.505G     0.1076    0.02541    0.05337         59        224:  41%|\u2588\u2588\u2588\u2588      | 37/90 [00:03<00:04, 12.06it/s]"},"type":"ws_msg"}
{"payload":{"local_timestamp":1669279939252,"stderr":true,"stdout":"\r      0/199     0.505G     0.1075    0.02543    0.05338         72        224:  41%|\u2588\u2588\u2588\u2588      | 37/90 [00:03<00:04, 12.06it/s]"},"type":"ws_msg"}
{"payload":{"local_timestamp":1669279939336,"stderr":true,"stdout":"\r      0/199     0.505G     0.1074    0.02543    0.05336         67        224:  41%|\u2588\u2588\u2588\u2588      | 37/90 [00:03<00:04, 12.06it/s]"},"type":"ws_msg"}
{"payload":{"local_timestamp":1669279939337,"stderr":true,"stdout":"\r      0/199     0.505G     0.1074    0.02543    0.05336         67        224:  43%|\u2588\u2588\u2588\u2588\u258e     | 39/90 [00:03<00:04, 11.95it/s]"},"type":"ws_msg"}
{"payload":{"local_timestamp":1669279939421,"stderr":true,"stdout":"\r      0/199     0.505G     0.1074    0.02534    0.05337         62        224:  43%|\u2588\u2588\u2588\u2588\u258e     | 39/90 [00:03<00:04, 11.95it/s]"},"type":"ws_msg"}
{"payload":{"local_timestamp":1669279939504,"stderr":true,"stdout":"\r      0/199     0.505G     0.1074    0.02549    0.05335         90        224:  43%|\u2588\u2588\u2588\u2588\u258e     | 39/90 [00:04<00:04, 11.95it/s]"},"type":"ws_msg"}
{"payload":{"local_timestamp":1669279939504,"stderr":true,"stdout":"\r      0/199     0.505G     0.1074    0.02549    0.05335         90        224:  46%|\u2588\u2588\u2588\u2588\u258c     | 41/90 [00:04<00:04, 11.93it/s]"},"type":"ws_msg"}
{"payload":{"local_timestamp":1669279939589,"stderr":true,"stdout":"\r      0/199     0.505G     0.1073    0.02555    0.05334         70        224:  46%|\u2588\u2588\u2588\u2588\u258c     | 41/90 [00:04<00:04, 11.93it/s]"},"type":"ws_msg"}
{"payload":{"local_timestamp":1669279939676,"stderr":true,"stdout":"\r      0/199     0.505G     0.1073    0.02553    0.05333         68        224:  46%|\u2588\u2588\u2588\u2588\u258c     | 41/90 [00:04<00:04, 11.93it/s]"},"type":"ws_msg"}
{"payload":{"local_timestamp":1669279939676,"stderr":true,"stdout":"\r      0/199     0.505G     0.1073    0.02553    0.05333         68        224:  48%|\u2588\u2588\u2588\u2588\u258a     | 43/90 [00:04<00:03, 11.85it/s]"},"type":"ws_msg"}
{"payload":{"local_timestamp":1669279939763,"stderr":true,"stdout":"\r      0/199     0.505G     0.1072    0.02545    0.05331         65        224:  48%|\u2588\u2588\u2588\u2588\u258a     | 43/90 [00:04<00:03, 11.85it/s]"},"type":"ws_msg"}
{"payload":{"local_timestamp":1669279939854,"stderr":true,"stdout":"\r      0/199     0.505G     0.1073    0.02544    0.05333         74        224:  48%|\u2588\u2588\u2588\u2588\u258a     | 43/90 [00:04<00:03, 11.85it/s]"},"type":"ws_msg"}
{"payload":{"local_timestamp":1669279939854,"stderr":true,"stdout":"\r      0/199     0.505G     0.1073    0.02544    0.05333         74        224:  50%|\u2588\u2588\u2588\u2588\u2588     | 45/90 [00:04<00:03, 11.66it/s]"},"type":"ws_msg"}
{"payload":{"local_timestamp":1669279939925,"stderr":true,"stdout":"\r      0/199     0.505G     0.1072    0.02535    0.05332         59        224:  50%|\u2588\u2588\u2588\u2588\u2588     | 45/90 [00:04<00:03, 11.66it/s]"},"type":"ws_msg"}
{"payload":{"local_timestamp":1669279940012,"stderr":true,"stdout":"\r      0/199     0.505G     0.1072    0.02546    0.05332         82        224:  50%|\u2588\u2588\u2588\u2588\u2588     | 45/90 [00:04<00:03, 11.66it/s]"},"type":"ws_msg"}
{"payload":{"local_timestamp":1669279940013,"stderr":true,"stdout":"\r      0/199     0.505G     0.1072    0.02546    0.05332         82        224:  52%|\u2588\u2588\u2588\u2588\u2588\u258f    | 47/90 [00:04<00:03, 11.94it/s]"},"type":"ws_msg"}
{"payload":{"local_timestamp":1669279940085,"stderr":true,"stdout":"\r      0/199     0.505G     0.1071    0.02544    0.05331         63        224:  52%|\u2588\u2588\u2588\u2588\u2588\u258f    | 47/90 [00:04<00:03, 11.94it/s]"},"type":"ws_msg"}
{"payload":{"local_timestamp":1669279940176,"stderr":true,"stdout":"\r      0/199     0.505G     0.1071    0.02556    0.05331         83        224:  52%|\u2588\u2588\u2588\u2588\u2588\u258f    | 47/90 [00:04<00:03, 11.94it/s]"},"type":"ws_msg"}
{"payload":{"local_timestamp":1669279940176,"stderr":true,"stdout":"\r      0/199     0.505G     0.1071    0.02556    0.05331         83        224:  54%|\u2588\u2588\u2588\u2588\u2588\u258d    | 49/90 [00:04<00:03, 12.01it/s]"},"type":"ws_msg"}
{"payload":{"local_timestamp":1669279940248,"stderr":true,"stdout":"\r      0/199     0.505G     0.1071    0.02559    0.05331         71        224:  54%|\u2588\u2588\u2588\u2588\u2588\u258d    | 49/90 [00:04<00:03, 12.01it/s]"},"type":"ws_msg"}
{"payload":{"local_timestamp":1669279940333,"stderr":true,"stdout":"\r      0/199     0.505G      0.107    0.02547     0.0533         52        224:  54%|\u2588\u2588\u2588\u2588\u2588\u258d    | 49/90 [00:04<00:03, 12.01it/s]"},"type":"ws_msg"}
{"payload":{"local_timestamp":1669279940333,"stderr":true,"stdout":"\r      0/199     0.505G      0.107    0.02547     0.0533         52        224:  57%|\u2588\u2588\u2588\u2588\u2588\u258b    | 51/90 [00:04<00:03, 12.23it/s]"},"type":"ws_msg"}
{"payload":{"local_timestamp":1669279940403,"stderr":true,"stdout":"\r      0/199     0.505G      0.107    0.02544    0.05329         59        224:  57%|\u2588\u2588\u2588\u2588\u2588\u258b    | 51/90 [00:04<00:03, 12.23it/s]"},"type":"ws_msg"}
{"payload":{"local_timestamp":1669279940492,"stderr":true,"stdout":"\r      0/199     0.505G     0.1069    0.02545    0.05328         63        224:  57%|\u2588\u2588\u2588\u2588\u2588\u258b    | 51/90 [00:05<00:03, 12.23it/s]"},"type":"ws_msg"}
{"payload":{"local_timestamp":1669279940493,"stderr":true,"stdout":"\r      0/199     0.505G     0.1069    0.02545    0.05328         63        224:  59%|\u2588\u2588\u2588\u2588\u2588\u2589    | 53/90 [00:05<00:03, 12.30it/s]"},"type":"ws_msg"}
{"payload":{"local_timestamp":1669279940564,"stderr":true,"stdout":"\r      0/199     0.505G     0.1069    0.02551    0.05327         77        224:  59%|\u2588\u2588\u2588\u2588\u2588\u2589    | 53/90 [00:05<00:03, 12.30it/s]"},"type":"ws_msg"}
{"payload":{"local_timestamp":1669279940653,"stderr":true,"stdout":"\r      0/199     0.505G     0.1068    0.02554    0.05327         79        224:  59%|\u2588\u2588\u2588\u2588\u2588\u2589    | 53/90 [00:05<00:03, 12.30it/s]"},"type":"ws_msg"}
{"payload":{"local_timestamp":1669279940653,"stderr":true,"stdout":"\r      0/199     0.505G     0.1068    0.02554    0.05327         79        224:  61%|\u2588\u2588\u2588\u2588\u2588\u2588    | 55/90 [00:05<00:02, 12.37it/s]"},"type":"ws_msg"}
{"payload":{"local_timestamp":1669279940723,"stderr":true,"stdout":"\r      0/199     0.505G     0.1068    0.02548    0.05327         62        224:  61%|\u2588\u2588\u2588\u2588\u2588\u2588    | 55/90 [00:05<00:02, 12.37it/s]"},"type":"ws_msg"}
{"payload":{"local_timestamp":1669279940809,"stderr":true,"stdout":"\r      0/199     0.505G     0.1068    0.02541    0.05327         53        224:  61%|\u2588\u2588\u2588\u2588\u2588\u2588    | 55/90 [00:05<00:02, 12.37it/s]"},"type":"ws_msg"}
{"payload":{"local_timestamp":1669279940809,"stderr":true,"stdout":"\r      0/199     0.505G     0.1068    0.02541    0.05327         53        224:  63%|\u2588\u2588\u2588\u2588\u2588\u2588\u258e   | 57/90 [00:05<00:02, 12.50it/s]"},"type":"ws_msg"}
{"payload":{"local_timestamp":1669279940880,"stderr":true,"stdout":"\r      0/199     0.505G     0.1068    0.02544    0.05327         79        224:  63%|\u2588\u2588\u2588\u2588\u2588\u2588\u258e   | 57/90 [00:05<00:02, 12.50it/s]"},"type":"ws_msg"}
{"payload":{"local_timestamp":1669279940970,"stderr":true,"stdout":"\r      0/199     0.505G     0.1068    0.02552    0.05327         79        224:  63%|\u2588\u2588\u2588\u2588\u2588\u2588\u258e   | 57/90 [00:05<00:02, 12.50it/s]"},"type":"ws_msg"}
{"payload":{"local_timestamp":1669279940970,"stderr":true,"stdout":"\r      0/199     0.505G     0.1068    0.02552    0.05327         79        224:  66%|\u2588\u2588\u2588\u2588\u2588\u2588\u258c   | 59/90 [00:05<00:02, 12.48it/s]"},"type":"ws_msg"}
{"payload":{"local_timestamp":1669279941042,"stderr":true,"stdout":"\r      0/199     0.505G     0.1067    0.02549    0.05326         66        224:  66%|\u2588\u2588\u2588\u2588\u2588\u2588\u258c   | 59/90 [00:05<00:02, 12.48it/s]"},"type":"ws_msg"}
{"payload":{"local_timestamp":1669279941127,"stderr":true,"stdout":"\r      0/199     0.505G     0.1067    0.02544    0.05325         60        224:  66%|\u2588\u2588\u2588\u2588\u2588\u2588\u258c   | 59/90 [00:05<00:02, 12.48it/s]"},"type":"ws_msg"}
{"payload":{"local_timestamp":1669279941127,"stderr":true,"stdout":"\r      0/199     0.505G     0.1067    0.02544    0.05325         60        224:  68%|\u2588\u2588\u2588\u2588\u2588\u2588\u258a   | 61/90 [00:05<00:02, 12.55it/s]"},"type":"ws_msg"}
{"payload":{"local_timestamp":1669279941193,"stderr":true,"stdout":"\r      0/199     0.505G     0.1066    0.02556    0.05325         86        224:  68%|\u2588\u2588\u2588\u2588\u2588\u2588\u258a   | 61/90 [00:05<00:02, 12.55it/s]"},"type":"ws_msg"}
{"payload":{"local_timestamp":1669279941283,"stderr":true,"stdout":"\r      0/199     0.505G     0.1066    0.02558    0.05325         72        224:  68%|\u2588\u2588\u2588\u2588\u2588\u2588\u258a   | 61/90 [00:05<00:02, 12.55it/s]"},"type":"ws_msg"}
{"payload":{"local_timestamp":1669279941283,"stderr":true,"stdout":"\r      0/199     0.505G     0.1066    0.02558    0.05325         72        224:  70%|\u2588\u2588\u2588\u2588\u2588\u2588\u2588   | 63/90 [00:05<00:02, 12.63it/s]"},"type":"ws_msg"}
{"payload":{"local_timestamp":1669279941355,"stderr":true,"stdout":"\r      0/199     0.505G     0.1065    0.02567    0.05324         85        224:  70%|\u2588\u2588\u2588\u2588\u2588\u2588\u2588   | 63/90 [00:05<00:02, 12.63it/s]"},"type":"ws_msg"}
{"payload":{"local_timestamp":1669279941445,"stderr":true,"stdout":"\r      0/199     0.505G     0.1065    0.02571    0.05324         71        224:  70%|\u2588\u2588\u2588\u2588\u2588\u2588\u2588   | 63/90 [00:05<00:02, 12.63it/s]"},"type":"ws_msg"}
{"payload":{"local_timestamp":1669279941445,"stderr":true,"stdout":"\r      0/199     0.505G     0.1065    0.02571    0.05324         71        224:  72%|\u2588\u2588\u2588\u2588\u2588\u2588\u2588\u258f  | 65/90 [00:05<00:01, 12.55it/s]"},"type":"ws_msg"}
{"payload":{"local_timestamp":1669279941513,"stderr":true,"stdout":"\r      0/199     0.505G     0.1064    0.02571    0.05323         67        224:  72%|\u2588\u2588\u2588\u2588\u2588\u2588\u2588\u258f  | 65/90 [00:06<00:01, 12.55it/s]"},"type":"ws_msg"}
{"payload":{"local_timestamp":1669279941594,"stderr":true,"stdout":"\r      0/199     0.505G     0.1064    0.02568    0.05323         55        224:  72%|\u2588\u2588\u2588\u2588\u2588\u2588\u2588\u258f  | 65/90 [00:06<00:01, 12.55it/s]"},"type":"ws_msg"}
{"payload":{"local_timestamp":1669279941595,"stderr":true,"stdout":"\r      0/199     0.505G     0.1064    0.02568    0.05323         55        224:  74%|\u2588\u2588\u2588\u2588\u2588\u2588\u2588\u258d  | 67/90 [00:06<00:01, 12.77it/s]"},"type":"ws_msg"}
{"payload":{"local_timestamp":1669279941663,"stderr":true,"stdout":"\r      0/199     0.505G     0.1063    0.02574    0.05323         73        224:  74%|\u2588\u2588\u2588\u2588\u2588\u2588\u2588\u258d  | 67/90 [00:06<00:01, 12.77it/s]"},"type":"ws_msg"}
{"payload":{"local_timestamp":1669279941745,"stderr":true,"stdout":"\r      0/199     0.505G     0.1063    0.02585    0.05322         87        224:  74%|\u2588\u2588\u2588\u2588\u2588\u2588\u2588\u258d  | 67/90 [00:06<00:01, 12.77it/s]"},"type":"ws_msg"}
{"payload":{"local_timestamp":1669279941746,"stderr":true,"stdout":"\r      0/199     0.505G     0.1063    0.02585    0.05322         87        224:  77%|\u2588\u2588\u2588\u2588\u2588\u2588\u2588\u258b  | 69/90 [00:06<00:01, 12.94it/s]"},"type":"ws_msg"}
{"payload":{"local_timestamp":1669279941811,"stderr":true,"stdout":"\r      0/199     0.505G     0.1063     0.0259    0.05321         71        224:  77%|\u2588\u2588\u2588\u2588\u2588\u2588\u2588\u258b  | 69/90 [00:06<00:01, 12.94it/s]"},"type":"ws_msg"}
{"payload":{"local_timestamp":1669279941894,"stderr":true,"stdout":"\r      0/199     0.505G     0.1063    0.02586    0.05321         58        224:  77%|\u2588\u2588\u2588\u2588\u2588\u2588\u2588\u258b  | 69/90 [00:06<00:01, 12.94it/s]"},"type":"ws_msg"}
{"payload":{"local_timestamp":1669279941894,"stderr":true,"stdout":"\r      0/199     0.505G     0.1063    0.02586    0.05321         58        224:  79%|\u2588\u2588\u2588\u2588\u2588\u2588\u2588\u2589  | 71/90 [00:06<00:01, 13.08it/s]"},"type":"ws_msg"}
{"payload":{"local_timestamp":1669279941960,"stderr":true,"stdout":"\r      0/199     0.505G     0.1062    0.02589     0.0532         75        224:  79%|\u2588\u2588\u2588\u2588\u2588\u2588\u2588\u2589  | 71/90 [00:06<00:01, 13.08it/s]"},"type":"ws_msg"}
{"payload":{"local_timestamp":1669279942043,"stderr":true,"stdout":"\r      0/199     0.505G     0.1062    0.02591     0.0532         74        224:  79%|\u2588\u2588\u2588\u2588\u2588\u2588\u2588\u2589  | 71/90 [00:06<00:01, 13.08it/s]"},"type":"ws_msg"}
{"payload":{"local_timestamp":1669279942043,"stderr":true,"stdout":"\r      0/199     0.505G     0.1062    0.02591     0.0532         74        224:  81%|\u2588\u2588\u2588\u2588\u2588\u2588\u2588\u2588  | 73/90 [00:06<00:01, 13.18it/s]"},"type":"ws_msg"}
{"payload":{"local_timestamp":1669279942108,"stderr":true,"stdout":"\r      0/199     0.505G     0.1062    0.02585    0.05319         63        224:  81%|\u2588\u2588\u2588\u2588\u2588\u2588\u2588\u2588  | 73/90 [00:06<00:01, 13.18it/s]"},"type":"ws_msg"}
{"payload":{"local_timestamp":1669279942195,"stderr":true,"stdout":"\r      0/199     0.505G     0.1062     0.0259     0.0532         72        224:  81%|\u2588\u2588\u2588\u2588\u2588\u2588\u2588\u2588  | 73/90 [00:06<00:01, 13.18it/s]"},"type":"ws_msg"}
{"payload":{"local_timestamp":1669279942195,"stderr":true,"stdout":"\r      0/199     0.505G     0.1062     0.0259     0.0532         72        224:  83%|\u2588\u2588\u2588\u2588\u2588\u2588\u2588\u2588\u258e | 75/90 [00:06<00:01, 13.17it/s]"},"type":"ws_msg"}
{"payload":{"local_timestamp":1669279942266,"stderr":true,"stdout":"\r      0/199     0.505G     0.1061    0.02595     0.0532         73        224:  83%|\u2588\u2588\u2588\u2588\u2588\u2588\u2588\u2588\u258e | 75/90 [00:06<00:01, 13.17it/s]"},"type":"ws_msg"}
{"payload":{"local_timestamp":1669279942352,"stderr":true,"stdout":"\r      0/199     0.505G     0.1061    0.02598     0.0532         70        224:  83%|\u2588\u2588\u2588\u2588\u2588\u2588\u2588\u2588\u258e | 75/90 [00:06<00:01, 13.17it/s]"},"type":"ws_msg"}
{"payload":{"local_timestamp":1669279942352,"stderr":true,"stdout":"\r      0/199     0.505G     0.1061    0.02598     0.0532         70        224:  86%|\u2588\u2588\u2588\u2588\u2588\u2588\u2588\u2588\u258c | 77/90 [00:06<00:00, 13.04it/s]"},"type":"ws_msg"}
{"payload":{"local_timestamp":1669279942420,"stderr":true,"stdout":"\r      0/199     0.505G      0.106    0.02594    0.05319         56        224:  86%|\u2588\u2588\u2588\u2588\u2588\u2588\u2588\u2588\u258c | 77/90 [00:06<00:00, 13.04it/s]"},"type":"ws_msg"}
{"payload":{"local_timestamp":1669279942504,"stderr":true,"stdout":"\r      0/199     0.505G      0.106    0.02606    0.05319         86        224:  86%|\u2588\u2588\u2588\u2588\u2588\u2588\u2588\u2588\u258c | 77/90 [00:07<00:00, 13.04it/s]"},"type":"ws_msg"}
{"payload":{"local_timestamp":1669279942504,"stderr":true,"stdout":"\r      0/199     0.505G      0.106    0.02606    0.05319         86        224:  88%|\u2588\u2588\u2588\u2588\u2588\u2588\u2588\u2588\u258a | 79/90 [00:07<00:00, 13.07it/s]"},"type":"ws_msg"}
{"payload":{"local_timestamp":1669279942571,"stderr":true,"stdout":"\r      0/199     0.505G     0.1059    0.02604    0.05318         59        224:  88%|\u2588\u2588\u2588\u2588\u2588\u2588\u2588\u2588\u258a | 79/90 [00:07<00:00, 13.07it/s]"},"type":"ws_msg"}
{"payload":{"local_timestamp":1669279942655,"stderr":true,"stdout":"\r      0/199     0.505G     0.1059    0.02612    0.05318         82        224:  88%|\u2588\u2588\u2588\u2588\u2588\u2588\u2588\u2588\u258a | 79/90 [00:07<00:00, 13.07it/s]"},"type":"ws_msg"}
{"payload":{"local_timestamp":1669279942655,"stderr":true,"stdout":"\r      0/199     0.505G     0.1059    0.02612    0.05318         82        224:  90%|\u2588\u2588\u2588\u2588\u2588\u2588\u2588\u2588\u2588 | 81/90 [00:07<00:00, 13.12it/s]"},"type":"ws_msg"}
{"payload":{"local_timestamp":1669279942721,"stderr":true,"stdout":"\r      0/199     0.505G     0.1059    0.02612    0.05317         72        224:  90%|\u2588\u2588\u2588\u2588\u2588\u2588\u2588\u2588\u2588 | 81/90 [00:07<00:00, 13.12it/s]"},"type":"ws_msg"}
{"payload":{"local_timestamp":1669279942805,"stderr":true,"stdout":"\r      0/199     0.505G     0.1059    0.02612    0.05317         81        224:  90%|\u2588\u2588\u2588\u2588\u2588\u2588\u2588\u2588\u2588 | 81/90 [00:07<00:00, 13.12it/s]"},"type":"ws_msg"}
{"payload":{"local_timestamp":1669279942805,"stderr":true,"stdout":"\r      0/199     0.505G     0.1059    0.02612    0.05317         81        224:  92%|\u2588\u2588\u2588\u2588\u2588\u2588\u2588\u2588\u2588\u258f| 83/90 [00:07<00:00, 13.18it/s]"},"type":"ws_msg"}
{"payload":{"local_timestamp":1669279942872,"stderr":true,"stdout":"\r      0/199     0.505G     0.1059    0.02614    0.05317         68        224:  92%|\u2588\u2588\u2588\u2588\u2588\u2588\u2588\u2588\u2588\u258f| 83/90 [00:07<00:00, 13.18it/s]"},"type":"ws_msg"}
{"payload":{"local_timestamp":1669279942955,"stderr":true,"stdout":"\r      0/199     0.505G     0.1058    0.02621    0.05317         79        224:  92%|\u2588\u2588\u2588\u2588\u2588\u2588\u2588\u2588\u2588\u258f| 83/90 [00:07<00:00, 13.18it/s]"},"type":"ws_msg"}
{"payload":{"local_timestamp":1669279942955,"stderr":true,"stdout":"\r      0/199     0.505G     0.1058    0.02621    0.05317         79        224:  94%|\u2588\u2588\u2588\u2588\u2588\u2588\u2588\u2588\u2588\u258d| 85/90 [00:07<00:00, 13.22it/s]"},"type":"ws_msg"}
{"payload":{"local_timestamp":1669279943021,"stderr":true,"stdout":"\r      0/199     0.505G     0.1058    0.02617    0.05317         69        224:  94%|\u2588\u2588\u2588\u2588\u2588\u2588\u2588\u2588\u2588\u258d| 85/90 [00:07<00:00, 13.22it/s]"},"type":"ws_msg"}
{"payload":{"local_timestamp":1669279943104,"stderr":true,"stdout":"\r      0/199     0.505G     0.1058     0.0262    0.05316         79        224:  94%|\u2588\u2588\u2588\u2588\u2588\u2588\u2588\u2588\u2588\u258d| 85/90 [00:07<00:00, 13.22it/s]"},"type":"ws_msg"}
{"payload":{"local_timestamp":1669279943105,"stderr":true,"stdout":"\r      0/199     0.505G     0.1058     0.0262    0.05316         79        224:  97%|\u2588\u2588\u2588\u2588\u2588\u2588\u2588\u2588\u2588\u258b| 87/90 [00:07<00:00, 13.28it/s]"},"type":"ws_msg"}
{"payload":{"local_timestamp":1669279943173,"stderr":true,"stdout":"\r      0/199     0.505G     0.1058    0.02622    0.05315         77        224:  97%|\u2588\u2588\u2588\u2588\u2588\u2588\u2588\u2588\u2588\u258b| 87/90 [00:07<00:00, 13.28it/s]"},"type":"ws_msg"}
{"payload":{"local_timestamp":1669279943259,"stderr":true,"stdout":"\r      0/199     0.505G     0.1057    0.02625    0.05315         71        224:  97%|\u2588\u2588\u2588\u2588\u2588\u2588\u2588\u2588\u2588\u258b| 87/90 [00:07<00:00, 13.28it/s]"},"type":"ws_msg"}
{"payload":{"local_timestamp":1669279943259,"stderr":true,"stdout":"\r      0/199     0.505G     0.1057    0.02625    0.05315         71        224:  99%|\u2588\u2588\u2588\u2588\u2588\u2588\u2588\u2588\u2588\u2589| 89/90 [00:07<00:00, 13.18it/s]"},"type":"ws_msg"}
{"payload":{"local_timestamp":1669279943325,"stderr":true,"stdout":"\r      0/199     0.505G     0.1057    0.02629    0.05315         84        224:  99%|\u2588\u2588\u2588\u2588\u2588\u2588\u2588\u2588\u2588\u2589| 89/90 [00:07<00:00, 13.18it/s]"},"type":"ws_msg"}
{"payload":{"local_timestamp":1669279943325,"stderr":true,"stdout":"\r      0/199     0.505G     0.1057    0.02629    0.05315         84        224: 100%|\u2588\u2588\u2588\u2588\u2588\u2588\u2588\u2588\u2588\u2588| 90/90 [00:07<00:00, 11.43it/s]"},"type":"ws_msg"}
{"payload":{"local_timestamp":1669279943325,"stderr":true,"stdout":"\n"},"type":"ws_msg"}
{"payload":{"local_timestamp":1669279943330,"stderr":true,"stdout":"\r                 Class     Images  Instances          P          R      mAP50   mAP50-95:   0%|          | 0/6 [00:00<?, ?it/s]"},"type":"ws_msg"}
{"payload":{"local_timestamp":1669279943483,"stderr":true,"stdout":"\r                 Class     Images  Instances          P          R      mAP50   mAP50-95:  17%|\u2588\u258b        | 1/6 [00:00<00:00,  6.51it/s]"},"type":"ws_msg"}
{"payload":{"local_timestamp":1669279943619,"stderr":true,"stdout":"\r                 Class     Images  Instances          P          R      mAP50   mAP50-95:  33%|\u2588\u2588\u2588\u258e      | 2/6 [00:00<00:00,  6.98it/s]"},"type":"ws_msg"}
{"payload":{"local_timestamp":1669279943752,"stderr":true,"stdout":"\r                 Class     Images  Instances          P          R      mAP50   mAP50-95:  50%|\u2588\u2588\u2588\u2588\u2588     | 3/6 [00:00<00:00,  7.22it/s]"},"type":"ws_msg"}
{"payload":{"local_timestamp":1669279943890,"stderr":true,"stdout":"\r                 Class     Images  Instances          P          R      mAP50   mAP50-95:  67%|\u2588\u2588\u2588\u2588\u2588\u2588\u258b   | 4/6 [00:00<00:00,  7.23it/s]"},"type":"ws_msg"}
{"payload":{"local_timestamp":1669279944026,"stderr":true,"stdout":"\r                 Class     Images  Instances          P          R      mAP50   mAP50-95:  83%|\u2588\u2588\u2588\u2588\u2588\u2588\u2588\u2588\u258e | 5/6 [00:00<00:00,  7.27it/s]"},"type":"ws_msg"}
{"payload":{"local_timestamp":1669279944114,"stderr":true,"stdout":"\r                 Class     Images  Instances          P          R      mAP50   mAP50-95: 100%|\u2588\u2588\u2588\u2588\u2588\u2588\u2588\u2588\u2588\u2588| 6/6 [00:00<00:00,  7.66it/s]"},"type":"ws_msg"}
{"payload":{"local_timestamp":1669279944114,"stderr":true,"stdout":"\n"},"type":"ws_msg"}
{"payload":{"local_timestamp":1669279944133,"stderr":true,"stdout":"                   all        180        428    0.00234      0.293    0.00195   0.000486"},"type":"ws_msg"}
{"payload":{"local_timestamp":1669279944133,"stderr":true,"stdout":"\n"},"type":"ws_msg"}
{"payload":{"local_timestamp":1669279944138,"param":{"paramName":"curr_epoch","paramValue":0,"step":89}},"type":"parameter_msg"}
{"payload":{"local_timestamp":1669279944138,"metric":{"epoch":0,"metricName":"metrics/mAP_0.5","metricValue":0.0019520912056551671,"step":89}},"type":"metric_msg"}
{"payload":{"local_timestamp":1669279944138,"metric":{"epoch":0,"metricName":"metrics/mAP_0.5:0.95","metricValue":0.00048617527569946433,"step":89}},"type":"metric_msg"}
{"payload":{"local_timestamp":1669279944138,"metric":{"epoch":0,"metricName":"metrics/precision","metricValue":0.0023411925063995735,"step":89}},"type":"metric_msg"}
{"payload":{"local_timestamp":1669279944138,"metric":{"epoch":0,"metricName":"metrics/recall","metricValue":0.2929059686680876,"step":89}},"type":"metric_msg"}
{"payload":{"local_timestamp":1669279944138,"metric":{"epoch":0,"metricName":"train/box_loss","metricValue":0.10572505742311478,"step":89}},"type":"metric_msg"}
{"payload":{"local_timestamp":1669279944139,"metric":{"epoch":0,"metricName":"train/cls_loss","metricValue":0.05314512550830841,"step":89}},"type":"metric_msg"}
{"payload":{"local_timestamp":1669279944139,"metric":{"epoch":0,"metricName":"train/obj_loss","metricValue":0.026291461661458015,"step":89}},"type":"metric_msg"}
{"payload":{"local_timestamp":1669279944139,"metric":{"epoch":0,"metricName":"val/box_loss","metricValue":0.10039042681455612,"step":89}},"type":"metric_msg"}
{"payload":{"local_timestamp":1669279944139,"metric":{"epoch":0,"metricName":"val/cls_loss","metricValue":0.05229492112994194,"step":89}},"type":"metric_msg"}
{"payload":{"local_timestamp":1669279944139,"metric":{"epoch":0,"metricName":"val/obj_loss","metricValue":0.012460644356906414,"step":89}},"type":"metric_msg"}
{"payload":{"local_timestamp":1669279944139,"metric":{"epoch":0,"metricName":"x/lr0","metricValue":0.07033333333333333,"step":89}},"type":"metric_msg"}
{"payload":{"local_timestamp":1669279944139,"metric":{"epoch":0,"metricName":"x/lr1","metricValue":0.0032962962962962963,"step":89}},"type":"metric_msg"}
{"payload":{"local_timestamp":1669279944139,"metric":{"epoch":0,"metricName":"x/lr2","metricValue":0.0032962962962962963,"step":89}},"type":"metric_msg"}
{"payload":{"local_timestamp":1669279944186,"stderr":true,"stdout":"Traceback (most recent call last):\n"},"type":"ws_msg"}
{"payload":{"local_timestamp":1669279944186,"stderr":true,"stdout":"  File \"D:\\my_job\\code\\xianyu\\yolov5-master\\train.py\", line 630, in <module>\n"},"type":"ws_msg"}
{"payload":{"local_timestamp":1669279944187,"stderr":true,"stdout":"    "},"type":"ws_msg"}
{"payload":{"local_timestamp":1669279944187,"stderr":true,"stdout":"main(opt)"},"type":"ws_msg"}
{"payload":{"local_timestamp":1669279944187,"stderr":true,"stdout":"\n"},"type":"ws_msg"}
{"payload":{"local_timestamp":1669279944187,"stderr":true,"stdout":"  File \"D:\\my_job\\code\\xianyu\\yolov5-master\\train.py\", line 524, in main\n"},"type":"ws_msg"}
{"payload":{"local_timestamp":1669279944187,"stderr":true,"stdout":"    "},"type":"ws_msg"}
{"payload":{"local_timestamp":1669279944187,"stderr":true,"stdout":"train(opt.hyp, opt, device, callbacks)"},"type":"ws_msg"}
{"payload":{"local_timestamp":1669279944187,"stderr":true,"stdout":"\n"},"type":"ws_msg"}
{"payload":{"local_timestamp":1669279944187,"stderr":true,"stdout":"  File \"D:\\my_job\\code\\xianyu\\yolov5-master\\train.py\", line 381, in train\n"},"type":"ws_msg"}
{"payload":{"local_timestamp":1669279944187,"stderr":true,"stdout":"    "},"type":"ws_msg"}
{"payload":{"local_timestamp":1669279944187,"stderr":true,"stdout":"torch.save(ckpt.state_dict(), last)"},"type":"ws_msg"}
{"payload":{"local_timestamp":1669279944187,"stderr":true,"stdout":"\n"},"type":"ws_msg"}
{"payload":{"local_timestamp":1669279944187,"stderr":true,"stdout":"AttributeError"},"type":"ws_msg"}
{"payload":{"local_timestamp":1669279944187,"stderr":true,"stdout":": "},"type":"ws_msg"}
{"payload":{"local_timestamp":1669279944187,"stderr":true,"stdout":"'dict' object has no attribute 'state_dict'"},"type":"ws_msg"}
{"payload":{"local_timestamp":1669279944187,"stderr":true,"stdout":"\n"},"type":"ws_msg"}
{"payload":{"local_timestamp":1669279944188,"stderr":true,"stdout":"COMET INFO: ----------------------------------"},"type":"ws_msg"}
{"payload":{"local_timestamp":1669279944188,"stderr":true,"stdout":"\n"},"type":"ws_msg"}
{"payload":{"local_timestamp":1669279944188,"stderr":true,"stdout":"COMET INFO: Comet.ml OfflineExperiment Summary"},"type":"ws_msg"}
{"payload":{"local_timestamp":1669279944188,"stderr":true,"stdout":"\n"},"type":"ws_msg"}
{"payload":{"local_timestamp":1669279944188,"stderr":true,"stdout":"COMET INFO: ----------------------------------"},"type":"ws_msg"}
{"payload":{"local_timestamp":1669279944188,"stderr":true,"stdout":"\n"},"type":"ws_msg"}
{"payload":{"local_timestamp":1669279944188,"stderr":true,"stdout":"COMET INFO:   Data:"},"type":"ws_msg"}
{"payload":{"local_timestamp":1669279944188,"stderr":true,"stdout":"\n"},"type":"ws_msg"}
{"payload":{"local_timestamp":1669279944188,"stderr":true,"stdout":"COMET INFO:     display_summary_level : 1"},"type":"ws_msg"}
{"payload":{"local_timestamp":1669279944188,"stderr":true,"stdout":"\n"},"type":"ws_msg"}
{"payload":{"local_timestamp":1669279944188,"stderr":true,"stdout":"COMET INFO:     url                   : [OfflineExperiment will get URL after upload]"},"type":"ws_msg"}
{"payload":{"local_timestamp":1669279944188,"stderr":true,"stdout":"\n"},"type":"ws_msg"}
{"payload":{"local_timestamp":1669279944188,"stderr":true,"stdout":"COMET INFO:   Metrics:"},"type":"ws_msg"}
{"payload":{"local_timestamp":1669279944188,"stderr":true,"stdout":"\n"},"type":"ws_msg"}
{"payload":{"local_timestamp":1669279944188,"stderr":true,"stdout":"COMET INFO:     metrics/mAP_0.5      : 0.0019520912056551671"},"type":"ws_msg"}
{"payload":{"local_timestamp":1669279944188,"stderr":true,"stdout":"\n"},"type":"ws_msg"}
{"payload":{"local_timestamp":1669279944188,"stderr":true,"stdout":"COMET INFO:     metrics/mAP_0.5:0.95 : 0.00048617527569946433"},"type":"ws_msg"}
{"payload":{"local_timestamp":1669279944188,"stderr":true,"stdout":"\n"},"type":"ws_msg"}
{"payload":{"local_timestamp":1669279944188,"stderr":true,"stdout":"COMET INFO:     metrics/precision    : 0.0023411925063995735"},"type":"ws_msg"}
{"payload":{"local_timestamp":1669279944188,"stderr":true,"stdout":"\n"},"type":"ws_msg"}
{"payload":{"local_timestamp":1669279944188,"stderr":true,"stdout":"COMET INFO:     metrics/recall       : 0.2929059686680876"},"type":"ws_msg"}
{"payload":{"local_timestamp":1669279944188,"stderr":true,"stdout":"\n"},"type":"ws_msg"}
{"payload":{"local_timestamp":1669279944188,"stderr":true,"stdout":"COMET INFO:     train/box_loss       : 0.10572505742311478"},"type":"ws_msg"}
{"payload":{"local_timestamp":1669279944188,"stderr":true,"stdout":"\n"},"type":"ws_msg"}
{"payload":{"local_timestamp":1669279944188,"stderr":true,"stdout":"COMET INFO:     train/cls_loss       : 0.05314512550830841"},"type":"ws_msg"}
{"payload":{"local_timestamp":1669279944188,"stderr":true,"stdout":"\n"},"type":"ws_msg"}
{"payload":{"local_timestamp":1669279944188,"stderr":true,"stdout":"COMET INFO:     train/obj_loss       : 0.026291461661458015"},"type":"ws_msg"}
{"payload":{"local_timestamp":1669279944188,"stderr":true,"stdout":"\n"},"type":"ws_msg"}
{"payload":{"local_timestamp":1669279944188,"stderr":true,"stdout":"COMET INFO:     val/box_loss         : 0.10039042681455612"},"type":"ws_msg"}
{"payload":{"local_timestamp":1669279944188,"stderr":true,"stdout":"\n"},"type":"ws_msg"}
{"payload":{"local_timestamp":1669279944189,"stderr":true,"stdout":"COMET INFO:     val/cls_loss         : 0.05229492112994194"},"type":"ws_msg"}
{"payload":{"local_timestamp":1669279944189,"stderr":true,"stdout":"\n"},"type":"ws_msg"}
{"payload":{"local_timestamp":1669279944189,"stderr":true,"stdout":"COMET INFO:     val/obj_loss         : 0.012460644356906414"},"type":"ws_msg"}
{"payload":{"local_timestamp":1669279944189,"stderr":true,"stdout":"\n"},"type":"ws_msg"}
{"payload":{"local_timestamp":1669279944189,"stderr":true,"stdout":"COMET INFO:     x/lr0                : 0.07033333333333333"},"type":"ws_msg"}
{"payload":{"local_timestamp":1669279944189,"stderr":true,"stdout":"\n"},"type":"ws_msg"}
{"payload":{"local_timestamp":1669279944189,"stderr":true,"stdout":"COMET INFO:     x/lr1                : 0.0032962962962962963"},"type":"ws_msg"}
{"payload":{"local_timestamp":1669279944189,"stderr":true,"stdout":"\n"},"type":"ws_msg"}
{"payload":{"local_timestamp":1669279944189,"stderr":true,"stdout":"COMET INFO:     x/lr2                : 0.0032962962962962963"},"type":"ws_msg"}
{"payload":{"local_timestamp":1669279944189,"stderr":true,"stdout":"\n"},"type":"ws_msg"}
{"payload":{"local_timestamp":1669279944189,"stderr":true,"stdout":"COMET INFO:   Others:"},"type":"ws_msg"}
{"payload":{"local_timestamp":1669279944189,"stderr":true,"stdout":"\n"},"type":"ws_msg"}
{"payload":{"local_timestamp":1669279944189,"stderr":true,"stdout":"COMET INFO:     Created from                : YOLOv5"},"type":"ws_msg"}
{"payload":{"local_timestamp":1669279944189,"stderr":true,"stdout":"\n"},"type":"ws_msg"}
{"payload":{"local_timestamp":1669279944189,"stderr":true,"stdout":"COMET INFO:     comet_log_batch_metrics     : False"},"type":"ws_msg"}
{"payload":{"local_timestamp":1669279944189,"stderr":true,"stdout":"\n"},"type":"ws_msg"}
{"payload":{"local_timestamp":1669279944189,"stderr":true,"stdout":"COMET INFO:     comet_log_confusion_matrix  : True"},"type":"ws_msg"}
{"payload":{"local_timestamp":1669279944189,"stderr":true,"stdout":"\n"},"type":"ws_msg"}
{"payload":{"local_timestamp":1669279944189,"stderr":true,"stdout":"COMET INFO:     comet_log_per_class_metrics : False"},"type":"ws_msg"}
{"payload":{"local_timestamp":1669279944189,"stderr":true,"stdout":"\n"},"type":"ws_msg"}
{"payload":{"local_timestamp":1669279944189,"stderr":true,"stdout":"COMET INFO:     comet_max_image_uploads     : 100"},"type":"ws_msg"}
{"payload":{"local_timestamp":1669279944189,"stderr":true,"stdout":"\n"},"type":"ws_msg"}
{"payload":{"local_timestamp":1669279944189,"stderr":true,"stdout":"COMET INFO:     comet_mode                  : online"},"type":"ws_msg"}
{"payload":{"local_timestamp":1669279944189,"stderr":true,"stdout":"\n"},"type":"ws_msg"}
{"payload":{"local_timestamp":1669279944189,"stderr":true,"stdout":"COMET INFO:     comet_model_name            : yolov5"},"type":"ws_msg"}
{"payload":{"local_timestamp":1669279944189,"stderr":true,"stdout":"\n"},"type":"ws_msg"}
{"payload":{"local_timestamp":1669279944189,"stderr":true,"stdout":"COMET INFO:     offline_experiment          : True"},"type":"ws_msg"}
{"payload":{"local_timestamp":1669279944189,"stderr":true,"stdout":"\n"},"type":"ws_msg"}
{"payload":{"local_timestamp":1669279944189,"stderr":true,"stdout":"COMET INFO:   Parameters:"},"type":"ws_msg"}
{"payload":{"local_timestamp":1669279944189,"stderr":true,"stdout":"\n"},"type":"ws_msg"}
{"payload":{"local_timestamp":1669279944189,"stderr":true,"stdout":"COMET INFO:     anchor_t           : 4.0"},"type":"ws_msg"}
{"payload":{"local_timestamp":1669279944189,"stderr":true,"stdout":"\n"},"type":"ws_msg"}
{"payload":{"local_timestamp":1669279944189,"stderr":true,"stdout":"COMET INFO:     artifact_alias     : latest"},"type":"ws_msg"}
{"payload":{"local_timestamp":1669279944189,"stderr":true,"stdout":"\n"},"type":"ws_msg"}
{"payload":{"local_timestamp":1669279944189,"stderr":true,"stdout":"COMET INFO:     batch_size         : 16"},"type":"ws_msg"}
{"payload":{"local_timestamp":1669279944189,"stderr":true,"stdout":"\n"},"type":"ws_msg"}
{"payload":{"local_timestamp":1669279944189,"stderr":true,"stdout":"COMET INFO:     bbox_interval      : -1"},"type":"ws_msg"}
{"payload":{"local_timestamp":1669279944189,"stderr":true,"stdout":"\n"},"type":"ws_msg"}
{"payload":{"local_timestamp":1669279944189,"stderr":true,"stdout":"COMET INFO:     box                : 0.05"},"type":"ws_msg"}
{"payload":{"local_timestamp":1669279944189,"stderr":true,"stdout":"\n"},"type":"ws_msg"}
{"payload":{"local_timestamp":1669279944189,"stderr":true,"stdout":"COMET INFO:     bucket             : "},"type":"ws_msg"}
{"payload":{"local_timestamp":1669279944189,"stderr":true,"stdout":"\n"},"type":"ws_msg"}
{"payload":{"local_timestamp":1669279944189,"stderr":true,"stdout":"COMET INFO:     cache              : 1"},"type":"ws_msg"}
{"payload":{"local_timestamp":1669279944189,"stderr":true,"stdout":"\n"},"type":"ws_msg"}
{"payload":{"local_timestamp":1669279944190,"stderr":true,"stdout":"COMET INFO:     cfg                : models/yolov5-Ghostv2.yaml"},"type":"ws_msg"}
{"payload":{"local_timestamp":1669279944190,"stderr":true,"stdout":"\n"},"type":"ws_msg"}
{"payload":{"local_timestamp":1669279944190,"stderr":true,"stdout":"COMET INFO:     cls                : 0.0375"},"type":"ws_msg"}
{"payload":{"local_timestamp":1669279944190,"stderr":true,"stdout":"\n"},"type":"ws_msg"}
{"payload":{"local_timestamp":1669279944190,"stderr":true,"stdout":"COMET INFO:     cls_pw             : 1.0"},"type":"ws_msg"}
{"payload":{"local_timestamp":1669279944190,"stderr":true,"stdout":"\n"},"type":"ws_msg"}
{"payload":{"local_timestamp":1669279944190,"stderr":true,"stdout":"COMET INFO:     copy_paste         : 0.0"},"type":"ws_msg"}
{"payload":{"local_timestamp":1669279944190,"stderr":true,"stdout":"\n"},"type":"ws_msg"}
{"payload":{"local_timestamp":1669279944190,"stderr":true,"stdout":"COMET INFO:     cos_lr             : False"},"type":"ws_msg"}
{"payload":{"local_timestamp":1669279944190,"stderr":true,"stdout":"\n"},"type":"ws_msg"}
{"payload":{"local_timestamp":1669279944190,"stderr":true,"stdout":"COMET INFO:     data               : data\\NEU.yaml"},"type":"ws_msg"}
{"payload":{"local_timestamp":1669279944190,"stderr":true,"stdout":"\n"},"type":"ws_msg"}
{"payload":{"local_timestamp":1669279944190,"stderr":true,"stdout":"COMET INFO:     degrees            : 0.0"},"type":"ws_msg"}
{"payload":{"local_timestamp":1669279944190,"stderr":true,"stdout":"\n"},"type":"ws_msg"}
{"payload":{"local_timestamp":1669279944190,"stderr":true,"stdout":"COMET INFO:     device             : "},"type":"ws_msg"}
{"payload":{"local_timestamp":1669279944190,"stderr":true,"stdout":"\n"},"type":"ws_msg"}
{"payload":{"local_timestamp":1669279944190,"stderr":true,"stdout":"COMET INFO:     entity             : 1"},"type":"ws_msg"}
{"payload":{"local_timestamp":1669279944190,"stderr":true,"stdout":"\n"},"type":"ws_msg"}
{"payload":{"local_timestamp":1669279944190,"stderr":true,"stdout":"COMET INFO:     epochs             : 200"},"type":"ws_msg"}
{"payload":{"local_timestamp":1669279944190,"stderr":true,"stdout":"\n"},"type":"ws_msg"}
{"payload":{"local_timestamp":1669279944190,"stderr":true,"stdout":"COMET INFO:     evolve             : 1"},"type":"ws_msg"}
{"payload":{"local_timestamp":1669279944190,"stderr":true,"stdout":"\n"},"type":"ws_msg"}
{"payload":{"local_timestamp":1669279944190,"stderr":true,"stdout":"COMET INFO:     exist_ok           : False"},"type":"ws_msg"}
{"payload":{"local_timestamp":1669279944190,"stderr":true,"stdout":"\n"},"type":"ws_msg"}
{"payload":{"local_timestamp":1669279944190,"stderr":true,"stdout":"COMET INFO:     fl_gamma           : 0.0"},"type":"ws_msg"}
{"payload":{"local_timestamp":1669279944190,"stderr":true,"stdout":"\n"},"type":"ws_msg"}
{"payload":{"local_timestamp":1669279944190,"stderr":true,"stdout":"COMET INFO:     fliplr             : 0.5"},"type":"ws_msg"}
{"payload":{"local_timestamp":1669279944190,"stderr":true,"stdout":"\n"},"type":"ws_msg"}
{"payload":{"local_timestamp":1669279944190,"stderr":true,"stdout":"COMET INFO:     flipud             : 0.0"},"type":"ws_msg"}
{"payload":{"local_timestamp":1669279944190,"stderr":true,"stdout":"\n"},"type":"ws_msg"}
{"payload":{"local_timestamp":1669279944190,"stderr":true,"stdout":"COMET INFO:     freeze             : [0]"},"type":"ws_msg"}
{"payload":{"local_timestamp":1669279944190,"stderr":true,"stdout":"\n"},"type":"ws_msg"}
{"payload":{"local_timestamp":1669279944190,"stderr":true,"stdout":"COMET INFO:     hsv_h              : 0.015"},"type":"ws_msg"}
{"payload":{"local_timestamp":1669279944190,"stderr":true,"stdout":"\n"},"type":"ws_msg"}
{"payload":{"local_timestamp":1669279944190,"stderr":true,"stdout":"COMET INFO:     hsv_s              : 0.7"},"type":"ws_msg"}
{"payload":{"local_timestamp":1669279944190,"stderr":true,"stdout":"\n"},"type":"ws_msg"}
{"payload":{"local_timestamp":1669279944190,"stderr":true,"stdout":"COMET INFO:     hsv_v              : 0.4"},"type":"ws_msg"}
{"payload":{"local_timestamp":1669279944190,"stderr":true,"stdout":"\n"},"type":"ws_msg"}
{"payload":{"local_timestamp":1669279944190,"stderr":true,"stdout":"COMET INFO:     hyp                : {\"anchor_t\": 4.0, \"box\": 0.05, \"cls\": 0.5, \"cls_pw\": 1.0, \"copy_paste\": 0.0, \"degrees\": 0.0, \"fl_gamma\": 0.0, \"fliplr\": 0.5, \"flipud\": 0.0, \"hsv_h\": 0.015, \"hsv_s\": 0.7, \"hsv_v\": 0.4, \"iou_t\": 0.2, \"lr0\": 0.01, \"lrf\": 0.01, \"mixup\": 0.0, \"momentum\": 0.937, \"mosaic\": 1.0, \"obj\": 1.0, \"obj_pw\": 1.0, \"perspective\": 0.0, \"scale\": 0.5, \"shear\": 0.0, \"translate\": 0.1, \"warmup_bias_lr\": 0.1, \"warmup_epochs\": 3.0, \"warmup_momentum\": 0.8, \"weight_decay\": 0.0005}"},"type":"ws_msg"}
{"payload":{"local_timestamp":1669279944190,"stderr":true,"stdout":"\n"},"type":"ws_msg"}
{"payload":{"local_timestamp":1669279944190,"stderr":true,"stdout":"COMET INFO:     image_weights      : False"},"type":"ws_msg"}
{"payload":{"local_timestamp":1669279944190,"stderr":true,"stdout":"\n"},"type":"ws_msg"}
{"payload":{"local_timestamp":1669279944190,"stderr":true,"stdout":"COMET INFO:     imgsz              : 224"},"type":"ws_msg"}
{"payload":{"local_timestamp":1669279944190,"stderr":true,"stdout":"\n"},"type":"ws_msg"}
{"payload":{"local_timestamp":1669279944190,"stderr":true,"stdout":"COMET INFO:     iou_t              : 0.2"},"type":"ws_msg"}
{"payload":{"local_timestamp":1669279944190,"stderr":true,"stdout":"\n"},"type":"ws_msg"}
{"payload":{"local_timestamp":1669279944191,"stderr":true,"stdout":"COMET INFO:     label_smoothing    : 0.0"},"type":"ws_msg"}
{"payload":{"local_timestamp":1669279944191,"stderr":true,"stdout":"\n"},"type":"ws_msg"}
{"payload":{"local_timestamp":1669279944191,"stderr":true,"stdout":"COMET INFO:     local_rank         : -1"},"type":"ws_msg"}
{"payload":{"local_timestamp":1669279944191,"stderr":true,"stdout":"\n"},"type":"ws_msg"}
{"payload":{"local_timestamp":1669279944191,"stderr":true,"stdout":"COMET INFO:     lr0                : 0.01"},"type":"ws_msg"}
{"payload":{"local_timestamp":1669279944191,"stderr":true,"stdout":"\n"},"type":"ws_msg"}
{"payload":{"local_timestamp":1669279944191,"stderr":true,"stdout":"COMET INFO:     lrf                : 0.01"},"type":"ws_msg"}
{"payload":{"local_timestamp":1669279944191,"stderr":true,"stdout":"\n"},"type":"ws_msg"}
{"payload":{"local_timestamp":1669279944191,"stderr":true,"stdout":"COMET INFO:     mixup              : 0.0"},"type":"ws_msg"}
{"payload":{"local_timestamp":1669279944191,"stderr":true,"stdout":"\n"},"type":"ws_msg"}
{"payload":{"local_timestamp":1669279944191,"stderr":true,"stdout":"COMET INFO:     momentum           : 0.937"},"type":"ws_msg"}
{"payload":{"local_timestamp":1669279944191,"stderr":true,"stdout":"\n"},"type":"ws_msg"}
{"payload":{"local_timestamp":1669279944191,"stderr":true,"stdout":"COMET INFO:     mosaic             : 1.0"},"type":"ws_msg"}
{"payload":{"local_timestamp":1669279944191,"stderr":true,"stdout":"\n"},"type":"ws_msg"}
{"payload":{"local_timestamp":1669279944191,"stderr":true,"stdout":"COMET INFO:     multi_scale        : False"},"type":"ws_msg"}
{"payload":{"local_timestamp":1669279944191,"stderr":true,"stdout":"\n"},"type":"ws_msg"}
{"payload":{"local_timestamp":1669279944191,"stderr":true,"stdout":"COMET INFO:     name               : exp"},"type":"ws_msg"}
{"payload":{"local_timestamp":1669279944191,"stderr":true,"stdout":"\n"},"type":"ws_msg"}
{"payload":{"local_timestamp":1669279944191,"stderr":true,"stdout":"COMET INFO:     noautoanchor       : False"},"type":"ws_msg"}
{"payload":{"local_timestamp":1669279944191,"stderr":true,"stdout":"\n"},"type":"ws_msg"}
{"payload":{"local_timestamp":1669279944191,"stderr":true,"stdout":"COMET INFO:     noplots            : False"},"type":"ws_msg"}
{"payload":{"local_timestamp":1669279944191,"stderr":true,"stdout":"\n"},"type":"ws_msg"}
{"payload":{"local_timestamp":1669279944191,"stderr":true,"stdout":"COMET INFO:     nosave             : False"},"type":"ws_msg"}
{"payload":{"local_timestamp":1669279944191,"stderr":true,"stdout":"\n"},"type":"ws_msg"}
{"payload":{"local_timestamp":1669279944191,"stderr":true,"stdout":"COMET INFO:     noval              : False"},"type":"ws_msg"}
{"payload":{"local_timestamp":1669279944191,"stderr":true,"stdout":"\n"},"type":"ws_msg"}
{"payload":{"local_timestamp":1669279944191,"stderr":true,"stdout":"COMET INFO:     obj                : 0.12249999999999998"},"type":"ws_msg"}
{"payload":{"local_timestamp":1669279944191,"stderr":true,"stdout":"\n"},"type":"ws_msg"}
{"payload":{"local_timestamp":1669279944191,"stderr":true,"stdout":"COMET INFO:     obj_pw             : 1.0"},"type":"ws_msg"}
{"payload":{"local_timestamp":1669279944191,"stderr":true,"stdout":"\n"},"type":"ws_msg"}
{"payload":{"local_timestamp":1669279944191,"stderr":true,"stdout":"COMET INFO:     optimizer          : SGD"},"type":"ws_msg"}
{"payload":{"local_timestamp":1669279944191,"stderr":true,"stdout":"\n"},"type":"ws_msg"}
{"payload":{"local_timestamp":1669279944191,"stderr":true,"stdout":"COMET INFO:     patience           : 100"},"type":"ws_msg"}
{"payload":{"local_timestamp":1669279944191,"stderr":true,"stdout":"\n"},"type":"ws_msg"}
{"payload":{"local_timestamp":1669279944191,"stderr":true,"stdout":"COMET INFO:     perspective        : 0.0"},"type":"ws_msg"}
{"payload":{"local_timestamp":1669279944191,"stderr":true,"stdout":"\n"},"type":"ws_msg"}
{"payload":{"local_timestamp":1669279944191,"stderr":true,"stdout":"COMET INFO:     project            : runs\\train"},"type":"ws_msg"}
{"payload":{"local_timestamp":1669279944191,"stderr":true,"stdout":"\n"},"type":"ws_msg"}
{"payload":{"local_timestamp":1669279944191,"stderr":true,"stdout":"COMET INFO:     quad               : False"},"type":"ws_msg"}
{"payload":{"local_timestamp":1669279944191,"stderr":true,"stdout":"\n"},"type":"ws_msg"}
{"payload":{"local_timestamp":1669279944191,"stderr":true,"stdout":"COMET INFO:     rect               : False"},"type":"ws_msg"}
{"payload":{"local_timestamp":1669279944191,"stderr":true,"stdout":"\n"},"type":"ws_msg"}
{"payload":{"local_timestamp":1669279944191,"stderr":true,"stdout":"COMET INFO:     resume             : False"},"type":"ws_msg"}
{"payload":{"local_timestamp":1669279944191,"stderr":true,"stdout":"\n"},"type":"ws_msg"}
{"payload":{"local_timestamp":1669279944191,"stderr":true,"stdout":"COMET INFO:     save_dir           : runs\\train\\exp7"},"type":"ws_msg"}
{"payload":{"local_timestamp":1669279944191,"stderr":true,"stdout":"\n"},"type":"ws_msg"}
{"payload":{"local_timestamp":1669279944192,"stderr":true,"stdout":"COMET INFO:     save_period        : -1"},"type":"ws_msg"}
{"payload":{"local_timestamp":1669279944192,"stderr":true,"stdout":"\n"},"type":"ws_msg"}
{"payload":{"local_timestamp":1669279944192,"stderr":true,"stdout":"COMET INFO:     scale              : 0.5"},"type":"ws_msg"}
{"payload":{"local_timestamp":1669279944192,"stderr":true,"stdout":"\n"},"type":"ws_msg"}
{"payload":{"local_timestamp":1669279944192,"stderr":true,"stdout":"COMET INFO:     seed               : 0"},"type":"ws_msg"}
{"payload":{"local_timestamp":1669279944192,"stderr":true,"stdout":"\n"},"type":"ws_msg"}
{"payload":{"local_timestamp":1669279944192,"stderr":true,"stdout":"COMET INFO:     shear              : 0.0"},"type":"ws_msg"}
{"payload":{"local_timestamp":1669279944192,"stderr":true,"stdout":"\n"},"type":"ws_msg"}
{"payload":{"local_timestamp":1669279944192,"stderr":true,"stdout":"COMET INFO:     single_cls         : False"},"type":"ws_msg"}
{"payload":{"local_timestamp":1669279944192,"stderr":true,"stdout":"\n"},"type":"ws_msg"}
{"payload":{"local_timestamp":1669279944192,"stderr":true,"stdout":"COMET INFO:     sync_bn            : False"},"type":"ws_msg"}
{"payload":{"local_timestamp":1669279944192,"stderr":true,"stdout":"\n"},"type":"ws_msg"}
{"payload":{"local_timestamp":1669279944192,"stderr":true,"stdout":"COMET INFO:     translate          : 0.1"},"type":"ws_msg"}
{"payload":{"local_timestamp":1669279944192,"stderr":true,"stdout":"\n"},"type":"ws_msg"}
{"payload":{"local_timestamp":1669279944192,"stderr":true,"stdout":"COMET INFO:     upload_dataset     : False"},"type":"ws_msg"}
{"payload":{"local_timestamp":1669279944192,"stderr":true,"stdout":"\n"},"type":"ws_msg"}
{"payload":{"local_timestamp":1669279944192,"stderr":true,"stdout":"COMET INFO:     val_conf_threshold : 0.001"},"type":"ws_msg"}
{"payload":{"local_timestamp":1669279944192,"stderr":true,"stdout":"\n"},"type":"ws_msg"}
{"payload":{"local_timestamp":1669279944192,"stderr":true,"stdout":"COMET INFO:     val_iou_threshold  : 0.6"},"type":"ws_msg"}
{"payload":{"local_timestamp":1669279944192,"stderr":true,"stdout":"\n"},"type":"ws_msg"}
{"payload":{"local_timestamp":1669279944192,"stderr":true,"stdout":"COMET INFO:     warmup_bias_lr     : 0.1"},"type":"ws_msg"}
{"payload":{"local_timestamp":1669279944192,"stderr":true,"stdout":"\n"},"type":"ws_msg"}
{"payload":{"local_timestamp":1669279944192,"stderr":true,"stdout":"COMET INFO:     warmup_epochs      : 3.0"},"type":"ws_msg"}
{"payload":{"local_timestamp":1669279944192,"stderr":true,"stdout":"\n"},"type":"ws_msg"}
{"payload":{"local_timestamp":1669279944192,"stderr":true,"stdout":"COMET INFO:     warmup_momentum    : 0.8"},"type":"ws_msg"}
{"payload":{"local_timestamp":1669279944192,"stderr":true,"stdout":"\n"},"type":"ws_msg"}
{"payload":{"local_timestamp":1669279944192,"stderr":true,"stdout":"COMET INFO:     weight_decay       : 0.0005"},"type":"ws_msg"}
{"payload":{"local_timestamp":1669279944192,"stderr":true,"stdout":"\n"},"type":"ws_msg"}
{"payload":{"local_timestamp":1669279944192,"stderr":true,"stdout":"COMET INFO:     weights            : ."},"type":"ws_msg"}
{"payload":{"local_timestamp":1669279944192,"stderr":true,"stdout":"\n"},"type":"ws_msg"}
{"payload":{"local_timestamp":1669279944192,"stderr":true,"stdout":"COMET INFO:     workers            : 8"},"type":"ws_msg"}
{"payload":{"local_timestamp":1669279944192,"stderr":true,"stdout":"\n"},"type":"ws_msg"}
{"payload":{"local_timestamp":1669279944192,"stderr":true,"stdout":"COMET INFO:   Uploads:"},"type":"ws_msg"}
{"payload":{"local_timestamp":1669279944192,"stderr":true,"stdout":"\n"},"type":"ws_msg"}
{"payload":{"local_timestamp":1669279944192,"stderr":true,"stdout":"COMET INFO:     asset               : 5 (849.32 KB)"},"type":"ws_msg"}
{"payload":{"local_timestamp":1669279944192,"stderr":true,"stdout":"\n"},"type":"ws_msg"}
{"payload":{"local_timestamp":1669279944192,"stderr":true,"stdout":"COMET INFO:     conda-info          : 1"},"type":"ws_msg"}
{"payload":{"local_timestamp":1669279944192,"stderr":true,"stdout":"\n"},"type":"ws_msg"}
{"payload":{"local_timestamp":1669279944192,"stderr":true,"stdout":"COMET INFO:     conda-specification : 1"},"type":"ws_msg"}
{"payload":{"local_timestamp":1669279944192,"stderr":true,"stdout":"\n"},"type":"ws_msg"}
{"payload":{"local_timestamp":1669279944192,"stderr":true,"stdout":"COMET INFO:     environment details : 1"},"type":"ws_msg"}
{"payload":{"local_timestamp":1669279944192,"stderr":true,"stdout":"\n"},"type":"ws_msg"}
{"payload":{"local_timestamp":1669279944192,"stderr":true,"stdout":"COMET INFO:     installed packages  : 1"},"type":"ws_msg"}
{"payload":{"local_timestamp":1669279944192,"stderr":true,"stdout":"\n"},"type":"ws_msg"}
{"payload":{"local_timestamp":1669279944192,"stderr":true,"stdout":"COMET INFO: ----------------------------------"},"type":"ws_msg"}
{"payload":{"local_timestamp":1669279944192,"stderr":true,"stdout":"\n"},"type":"ws_msg"}
{"payload":{"local_timestamp":1669279944192,"stderr":true,"stdout":"COMET WARNING: Experiment Name is generated at upload time for Offline Experiments unless set explicitly with Experiment.set_name"},"type":"ws_msg"}
{"payload":{"local_timestamp":1669279944193,"stderr":true,"stdout":"\n"},"type":"ws_msg"}
{"payload":{"local_timestamp":1669279944193,"stderr":true,"stdout":"COMET WARNING: Comet has disabled auto-logging functionality as it has been imported after the following ML modules: tensorboard, torch. Metrics and hyperparameters can still be logged using comet_ml.log_metrics() and comet_ml.log_parameters()"},"type":"ws_msg"}
{"payload":{"local_timestamp":1669279944193,"stderr":true,"stdout":"\n"},"type":"ws_msg"}
{"payload":{"local_timestamp":1669279944193,"log_other":{"key":"sys.already_imported_modules","val":"[\"tensorboard\", \"torch\"]"}},"type":"ws_msg"}
