{"payload":{"installed_packages":["absl-py==1.2.0","addict==2.4.0","aiohttp==3.8.1","aiosignal==1.2.0","antlr4-python3-runtime==4.9.3","anyio==3.6.1","appdirs==1.4.4","argon2-cffi-bindings==21.2.0","argon2-cffi==21.3.0","async-timeout==4.0.1","asynctest==0.13.0","attrs==21.4.0","backcall==0.2.0","beautifulsoup4==4.11.1","black==22.3.0","bleach==5.0.1","blinker==1.4","brotlipy==0.7.0","cachetools==4.2.4","certifi==2021.5.30","cffi==1.15.0","chardet==3.0.4","charset-normalizer==2.1.0","click==8.1.3","cloudpickle==2.1.0","colorama==0.4.5","comet-ml==3.31.12","commonmark==0.9.1","configobj==5.0.6","coremltools==5.2.0","cryptography==37.0.1","cuda-python==11.5.0","cupy-cuda111==11.0.0","cycler==0.10.0","cython==0.29.32","debugpy==1.6.3","decorator==5.1.1","defusedxml==0.7.1","docker-pycreds==0.4.0","dulwich==0.20.46","easydict==1.10","einops==0.4.1","ensemble-boxes==1.0.9","entrypoints==0.4","everett==3.0.0","fairscale==0.4.8","faiss-cpu==1.7.2","faiss==1.7.2","fast-ctc-decode==0.3.2","fastjsonschema==2.16.1","fastrlock==0.8","filelock==3.8.0","filterpy==1.4.5","flake8==5.0.4","flatbuffers==2.0","fonttools==4.34.4","frozenlist==1.2.0","future==0.18.2","fvcore==0.1.5.post20220512","gdown==4.5.3","gitdb==4.0.9","gitpython==3.1.27","glob2==0.7","google-auth-oauthlib==0.4.6","google-auth==1.35.0","grpcio==1.47.0","h11==0.12.0","h5py==3.7.0","httpcore==0.15.0","httpx==0.23.0","huggingface-hub==0.8.1","hydra-core==1.2.0","idna==2.10","imagecodecs==2021.11.20","imageio==2.22.2","imagesize==1.4.1","imgviz==1.5.1","importlib-metadata==4.2.0","importlib-resources==5.9.0","imutils==0.5.4","iopath==0.1.9","ipykernel==6.15.1","ipython-genutils==0.2.0","ipython==7.34.0","ipywidgets==8.0.1","iso8601==1.1.0","isort==4.3.21","jedi==0.18.1","jinja2==3.1.2","joblib==1.1.0","jsonschema==4.12.1","jstyleson==0.0.2","jupyter-client==7.3.4","jupyter-console==6.4.4","jupyter-core==4.11.1","jupyter==1.0.0","jupyterlab-pygments==0.2.2","jupyterlab-widgets==3.0.1","kiwisolver==1.3.1","labelme==5.0.2","lap==0.4.0","llvmlite==0.39.0","lmdb==1.3.0","loguru==0.6.0","lxml==4.9.1","mako==1.2.1","markdown==3.3.4","markupsafe==2.1.1","matplotlib-inline==0.1.3","matplotlib==3.2.2","mccabe==0.7.0","mistune==0.8.4","mkl-fft==1.3.0","mkl-random==1.1.1","mkl-service==2.3.0","mmcv-full==1.6.1","model-index==0.1.11","motmetrics==1.2.5","mpmath==1.2.1","multidict==5.1.0","mypy-extensions==0.4.3","natsort==8.2.0","nbclient==0.6.6","nbconvert==6.5.3","nbformat==5.4.0","nest-asyncio==1.5.5","networkx==2.6.3","nibabel==4.0.1","ninja==1.10.2.3","nltk==3.7","notebook==6.4.12","numba==0.56.0","numpy==1.21.6","nvidia-pyindex==1.0.9","oauthlib==3.2.0","omegaconf==2.2.2","onnx-simplifier==0.4.8","onnx==1.12.0","onnxoptimizer==0.3.0","onnxruntime==1.8.0","opencv-python==4.6.0.66","openmim==0.2.1","openvino-telemetry==2022.1.1","openvino==2022.1.0","ordered-set==4.1.0","packaging==21.3","pandas==1.1.5","pandocfilters==1.5.0","parasail==1.2.4","parso==0.8.3","pathspec==0.9.0","pathtools==0.1.2","pickleshare==0.7.5","pillow==9.0.1","pip==22.2.2","pkgutil-resolve-name==1.3.10","platformdirs==2.5.2","polygon-inter-union-cuda==2.1","polygon==1.0.9","portalocker==2.5.1","progress==1.6","prometheus-client==0.14.1","promise==2.3","prompt-toolkit==3.0.30","protobuf==3.19.4","psutil==5.9.1","py-cpuinfo==8.0.0","pyasn1-modules==0.2.8","pyasn1==0.4.8","pyclipper==1.3.0.post3","pycocotools==2.0.4","pycodestyle==2.9.1","pycparser==2.21","pycuda==2022.1","pydicom==2.3.0","pydot==1.4.2","pyflakes==2.5.0","pygments==2.12.0","pyjwt==2.4.0","pyopenssl==22.0.0","pyparsing==2.4.7","pyqt5-qt5==5.15.2","pyqt5-sip==12.11.0","pyqt5==5.15.7","pyrsistent==0.18.1","pysocks==1.7.1","python-dateutil==2.8.2","python-dotenv==0.20.0","pytools==2022.1.12","pytz==2022.1","pywavelets==1.3.0","pywin32==304","pywinpty==2.0.7","pyyaml==6.0","pyzmq==23.2.1","qtconsole==5.3.1","qtpy==2.2.0","qudida==0.0.4","rawpy==0.17.1","regex==2022.7.9","requests-oauthlib==1.3.1","requests-toolbelt==0.9.1","requests==2.23.0","rfc3986==1.5.0","rich==12.5.1","roboflow==0.2.11","rsa==4.9","sacremoses==0.0.53","scikit-image==0.19.3","scikit-learn==0.24.2","scipy==1.5.4","seaborn==0.11.2","semantic-version==2.10.0","send2trash==1.8.0","sentencepiece==0.1.96","sentry-sdk==1.9.0","serial==0.0.97","setproctitle==1.3.2","setuptools==61.2.0","shapely==1.8.2","shortuuid==1.0.9","six==1.16.0","smmap==5.0.0","sniffio==1.2.0","soupsieve==2.3.2.post1","sympy==1.10.1","tabulate==0.8.10","tb-nightly==2.11.0a20221030","tensorboard-data-server==0.6.1","tensorboard-plugin-wit==1.8.1","tensorboard==2.4.1","tensorboardx==2.5.1","tensorrt==8.2.5.1","termcolor==1.1.0","terminado==0.15.0","terminaltables==3.1.10","texttable==1.6.4","thop==0.1.1.post2207130030","threadpoolctl==3.1.0","tifffile==2021.11.2","timm==0.6.5","tinycss2==1.1.1","tokenizers==0.10.3","tomli==2.0.1","torch==1.8.1+cu111","torchaudio==0.8.1","torchvision==0.9.1+cu111","tornado==6.2","tqdm==4.64.0","traitlets==5.3.0","transformers==4.16.2","typed-ast==1.5.4","typing-extensions==4.3.0","urllib3==1.25.11","wcwidth==0.2.5","webencodings==0.5.1","websocket-client==1.3.3","websockets==10.3","werkzeug==2.2.0","wget==3.2","wheel==0.37.1","widgetsnbextension==4.0.1","win-inet-pton==1.1.0","win32-setctime==1.1.0","wincertstore==0.2","wrapt==1.14.1","wurlitzer==3.0.2","xmltodict==0.13.0","yacs==0.1.8","yapf==0.32.0","yarl==1.6.3","zipp==3.8.1"],"local_timestamp":1668391394164},"type":"ws_msg"}
{"payload":{"env_details":{"command":["train.py","--cfg","models/yolov5sEfficientLite.yaml"],"env":null,"hostname":"PC-202208301411","ip":"210.30.214.100","machine":"AMD64","os":"Windows-10-10.0.19041-SP0","os_release":"10","os_type":"Windows","pid":13376,"processor":"Intel64 Family 6 Model 151 Stepping 2, GenuineIntel","python_exe":"C:\\ProgramData\\Anaconda3\\envs\\torch\\python.exe","python_version":"3.7.1","python_version_verbose":"3.7.1 (default, Oct 28 2018, 08:39:03) [MSC v.1912 64 bit (AMD64)]","user":"Administrator"},"local_timestamp":1668391394168},"type":"ws_msg"}
{"payload":{"local_timestamp":1668391394284,"param":{"paramName":"cfg","paramValue":"models/yolov5sEfficientLite.yaml","step":null}},"type":"parameter_msg"}
{"payload":{"local_timestamp":1668391394285,"metric":{"epoch":null,"metricName":"sys.cpu.percent.avg","metricValue":37.050000000000004,"step":null}},"type":"metric_msg"}
{"payload":{"local_timestamp":1668391394285,"metric":{"epoch":null,"metricName":"sys.cpu.percent.01","metricValue":78.6,"step":null}},"type":"metric_msg"}
{"payload":{"local_timestamp":1668391394285,"metric":{"epoch":null,"metricName":"sys.cpu.percent.02","metricValue":32.1,"step":null}},"type":"metric_msg"}
{"payload":{"local_timestamp":1668391394285,"metric":{"epoch":null,"metricName":"sys.cpu.percent.03","metricValue":32.1,"step":null}},"type":"metric_msg"}
{"payload":{"local_timestamp":1668391394285,"metric":{"epoch":null,"metricName":"sys.cpu.percent.04","metricValue":30.4,"step":null}},"type":"metric_msg"}
{"payload":{"local_timestamp":1668391394285,"metric":{"epoch":null,"metricName":"sys.cpu.percent.05","metricValue":37.5,"step":null}},"type":"metric_msg"}
{"payload":{"local_timestamp":1668391394285,"metric":{"epoch":null,"metricName":"sys.cpu.percent.06","metricValue":32.1,"step":null}},"type":"metric_msg"}
{"payload":{"local_timestamp":1668391394285,"metric":{"epoch":null,"metricName":"sys.cpu.percent.07","metricValue":33.9,"step":null}},"type":"metric_msg"}
{"payload":{"local_timestamp":1668391394285,"metric":{"epoch":null,"metricName":"sys.cpu.percent.08","metricValue":26.8,"step":null}},"type":"metric_msg"}
{"payload":{"local_timestamp":1668391394285,"metric":{"epoch":null,"metricName":"sys.cpu.percent.09","metricValue":35.7,"step":null}},"type":"metric_msg"}
{"payload":{"local_timestamp":1668391394285,"metric":{"epoch":null,"metricName":"sys.cpu.percent.10","metricValue":28.6,"step":null}},"type":"metric_msg"}
{"payload":{"local_timestamp":1668391394285,"metric":{"epoch":null,"metricName":"sys.cpu.percent.11","metricValue":28.6,"step":null}},"type":"metric_msg"}
{"payload":{"local_timestamp":1668391394285,"metric":{"epoch":null,"metricName":"sys.cpu.percent.12","metricValue":48.2,"step":null}},"type":"metric_msg"}
{"payload":{"local_timestamp":1668391394285,"metric":{"epoch":null,"metricName":"sys.load.avg","metricValue":0.0,"step":null}},"type":"metric_msg"}
{"payload":{"local_timestamp":1668391394285,"metric":{"epoch":null,"metricName":"sys.ram.total","metricValue":34192379904,"step":null}},"type":"metric_msg"}
{"payload":{"local_timestamp":1668391394285,"metric":{"epoch":null,"metricName":"sys.ram.used","metricValue":17490653184,"step":null}},"type":"metric_msg"}
{"payload":{"local_timestamp":1668391394285,"log_other":{"key":"offline_experiment","val":true}},"type":"ws_msg"}
{"payload":{"additional_params":{"assetId":"665f1283c6e74f2384688e4e60950880","context":null,"extension":"yaml","fileName":"NEU.yaml","overwrite":false,"runId":null,"step":null},"clean":true,"file_path":"tmprkrtawuj","local_timestamp":1668391394287,"metadata":{"type":"data-config-file"},"upload_type":"asset"},"type":"file_upload"}
{"payload":{"local_timestamp":1668391394290,"log_other":{"key":"Created from","val":"YOLOv5"}},"type":"ws_msg"}
{"payload":{"local_timestamp":1668391394290,"param":{"paramName":"artifact_alias","paramValue":"latest","step":null}},"type":"parameter_msg"}
{"payload":{"local_timestamp":1668391394290,"param":{"paramName":"batch_size","paramValue":2,"step":null}},"type":"parameter_msg"}
{"payload":{"local_timestamp":1668391394290,"param":{"paramName":"bbox_interval","paramValue":-1,"step":null}},"type":"parameter_msg"}
{"payload":{"local_timestamp":1668391394290,"param":{"paramName":"bucket","paramValue":"","step":null}},"type":"parameter_msg"}
{"payload":{"local_timestamp":1668391394290,"param":{"paramName":"cache","paramValue":null,"step":null}},"type":"parameter_msg"}
{"payload":{"local_timestamp":1668391394290,"param":{"paramName":"cos_lr","paramValue":false,"step":null}},"type":"parameter_msg"}
{"payload":{"local_timestamp":1668391394290,"param":{"paramName":"data","paramValue":"data\\NEU.yaml","step":null}},"type":"parameter_msg"}
{"payload":{"local_timestamp":1668391394290,"param":{"paramName":"device","paramValue":"","step":null}},"type":"parameter_msg"}
{"payload":{"local_timestamp":1668391394290,"param":{"paramName":"entity","paramValue":null,"step":null}},"type":"parameter_msg"}
{"payload":{"local_timestamp":1668391394290,"param":{"paramName":"epochs","paramValue":100,"step":null}},"type":"parameter_msg"}
{"payload":{"local_timestamp":1668391394290,"param":{"paramName":"evolve","paramValue":null,"step":null}},"type":"parameter_msg"}
{"payload":{"local_timestamp":1668391394290,"param":{"paramName":"exist_ok","paramValue":false,"step":null}},"type":"parameter_msg"}
{"payload":{"local_timestamp":1668391394290,"params":{"paramName":"freeze","paramValue":[0],"step":null}},"type":"parameter_msg"}
{"payload":{"local_timestamp":1668391394290,"param":{"paramName":"hyp","paramValue":"{\"anchor_t\": 4.0, \"box\": 0.05, \"cls\": 0.5, \"cls_pw\": 1.0, \"copy_paste\": 0.0, \"degrees\": 0.0, \"fl_gamma\": 0.0, \"fliplr\": 0.5, \"flipud\": 0.0, \"hsv_h\": 0.015, \"hsv_s\": 0.7, \"hsv_v\": 0.4, \"iou_t\": 0.2, \"lr0\": 0.01, \"lrf\": 0.01, \"mixup\": 0.0, \"momentum\": 0.937, \"mosaic\": 1.0, \"obj\": 1.0, \"obj_pw\": 1.0, \"perspective\": 0.0, \"scale\": 0.5, \"shear\": 0.0, \"translate\": 0.1, \"warmup_bias_lr\": 0.1, \"warmup_epochs\": 3.0, \"warmup_momentum\": 0.8, \"weight_decay\": 0.0005}","step":null}},"type":"parameter_msg"}
{"payload":{"local_timestamp":1668391394290,"param":{"paramName":"image_weights","paramValue":false,"step":null}},"type":"parameter_msg"}
{"payload":{"local_timestamp":1668391394290,"param":{"paramName":"imgsz","paramValue":640,"step":null}},"type":"parameter_msg"}
{"payload":{"local_timestamp":1668391394290,"param":{"paramName":"label_smoothing","paramValue":0.0,"step":null}},"type":"parameter_msg"}
{"payload":{"local_timestamp":1668391394290,"param":{"paramName":"local_rank","paramValue":-1,"step":null}},"type":"parameter_msg"}
{"payload":{"local_timestamp":1668391394290,"param":{"paramName":"multi_scale","paramValue":false,"step":null}},"type":"parameter_msg"}
{"payload":{"local_timestamp":1668391394290,"param":{"paramName":"name","paramValue":"exp","step":null}},"type":"parameter_msg"}
{"payload":{"local_timestamp":1668391394290,"param":{"paramName":"noautoanchor","paramValue":false,"step":null}},"type":"parameter_msg"}
{"payload":{"local_timestamp":1668391394290,"param":{"paramName":"noplots","paramValue":false,"step":null}},"type":"parameter_msg"}
{"payload":{"local_timestamp":1668391394290,"param":{"paramName":"nosave","paramValue":false,"step":null}},"type":"parameter_msg"}
{"payload":{"local_timestamp":1668391394290,"param":{"paramName":"noval","paramValue":false,"step":null}},"type":"parameter_msg"}
{"payload":{"local_timestamp":1668391394290,"param":{"paramName":"optimizer","paramValue":"SGD","step":null}},"type":"parameter_msg"}
{"payload":{"local_timestamp":1668391394290,"param":{"paramName":"patience","paramValue":100,"step":null}},"type":"parameter_msg"}
{"payload":{"local_timestamp":1668391394290,"param":{"paramName":"project","paramValue":"runs\\train","step":null}},"type":"parameter_msg"}
{"payload":{"local_timestamp":1668391394290,"param":{"paramName":"quad","paramValue":false,"step":null}},"type":"parameter_msg"}
{"payload":{"local_timestamp":1668391394290,"param":{"paramName":"rect","paramValue":false,"step":null}},"type":"parameter_msg"}
{"payload":{"local_timestamp":1668391394290,"param":{"paramName":"resume","paramValue":false,"step":null}},"type":"parameter_msg"}
{"payload":{"local_timestamp":1668391394290,"param":{"paramName":"save_dir","paramValue":"runs\\train\\exp3","step":null}},"type":"parameter_msg"}
{"payload":{"local_timestamp":1668391394290,"param":{"paramName":"save_period","paramValue":-1,"step":null}},"type":"parameter_msg"}
{"payload":{"local_timestamp":1668391394290,"param":{"paramName":"seed","paramValue":0,"step":null}},"type":"parameter_msg"}
{"payload":{"local_timestamp":1668391394290,"param":{"paramName":"single_cls","paramValue":false,"step":null}},"type":"parameter_msg"}
{"payload":{"local_timestamp":1668391394290,"param":{"paramName":"sync_bn","paramValue":false,"step":null}},"type":"parameter_msg"}
{"payload":{"local_timestamp":1668391394290,"param":{"paramName":"upload_dataset","paramValue":false,"step":null}},"type":"parameter_msg"}
{"payload":{"local_timestamp":1668391394290,"param":{"paramName":"weights","paramValue":".","step":null}},"type":"parameter_msg"}
{"payload":{"local_timestamp":1668391394290,"param":{"paramName":"workers","paramValue":8,"step":null}},"type":"parameter_msg"}
{"payload":{"local_timestamp":1668391394290,"param":{"paramName":"anchor_t","paramValue":4.0,"step":null}},"type":"parameter_msg"}
{"payload":{"local_timestamp":1668391394290,"param":{"paramName":"box","paramValue":0.05,"step":null}},"type":"parameter_msg"}
{"payload":{"local_timestamp":1668391394290,"param":{"paramName":"cls","paramValue":0.5,"step":null}},"type":"parameter_msg"}
{"payload":{"local_timestamp":1668391394290,"param":{"paramName":"cls_pw","paramValue":1.0,"step":null}},"type":"parameter_msg"}
{"payload":{"local_timestamp":1668391394290,"param":{"paramName":"copy_paste","paramValue":0.0,"step":null}},"type":"parameter_msg"}
{"payload":{"local_timestamp":1668391394290,"param":{"paramName":"degrees","paramValue":0.0,"step":null}},"type":"parameter_msg"}
{"payload":{"local_timestamp":1668391394290,"param":{"paramName":"fl_gamma","paramValue":0.0,"step":null}},"type":"parameter_msg"}
{"payload":{"local_timestamp":1668391394290,"param":{"paramName":"fliplr","paramValue":0.5,"step":null}},"type":"parameter_msg"}
{"payload":{"local_timestamp":1668391394290,"param":{"paramName":"flipud","paramValue":0.0,"step":null}},"type":"parameter_msg"}
{"payload":{"local_timestamp":1668391394290,"param":{"paramName":"hsv_h","paramValue":0.015,"step":null}},"type":"parameter_msg"}
{"payload":{"local_timestamp":1668391394290,"param":{"paramName":"hsv_s","paramValue":0.7,"step":null}},"type":"parameter_msg"}
{"payload":{"local_timestamp":1668391394290,"param":{"paramName":"hsv_v","paramValue":0.4,"step":null}},"type":"parameter_msg"}
{"payload":{"local_timestamp":1668391394290,"param":{"paramName":"iou_t","paramValue":0.2,"step":null}},"type":"parameter_msg"}
{"payload":{"local_timestamp":1668391394290,"param":{"paramName":"lr0","paramValue":0.01,"step":null}},"type":"parameter_msg"}
{"payload":{"local_timestamp":1668391394290,"param":{"paramName":"lrf","paramValue":0.01,"step":null}},"type":"parameter_msg"}
{"payload":{"local_timestamp":1668391394290,"param":{"paramName":"mixup","paramValue":0.0,"step":null}},"type":"parameter_msg"}
{"payload":{"local_timestamp":1668391394290,"param":{"paramName":"momentum","paramValue":0.937,"step":null}},"type":"parameter_msg"}
{"payload":{"local_timestamp":1668391394290,"param":{"paramName":"mosaic","paramValue":1.0,"step":null}},"type":"parameter_msg"}
{"payload":{"local_timestamp":1668391394290,"param":{"paramName":"obj","paramValue":1.0,"step":null}},"type":"parameter_msg"}
{"payload":{"local_timestamp":1668391394290,"param":{"paramName":"obj_pw","paramValue":1.0,"step":null}},"type":"parameter_msg"}
{"payload":{"local_timestamp":1668391394290,"param":{"paramName":"perspective","paramValue":0.0,"step":null}},"type":"parameter_msg"}
{"payload":{"local_timestamp":1668391394290,"param":{"paramName":"scale","paramValue":0.5,"step":null}},"type":"parameter_msg"}
{"payload":{"local_timestamp":1668391394291,"param":{"paramName":"shear","paramValue":0.0,"step":null}},"type":"parameter_msg"}
{"payload":{"local_timestamp":1668391394291,"param":{"paramName":"translate","paramValue":0.1,"step":null}},"type":"parameter_msg"}
{"payload":{"local_timestamp":1668391394291,"param":{"paramName":"warmup_bias_lr","paramValue":0.1,"step":null}},"type":"parameter_msg"}
{"payload":{"local_timestamp":1668391394291,"param":{"paramName":"warmup_epochs","paramValue":3.0,"step":null}},"type":"parameter_msg"}
{"payload":{"local_timestamp":1668391394291,"param":{"paramName":"warmup_momentum","paramValue":0.8,"step":null}},"type":"parameter_msg"}
{"payload":{"local_timestamp":1668391394291,"param":{"paramName":"weight_decay","paramValue":0.0005,"step":null}},"type":"parameter_msg"}
{"payload":{"additional_params":{"assetId":"c8ca0514b7e348018a27f9426426006d","context":null,"epoch":null,"extension":"json","fileName":"hyperparameters.json","overwrite":false,"runId":null,"step":null},"clean":true,"file_path":"tmpnm42e3it","local_timestamp":1668391394303,"metadata":{"type":"hyp-config-file"},"upload_type":"asset"},"type":"file_upload"}
{"payload":{"additional_params":{"assetId":"240366da10784dc3aeddb014179853aa","context":null,"extension":"yaml","fileName":"opt.yaml","overwrite":false,"runId":null,"step":null},"clean":true,"file_path":"tmp1u2zowrc","local_timestamp":1668391394292,"metadata":{"type":"opt-config-file"},"upload_type":"asset"},"type":"file_upload"}
{"payload":{"local_timestamp":1668391394292,"param":{"paramName":"val_conf_threshold","paramValue":0.001,"step":null}},"type":"parameter_msg"}
{"payload":{"local_timestamp":1668391394292,"param":{"paramName":"val_iou_threshold","paramValue":0.6,"step":null}},"type":"parameter_msg"}
{"payload":{"local_timestamp":1668391394292,"log_other":{"key":"comet_mode","val":"online"}},"type":"ws_msg"}
{"payload":{"local_timestamp":1668391394292,"log_other":{"key":"comet_max_image_uploads","val":100}},"type":"ws_msg"}
{"payload":{"local_timestamp":1668391394292,"log_other":{"key":"comet_log_per_class_metrics","val":false}},"type":"ws_msg"}
{"payload":{"local_timestamp":1668391394292,"log_other":{"key":"comet_log_batch_metrics","val":false}},"type":"ws_msg"}
{"payload":{"local_timestamp":1668391394292,"log_other":{"key":"comet_log_confusion_matrix","val":true}},"type":"ws_msg"}
{"payload":{"local_timestamp":1668391394292,"log_other":{"key":"comet_model_name","val":"yolov5"}},"type":"ws_msg"}
{"payload":{"local_timestamp":1668391394302,"stderr":true,"stdout":"Overriding model.yaml nc=80 with nc=6"},"type":"ws_msg"}
{"payload":{"local_timestamp":1668391394302,"stderr":true,"stdout":"\n"},"type":"ws_msg"}
{"payload":{"local_timestamp":1668391394302,"stderr":true,"stdout":"\n                 from  n    params  module                                  arguments                     "},"type":"ws_msg"}
{"payload":{"local_timestamp":1668391394302,"stderr":true,"stdout":"\n"},"type":"ws_msg"}
{"payload":{"local_timestamp":1668391394303,"stderr":true,"stdout":"  0                -1  1       464  models.common.stem                      [3, 16, 'ReLU6']              "},"type":"ws_msg"}
{"payload":{"local_timestamp":1668391394303,"stderr":true,"stdout":"\n"},"type":"ws_msg"}
{"payload":{"local_timestamp":1668391394304,"stderr":true,"stdout":"  1                -1  1       320  models.common.MBConvBlock               [16, 8, 3, 1, 1, 0]           "},"type":"ws_msg"}
{"payload":{"local_timestamp":1668391394304,"stderr":true,"stdout":"\n"},"type":"ws_msg"}
{"payload":{"local_timestamp":1668391394304,"stderr":true,"stdout":"  2                -1  1      3020  models.common.MBConvBlock               [8, 16, 3, 2, 6, 0.028, True] "},"type":"ws_msg"}
{"payload":{"local_timestamp":1668391394305,"stderr":true,"stdout":"\n"},"type":"ws_msg"}
{"payload":{"local_timestamp":1668391394305,"stderr":true,"stdout":"  3                -1  1      4352  models.common.MBConvBlock               [16, 16, 3, 1, 6, 0.057]      "},"type":"ws_msg"}
{"payload":{"local_timestamp":1668391394305,"stderr":true,"stdout":"\n"},"type":"ws_msg"}
{"payload":{"local_timestamp":1668391394306,"stderr":true,"stdout":"  4                -1  1      6672  models.common.MBConvBlock               [16, 24, 5, 2, 6, 0.085]      "},"type":"ws_msg"}
{"payload":{"local_timestamp":1668391394306,"stderr":true,"stdout":"\n"},"type":"ws_msg"}
{"payload":{"local_timestamp":1668391394307,"stderr":true,"stdout":"  5                -1  1     11136  models.common.MBConvBlock               [24, 24, 5, 1, 6, 0.114]      "},"type":"ws_msg"}
{"payload":{"local_timestamp":1668391394307,"stderr":true,"stdout":"\n"},"type":"ws_msg"}
{"payload":{"local_timestamp":1668391394308,"stderr":true,"stdout":"  6                -1  1     11168  models.common.MBConvBlock               [24, 40, 3, 2, 6, 0.142]      "},"type":"ws_msg"}
{"payload":{"local_timestamp":1668391394308,"stderr":true,"stdout":"\n"},"type":"ws_msg"}
{"payload":{"local_timestamp":1668391394309,"stderr":true,"stdout":"  7                -1  1     22400  models.common.MBConvBlock               [40, 40, 3, 1, 6, 0.171]      "},"type":"ws_msg"}
{"payload":{"local_timestamp":1668391394309,"stderr":true,"stdout":"\n"},"type":"ws_msg"}
{"payload":{"local_timestamp":1668391394309,"stderr":true,"stdout":"  8                -1  1     22400  models.common.MBConvBlock               [40, 40, 3, 1, 6, 0.2]        "},"type":"ws_msg"}
{"payload":{"local_timestamp":1668391394309,"stderr":true,"stdout":"\n"},"type":"ws_msg"}
{"payload":{"local_timestamp":1668391394310,"stderr":true,"stdout":"  9                -1  1     30112  models.common.MBConvBlock               [40, 56, 5, 1, 6, 0.228]      "},"type":"ws_msg"}
{"payload":{"local_timestamp":1668391394310,"stderr":true,"stdout":"\n"},"type":"ws_msg"}
{"payload":{"local_timestamp":1668391394310,"stderr":true,"stdout":" 10                -1  1     47488  models.common.MBConvBlock               [56, 56, 5, 1, 6, 0.257]      "},"type":"ws_msg"}
{"payload":{"local_timestamp":1668391394311,"stderr":true,"stdout":"\n"},"type":"ws_msg"}
{"payload":{"local_timestamp":1668391394311,"stderr":true,"stdout":" 11                -1  1     47488  models.common.MBConvBlock               [56, 56, 5, 1, 6, 0.285]      "},"type":"ws_msg"}
{"payload":{"local_timestamp":1668391394311,"stderr":true,"stdout":"\n"},"type":"ws_msg"}
{"payload":{"local_timestamp":1668391394312,"stderr":true,"stdout":" 12                -1  1     61008  models.common.MBConvBlock               [56, 96, 5, 2, 6, 0.314]      "},"type":"ws_msg"}
{"payload":{"local_timestamp":1668391394312,"stderr":true,"stdout":"\n"},"type":"ws_msg"}
{"payload":{"local_timestamp":1668391394313,"stderr":true,"stdout":" 13                -1  1    127488  models.common.MBConvBlock               [96, 96, 5, 1, 6, 0.342]      "},"type":"ws_msg"}
{"payload":{"local_timestamp":1668391394313,"stderr":true,"stdout":"\n"},"type":"ws_msg"}
{"payload":{"local_timestamp":1668391394314,"stderr":true,"stdout":" 14                -1  1    127488  models.common.MBConvBlock               [96, 96, 5, 1, 6, 0.371]      "},"type":"ws_msg"}
{"payload":{"local_timestamp":1668391394314,"stderr":true,"stdout":"\n"},"type":"ws_msg"}
{"payload":{"local_timestamp":1668391394315,"stderr":true,"stdout":" 15                -1  1    127488  models.common.MBConvBlock               [96, 96, 5, 1, 6, 0.4]        "},"type":"ws_msg"}
{"payload":{"local_timestamp":1668391394315,"stderr":true,"stdout":"\n"},"type":"ws_msg"}
{"payload":{"local_timestamp":1668391394316,"stderr":true,"stdout":" 16                -1  1    155264  models.common.MBConvBlock               [96, 160, 3, 1, 6, 0.428]     "},"type":"ws_msg"}
{"payload":{"local_timestamp":1668391394316,"stderr":true,"stdout":"\n"},"type":"ws_msg"}
{"payload":{"local_timestamp":1668391394317,"stderr":true,"stdout":" 17                -1  1    177824  models.common.SPPF                      [160, 512, 5]                 "},"type":"ws_msg"}
{"payload":{"local_timestamp":1668391394317,"stderr":true,"stdout":"\n"},"type":"ws_msg"}
{"payload":{"local_timestamp":1668391394318,"stderr":true,"stdout":" 18                -1  1    131584  models.common.Conv                      [512, 256, 1, 1]              "},"type":"ws_msg"}
{"payload":{"local_timestamp":1668391394318,"stderr":true,"stdout":"\n"},"type":"ws_msg"}
{"payload":{"local_timestamp":1668391394318,"stderr":true,"stdout":" 19                -1  1         0  torch.nn.modules.upsampling.Upsample    [None, 2, 'nearest']          "},"type":"ws_msg"}
{"payload":{"local_timestamp":1668391394318,"stderr":true,"stdout":"\n"},"type":"ws_msg"}
{"payload":{"local_timestamp":1668391394318,"stderr":true,"stdout":" 20          [-1, 11]  1         0  models.common.Concat                    [1]                           "},"type":"ws_msg"}
{"payload":{"local_timestamp":1668391394318,"stderr":true,"stdout":"\n"},"type":"ws_msg"}
{"payload":{"local_timestamp":1668391394320,"stderr":true,"stdout":" 21                -1  1    310784  models.common.C3                        [312, 256, 1, False]          "},"type":"ws_msg"}
{"payload":{"local_timestamp":1668391394320,"stderr":true,"stdout":"\n"},"type":"ws_msg"}
{"payload":{"local_timestamp":1668391394321,"stderr":true,"stdout":" 22                -1  1     33024  models.common.Conv                      [256, 128, 1, 1]              "},"type":"ws_msg"}
{"payload":{"local_timestamp":1668391394321,"stderr":true,"stdout":"\n"},"type":"ws_msg"}
{"payload":{"local_timestamp":1668391394321,"stderr":true,"stdout":" 23                -1  1         0  torch.nn.modules.upsampling.Upsample    [None, 2, 'nearest']          "},"type":"ws_msg"}
{"payload":{"local_timestamp":1668391394321,"stderr":true,"stdout":"\n"},"type":"ws_msg"}
{"payload":{"local_timestamp":1668391394321,"stderr":true,"stdout":" 24           [-1, 5]  1         0  models.common.Concat                    [1]                           "},"type":"ws_msg"}
{"payload":{"local_timestamp":1668391394321,"stderr":true,"stdout":"\n"},"type":"ws_msg"}
{"payload":{"local_timestamp":1668391394322,"stderr":true,"stdout":" 25                -1  1     77568  models.common.C3                        [152, 128, 1, False]          "},"type":"ws_msg"}
{"payload":{"local_timestamp":1668391394322,"stderr":true,"stdout":"\n"},"type":"ws_msg"}
{"payload":{"local_timestamp":1668391394323,"stderr":true,"stdout":" 26                -1  1    147712  models.common.Conv                      [128, 128, 3, 2]              "},"type":"ws_msg"}
{"payload":{"local_timestamp":1668391394323,"stderr":true,"stdout":"\n"},"type":"ws_msg"}
{"payload":{"local_timestamp":1668391394323,"stderr":true,"stdout":" 27          [-1, 22]  1         0  models.common.Concat                    [1]                           "},"type":"ws_msg"}
{"payload":{"local_timestamp":1668391394323,"stderr":true,"stdout":"\n"},"type":"ws_msg"}
{"payload":{"local_timestamp":1668391394325,"stderr":true,"stdout":" 28                -1  1    296448  models.common.C3                        [256, 256, 1, False]          "},"type":"ws_msg"}
{"payload":{"local_timestamp":1668391394325,"stderr":true,"stdout":"\n"},"type":"ws_msg"}
{"payload":{"local_timestamp":1668391394328,"stderr":true,"stdout":" 29                -1  1    590336  models.common.Conv                      [256, 256, 3, 2]              "},"type":"ws_msg"}
{"payload":{"local_timestamp":1668391394328,"stderr":true,"stdout":"\n"},"type":"ws_msg"}
{"payload":{"local_timestamp":1668391394328,"stderr":true,"stdout":" 30          [-1, 18]  1         0  models.common.Concat                    [1]                           "},"type":"ws_msg"}
{"payload":{"local_timestamp":1668391394328,"stderr":true,"stdout":"\n"},"type":"ws_msg"}
{"payload":{"local_timestamp":1668391394333,"stderr":true,"stdout":" 31                -1  1   1182720  models.common.C3                        [512, 512, 1, False]          "},"type":"ws_msg"}
{"payload":{"local_timestamp":1668391394333,"stderr":true,"stdout":"\n"},"type":"ws_msg"}
{"payload":{"local_timestamp":1668391394333,"stderr":true,"stdout":" 32      [25, 28, 31]  1     29667  models.yolo.Detect                      [6, [[10, 13, 16, 30, 33, 23], [30, 61, 62, 45, 59, 119], [116, 90, 156, 198, 373, 326]], [128, 256, 512]]"},"type":"ws_msg"}
{"payload":{"local_timestamp":1668391394333,"stderr":true,"stdout":"\n"},"type":"ws_msg"}
{"payload":{"local_timestamp":1668391394601,"stderr":true,"stdout":"YOLOv5sEfficientLite summary: 243 layers, 3783423 parameters, 3783423 gradients, 7.4 GFLOPs"},"type":"ws_msg"}
{"payload":{"local_timestamp":1668391394602,"stderr":true,"stdout":"\n"},"type":"ws_msg"}
{"payload":{"local_timestamp":1668391394602,"stderr":true,"stdout":"\n"},"type":"ws_msg"}
{"payload":{"local_timestamp":1668391395224,"stderr":true,"stdout":"COMET WARNING: Unknown error exporting current conda environment"},"type":"ws_msg"}
{"payload":{"local_timestamp":1668391395224,"stderr":true,"stdout":"\n"},"type":"ws_msg"}
{"payload":{"additional_params":{"assetId":"4e7ce77734c84242abf71462906f9f30","context":null,"epoch":null,"extension":"txt","fileName":"conda-spec.txt","overwrite":false,"runId":null,"step":null,"type":"conda-specification"},"clean":true,"file_path":"tmpbv4k2wl7","local_timestamp":1668391395478,"metadata":{},"upload_type":"conda-specification"},"type":"file_upload"}
{"payload":{"additional_params":{"assetId":"3397d334d69b4519a3112043f06d076c","context":null,"epoch":null,"extension":"yml","fileName":"conda-info.yml","overwrite":false,"runId":null,"step":null,"type":"conda-info"},"clean":true,"file_path":"tmpb304crvh","local_timestamp":1668391395759,"metadata":{},"upload_type":"conda-info"},"type":"file_upload"}
{"payload":{"local_timestamp":1668391396522,"stderr":true,"stdout":"\u001b[34m\u001b[1mAMP: \u001b[0mchecks passed "},"type":"ws_msg"}
{"payload":{"local_timestamp":1668391396522,"stderr":true,"stdout":"\n"},"type":"ws_msg"}
{"payload":{"local_timestamp":1668391396524,"stderr":true,"stdout":"\u001b[34m\u001b[1moptimizer:\u001b[0m SGD(lr=0.01) with parameter groups 74 weight(decay=0.0), 79 weight(decay=0.0005), 79 bias"},"type":"ws_msg"}
{"payload":{"local_timestamp":1668391396524,"stderr":true,"stdout":"\n"},"type":"ws_msg"}
{"payload":{"local_timestamp":1668391396655,"stderr":true,"stdout":"\r\u001b[34m\u001b[1mtrain: \u001b[0mScanning 'C:\\DATA\\NEU\\labels\\train.cache' images and labels... 1440 found, 0 missing, 0 empty, 0 corrupt: 100%|\u2588\u2588\u2588\u2588\u2588\u2588\u2588\u2588\u2588\u2588| 1440/1440 [00:00<?, ?it/s]                                   \u001b[0m"},"type":"ws_msg"}
{"payload":{"local_timestamp":1668391396655,"stderr":true,"stdout":"\r\u001b[34m\u001b[1mtrain: \u001b[0mScanning 'C:\\DATA\\NEU\\labels\\train.cache' images and labels... 1440 found, 0 missing, 0 empty, 0 corrupt: 100%|\u2588\u2588\u2588\u2588\u2588\u2588\u2588\u2588\u2588\u2588| 1440/1440 [00:00<?, ?it/s]                                   \u001b[0m"},"type":"ws_msg"}
{"payload":{"local_timestamp":1668391396655,"stderr":true,"stdout":"\n"},"type":"ws_msg"}
{"payload":{"local_timestamp":1668391396655,"stderr":true,"stdout":"\u001b[34m\u001b[1mtrain: \u001b[0mWARNING: C:\\DATA\\NEU\\images\\train\\patches_198.jpg: 1 duplicate labels removed"},"type":"ws_msg"}
{"payload":{"local_timestamp":1668391396656,"stderr":true,"stdout":"\n"},"type":"ws_msg"}
{"payload":{"local_timestamp":1668391399892,"stderr":true,"stdout":"\r\u001b[34m\u001b[1mval: \u001b[0mScanning 'C:\\DATA\\NEU\\labels\\val.cache' images and labels... 180 found, 0 missing, 0 empty, 0 corrupt: 100%|\u2588\u2588\u2588\u2588\u2588\u2588\u2588\u2588\u2588\u2588| 180/180 [00:00<?, ?it/s]                                          \u001b[0m"},"type":"ws_msg"}
{"payload":{"local_timestamp":1668391399893,"stderr":true,"stdout":"\r\u001b[34m\u001b[1mval: \u001b[0mScanning 'C:\\DATA\\NEU\\labels\\val.cache' images and labels... 180 found, 0 missing, 0 empty, 0 corrupt: 100%|\u2588\u2588\u2588\u2588\u2588\u2588\u2588\u2588\u2588\u2588| 180/180 [00:00<?, ?it/s]                                          \u001b[0m"},"type":"ws_msg"}
{"payload":{"local_timestamp":1668391399893,"stderr":true,"stdout":"\n"},"type":"ws_msg"}
{"payload":{"local_timestamp":1668391399893,"stderr":true,"stdout":"\u001b[34m\u001b[1mtest: \u001b[0mWARNING: C:\\DATA\\NEU\\images\\val\\inclusion_62.jpg: 1 duplicate labels removed"},"type":"ws_msg"}
{"payload":{"local_timestamp":1668391399893,"stderr":true,"stdout":"\n"},"type":"ws_msg"}
{"payload":{"local_timestamp":1668391406287,"stderr":true,"stdout":"\n\u001b[34m\u001b[1mAutoAnchor: \u001b[0m3.23 anchors/target, 0.988 Best Possible Recall (BPR). Current anchors are a good fit to dataset "},"type":"ws_msg"}
{"payload":{"local_timestamp":1668391406287,"stderr":true,"stdout":"\n"},"type":"ws_msg"}
{"payload":{"local_timestamp":1668391406301,"stderr":true,"stdout":"Plotting labels to runs\\train\\exp3\\labels.jpg... "},"type":"ws_msg"}
{"payload":{"local_timestamp":1668391406302,"stderr":true,"stdout":"\n"},"type":"ws_msg"}
{"payload":{"additional_params":{"assetId":"dd18155bf58748d5908a8756a133b66f","context":null,"extension":"jpg","fileName":"labels.jpg","overwrite":false,"runId":null,"step":null},"clean":true,"file_path":"tmp_pisb8w7","local_timestamp":1668391407886,"metadata":{},"upload_type":"asset"},"type":"file_upload"}
{"payload":{"additional_params":{"assetId":"06546eba271e42558616b245212d6ecc","context":null,"extension":"jpg","fileName":"labels_correlogram.jpg","overwrite":false,"runId":null,"step":null},"clean":true,"file_path":"tmptsgkgs08","local_timestamp":1668391407888,"metadata":{},"upload_type":"asset"},"type":"file_upload"}
{"payload":{"local_timestamp":1668391407889,"param":{"paramName":"cls","paramValue":0.0375,"step":null}},"type":"parameter_msg"}
{"payload":{"local_timestamp":1668391407890,"stderr":true,"stdout":"Image sizes 640 train, 640 val\nUsing 2 dataloader workers\nLogging results to \u001b[1mruns\\train\\exp3\u001b[0m\nStarting training for 100 epochs..."},"type":"ws_msg"}
{"payload":{"local_timestamp":1668391407890,"stderr":true,"stdout":"\n"},"type":"ws_msg"}
{"payload":{"local_timestamp":1668391407890,"stderr":true,"stdout":"\n      Epoch    GPU_mem   box_loss   obj_loss   cls_loss  Instances       Size"},"type":"ws_msg"}
{"payload":{"local_timestamp":1668391407890,"stderr":true,"stdout":"\n"},"type":"ws_msg"}
{"payload":{"local_timestamp":1668391407891,"stderr":true,"stdout":"\r  0%|          | 0/720 [00:00<?, ?it/s]                                                                                                                                                        "},"type":"ws_msg"}
{"payload":{"local_timestamp":1668391408269,"stderr":true,"stdout":"\r       0/99     0.898G     0.1135    0.03713    0.05691         10        640:   0%|          | 0/720 [00:00<?, ?it/s]                                                                         "},"type":"ws_msg"}
{"payload":{"local_timestamp":1668391409378,"stderr":true,"stdout":"\r       0/99     0.898G     0.1135    0.03713    0.05691         10        640:   0%|          | 1/720 [00:01<17:40,  1.48s/it]                                                                 "},"type":"ws_msg"}
{"payload":{"local_timestamp":1668391409479,"stderr":true,"stdout":"\r       0/99     0.906G     0.1167    0.03764    0.05639          9        640:   0%|          | 1/720 [00:01<17:40,  1.48s/it]                                                                 "},"type":"ws_msg"}
{"payload":{"local_timestamp":1668391409480,"stderr":true,"stdout":"\r       0/99     0.906G     0.1167    0.03764    0.05639          9        640:   0%|          | 2/720 [00:01<08:04,  1.48it/s]                                                                 "},"type":"ws_msg"}
{"payload":{"local_timestamp":1668391409640,"stderr":true,"stdout":"\r       0/99     0.906G     0.1153    0.03978    0.05486         12        640:   0%|          | 2/720 [00:01<08:04,  1.48it/s]                                                                 "},"type":"ws_msg"}
{"payload":{"local_timestamp":1668391409641,"stderr":true,"stdout":"\r       0/99     0.906G     0.1153    0.03978    0.05486         12        640:   0%|          | 3/720 [00:01<05:15,  2.27it/s]                                                                 "},"type":"ws_msg"}
{"payload":{"local_timestamp":1668391409740,"stderr":true,"stdout":"\r       0/99     0.916G    0.09651    0.03488    0.04561          4        640:   0%|          | 3/720 [00:01<05:15,  2.27it/s]                                                                 "},"type":"ws_msg"}
{"payload":{"local_timestamp":1668391409845,"stderr":true,"stdout":"\r       0/99     0.916G    0.09977    0.03913    0.04703         19        640:   0%|          | 3/720 [00:01<05:15,  2.27it/s]                                                                 "},"type":"ws_msg"}
{"payload":{"local_timestamp":1668391409846,"stderr":true,"stdout":"\r       0/99     0.916G    0.09977    0.03913    0.04703         19        640:   1%|          | 5/720 [00:01<02:57,  4.02it/s]                                                                 "},"type":"ws_msg"}
{"payload":{"local_timestamp":1668391409956,"stderr":true,"stdout":"\r       0/99     0.916G     0.1015    0.03891    0.04825          9        640:   1%|          | 5/720 [00:02<02:57,  4.02it/s]                                                                 "},"type":"ws_msg"}
{"payload":{"local_timestamp":1668391409957,"stderr":true,"stdout":"\r       0/99     0.916G     0.1015    0.03891    0.04825          9        640:   1%|          | 6/720 [00:02<02:29,  4.78it/s]                                                                 "},"type":"ws_msg"}
{"payload":{"local_timestamp":1668391410035,"stderr":true,"stdout":"\r       0/99     0.916G    0.09696    0.03702    0.04653          5        640:   1%|          | 6/720 [00:02<02:29,  4.78it/s]                                                                 "},"type":"ws_msg"}
{"payload":{"local_timestamp":1668391410114,"stderr":true,"stdout":"\r       0/99     0.916G    0.09962    0.03581    0.04681          6        640:   1%|          | 6/720 [00:02<02:29,  4.78it/s]                                                                 "},"type":"ws_msg"}
{"payload":{"local_timestamp":1668391410114,"stderr":true,"stdout":"\r       0/99     0.916G    0.09962    0.03581    0.04681          6        640:   1%|          | 8/720 [00:02<01:46,  6.65it/s]                                                                 "},"type":"ws_msg"}
{"payload":{"local_timestamp":1668391410208,"stderr":true,"stdout":"\r       0/99     0.916G     0.1009    0.03648     0.0475         10        640:   1%|          | 8/720 [00:02<01:46,  6.65it/s]                                                                 "},"type":"ws_msg"}
{"payload":{"local_timestamp":1668391410316,"stderr":true,"stdout":"\r       0/99     0.916G     0.1018    0.03734     0.0482         11        640:   1%|          | 8/720 [00:02<01:46,  6.65it/s]                                                                 "},"type":"ws_msg"}
{"payload":{"local_timestamp":1668391410316,"stderr":true,"stdout":"\r       0/99     0.916G     0.1018    0.03734     0.0482         11        640:   1%|\u258f         | 10/720 [00:02<01:32,  7.64it/s]                                                                "},"type":"ws_msg"}
{"payload":{"local_timestamp":1668391410412,"stderr":true,"stdout":"\r       0/99     0.916G     0.1031    0.03709    0.04876          9        640:   1%|\u258f         | 10/720 [00:02<01:32,  7.64it/s]                                                                "},"type":"ws_msg"}
{"payload":{"local_timestamp":1668391410478,"stderr":true,"stdout":"\r       0/99     0.916G     0.1013    0.03591    0.04733          5        640:   1%|\u258f         | 10/720 [00:02<01:32,  7.64it/s]                                                                "},"type":"ws_msg"}
{"payload":{"local_timestamp":1668391410479,"stderr":true,"stdout":"\r       0/99     0.916G     0.1013    0.03591    0.04733          5        640:   2%|\u258f         | 12/720 [00:02<01:20,  8.85it/s]                                                                "},"type":"ws_msg"}
{"payload":{"local_timestamp":1668391410550,"stderr":true,"stdout":"\r       0/99     0.916G    0.09868    0.03534    0.04637          6        640:   2%|\u258f         | 12/720 [00:02<01:20,  8.85it/s]                                                                "},"type":"ws_msg"}
{"payload":{"local_timestamp":1668391410624,"stderr":true,"stdout":"\r       0/99     0.916G    0.09991    0.03607    0.04691         15        640:   2%|\u258f         | 12/720 [00:02<01:20,  8.85it/s]                                                                "},"type":"ws_msg"}
{"payload":{"local_timestamp":1668391410624,"stderr":true,"stdout":"\r       0/99     0.916G    0.09991    0.03607    0.04691         15        640:   2%|\u258f         | 14/720 [00:02<01:10, 10.05it/s]                                                                "},"type":"ws_msg"}
{"payload":{"local_timestamp":1668391410696,"stderr":true,"stdout":"\r       0/99     0.916G    0.09796    0.03633    0.04609         10        640:   2%|\u258f         | 14/720 [00:02<01:10, 10.05it/s]                                                                "},"type":"ws_msg"}
{"payload":{"local_timestamp":1668391410768,"stderr":true,"stdout":"\r       0/99     0.916G    0.09912    0.03615    0.04641          7        640:   2%|\u258f         | 14/720 [00:02<01:10, 10.05it/s]                                                                "},"type":"ws_msg"}
{"payload":{"local_timestamp":1668391410769,"stderr":true,"stdout":"\r       0/99     0.916G    0.09912    0.03615    0.04641          7        640:   2%|\u258f         | 16/720 [00:02<01:03, 11.05it/s]                                                                "},"type":"ws_msg"}
{"payload":{"local_timestamp":1668391410839,"stderr":true,"stdout":"\r       0/99     0.916G    0.09738    0.03618    0.04575          8        640:   2%|\u258f         | 16/720 [00:02<01:03, 11.05it/s]                                                                "},"type":"ws_msg"}
{"payload":{"local_timestamp":1668391411011,"stderr":true,"stdout":"\r       0/99     0.916G    0.09742    0.03607    0.04642          8        640:   2%|\u258f         | 16/720 [00:03<01:03, 11.05it/s]                                                                "},"type":"ws_msg"}
{"payload":{"local_timestamp":1668391411012,"stderr":true,"stdout":"\r       0/99     0.916G    0.09742    0.03607    0.04642          8        640:   2%|\u258e         | 18/720 [00:03<01:10,  9.96it/s]                                                                "},"type":"ws_msg"}
{"payload":{"local_timestamp":1668391411211,"stderr":true,"stdout":"\r       0/99     0.916G    0.09852    0.03601    0.04671          9        640:   2%|\u258e         | 18/720 [00:03<01:10,  9.96it/s]                                                                "},"type":"ws_msg"}
{"payload":{"local_timestamp":1668391411369,"stderr":true,"stdout":"\r       0/99     0.916G    0.09937     0.0361    0.04701         10        640:   2%|\u258e         | 18/720 [00:03<01:10,  9.96it/s]                                                                "},"type":"ws_msg"}
{"payload":{"local_timestamp":1668391411369,"stderr":true,"stdout":"\r       0/99     0.916G    0.09937     0.0361    0.04701         10        640:   3%|\u258e         | 20/720 [00:03<01:27,  8.01it/s]                                                                "},"type":"ws_msg"}
{"payload":{"local_timestamp":1668391411481,"stderr":true,"stdout":"\r       0/99     0.916G        0.1     0.0363    0.04738         12        640:   3%|\u258e         | 20/720 [00:03<01:27,  8.01it/s]                                                                "},"type":"ws_msg"}
{"payload":{"local_timestamp":1668391411481,"stderr":true,"stdout":"\r       0/99     0.916G        0.1     0.0363    0.04738         12        640:   3%|\u258e         | 21/720 [00:03<01:25,  8.16it/s]                                                                "},"type":"ws_msg"}
{"payload":{"local_timestamp":1668391411600,"stderr":true,"stdout":"\r       0/99     0.916G    0.09706    0.03574    0.04603          4        640:   3%|\u258e         | 21/720 [00:03<01:25,  8.16it/s]                                                                "},"type":"ws_msg"}
{"payload":{"local_timestamp":1668391411600,"stderr":true,"stdout":"\r       0/99     0.916G    0.09706    0.03574    0.04603          4        640:   3%|\u258e         | 22/720 [00:03<01:25,  8.21it/s]                                                                "},"type":"ws_msg"}
{"payload":{"local_timestamp":1668391411695,"stderr":true,"stdout":"\r       0/99     0.916G    0.09599    0.03562    0.04554          7        640:   3%|\u258e         | 22/720 [00:03<01:25,  8.21it/s]                                                                "},"type":"ws_msg"}
{"payload":{"local_timestamp":1668391411768,"stderr":true,"stdout":"\r       0/99     0.916G    0.09669    0.03618    0.04569         14        640:   3%|\u258e         | 22/720 [00:03<01:25,  8.21it/s]                                                                "},"type":"ws_msg"}
{"payload":{"local_timestamp":1668391411768,"stderr":true,"stdout":"\r       0/99     0.916G    0.09669    0.03618    0.04569         14        640:   3%|\u258e         | 24/720 [00:03<01:15,  9.28it/s]                                                                "},"type":"ws_msg"}
{"payload":{"local_timestamp":1668391411840,"stderr":true,"stdout":"\r       0/99     0.916G    0.09727    0.03646    0.04601         11        640:   3%|\u258e         | 24/720 [00:03<01:15,  9.28it/s]                                                                "},"type":"ws_msg"}
{"payload":{"local_timestamp":1668391411913,"stderr":true,"stdout":"\r       0/99     0.916G    0.09788    0.03682    0.04641         12        640:   3%|\u258e         | 24/720 [00:04<01:15,  9.28it/s]                                                                "},"type":"ws_msg"}
{"payload":{"local_timestamp":1668391411913,"stderr":true,"stdout":"\r       0/99     0.916G    0.09788    0.03682    0.04641         12        640:   4%|\u258e         | 26/720 [00:04<01:06, 10.47it/s]                                                                "},"type":"ws_msg"}
{"payload":{"local_timestamp":1668391411986,"stderr":true,"stdout":"\r       0/99     0.916G    0.09713    0.03633    0.04638          4        640:   4%|\u258e         | 26/720 [00:04<01:06, 10.47it/s]                                                                "},"type":"ws_msg"}
{"payload":{"local_timestamp":1668391412058,"stderr":true,"stdout":"\r       0/99     0.916G    0.09741    0.03649    0.04663         11        640:   4%|\u258e         | 26/720 [00:04<01:06, 10.47it/s]                                                                "},"type":"ws_msg"}
{"payload":{"local_timestamp":1668391412058,"stderr":true,"stdout":"\r       0/99     0.916G    0.09741    0.03649    0.04663         11        640:   4%|\u258d         | 28/720 [00:04<01:00, 11.37it/s]                                                                "},"type":"ws_msg"}
{"payload":{"local_timestamp":1668391412128,"stderr":true,"stdout":"\r       0/99     0.916G    0.09659    0.03631    0.04625          8        640:   4%|\u258d         | 28/720 [00:04<01:00, 11.37it/s]                                                                "},"type":"ws_msg"}
{"payload":{"local_timestamp":1668391412201,"stderr":true,"stdout":"\r       0/99     0.916G    0.09694    0.03655    0.04647         14        640:   4%|\u258d         | 28/720 [00:04<01:00, 11.37it/s]                                                                "},"type":"ws_msg"}
{"payload":{"local_timestamp":1668391412202,"stderr":true,"stdout":"\r       0/99     0.916G    0.09694    0.03655    0.04647         14        640:   4%|\u258d         | 30/720 [00:04<00:57, 12.08it/s]                                                                "},"type":"ws_msg"}
{"payload":{"local_timestamp":1668391412272,"stderr":true,"stdout":"\r       0/99     0.916G    0.09608    0.03612    0.04609          3        640:   4%|\u258d         | 30/720 [00:04<00:57, 12.08it/s]                                                                "},"type":"ws_msg"}
{"payload":{"local_timestamp":1668391412350,"stderr":true,"stdout":"\r       0/99     0.916G    0.09654    0.03601    0.04625          6        640:   4%|\u258d         | 30/720 [00:04<00:57, 12.08it/s]                                                                "},"type":"ws_msg"}
{"payload":{"local_timestamp":1668391412350,"stderr":true,"stdout":"\r       0/99     0.916G    0.09654    0.03601    0.04625          6        640:   4%|\u258d         | 32/720 [00:04<00:55, 12.49it/s]                                                                "},"type":"ws_msg"}
{"payload":{"local_timestamp":1668391412411,"stderr":true,"stdout":"\r       0/99     0.916G    0.09654    0.03601    0.04625          6        640:   4%|\u258d         | 32/720 [00:04<01:37,  7.08it/s]                                                                "},"type":"ws_msg"}
{"payload":{"local_timestamp":1668391412411,"stderr":true,"stdout":"\n"},"type":"ws_msg"}
{"payload":{"local_timestamp":1668391412411,"stderr":true,"stdout":"Traceback (most recent call last):\n"},"type":"ws_msg"}
{"payload":{"local_timestamp":1668391412411,"stderr":true,"stdout":"  File \"train.py\", line 630, in <module>\n"},"type":"ws_msg"}
{"payload":{"local_timestamp":1668391412412,"stderr":true,"stdout":"    "},"type":"ws_msg"}
{"payload":{"local_timestamp":1668391412412,"stderr":true,"stdout":"main(opt)"},"type":"ws_msg"}
{"payload":{"local_timestamp":1668391412412,"stderr":true,"stdout":"\n"},"type":"ws_msg"}
{"payload":{"local_timestamp":1668391412412,"stderr":true,"stdout":"  File \"train.py\", line 524, in main\n"},"type":"ws_msg"}
{"payload":{"local_timestamp":1668391412413,"stderr":true,"stdout":"    "},"type":"ws_msg"}
{"payload":{"local_timestamp":1668391412413,"stderr":true,"stdout":"train(opt.hyp, opt, device, callbacks)"},"type":"ws_msg"}
{"payload":{"local_timestamp":1668391412413,"stderr":true,"stdout":"\n"},"type":"ws_msg"}
{"payload":{"local_timestamp":1668391412413,"stderr":true,"stdout":"  File \"train.py\", line 319, in train\n"},"type":"ws_msg"}
{"payload":{"local_timestamp":1668391412413,"stderr":true,"stdout":"    "},"type":"ws_msg"}
{"payload":{"local_timestamp":1668391412413,"stderr":true,"stdout":"torch.nn.utils.clip_grad_norm_(model.parameters(), max_norm=10.0)  # clip gradients"},"type":"ws_msg"}
{"payload":{"local_timestamp":1668391412413,"stderr":true,"stdout":"\n"},"type":"ws_msg"}
{"payload":{"local_timestamp":1668391412413,"stderr":true,"stdout":"  File \"C:\\ProgramData\\Anaconda3\\envs\\torch\\lib\\site-packages\\torch\\nn\\utils\\clip_grad.py\", line 38, in clip_grad_norm_\n"},"type":"ws_msg"}
{"payload":{"local_timestamp":1668391412414,"stderr":true,"stdout":"    "},"type":"ws_msg"}
{"payload":{"local_timestamp":1668391412414,"stderr":true,"stdout":"if clip_coef < 1:"},"type":"ws_msg"}
{"payload":{"local_timestamp":1668391412414,"stderr":true,"stdout":"\n"},"type":"ws_msg"}
{"payload":{"local_timestamp":1668391412414,"stderr":true,"stdout":"KeyboardInterrupt"},"type":"ws_msg"}
{"payload":{"local_timestamp":1668391412414,"stderr":true,"stdout":"\n"},"type":"ws_msg"}
{"payload":{"local_timestamp":1668391412415,"stderr":true,"stdout":"COMET INFO: ----------------------------------"},"type":"ws_msg"}
{"payload":{"local_timestamp":1668391412415,"stderr":true,"stdout":"\n"},"type":"ws_msg"}
{"payload":{"local_timestamp":1668391412415,"stderr":true,"stdout":"COMET INFO: Comet.ml OfflineExperiment Summary"},"type":"ws_msg"}
{"payload":{"local_timestamp":1668391412415,"stderr":true,"stdout":"\n"},"type":"ws_msg"}
{"payload":{"local_timestamp":1668391412415,"stderr":true,"stdout":"COMET INFO: ----------------------------------"},"type":"ws_msg"}
{"payload":{"local_timestamp":1668391412415,"stderr":true,"stdout":"\n"},"type":"ws_msg"}
{"payload":{"local_timestamp":1668391412416,"stderr":true,"stdout":"COMET INFO:   Data:"},"type":"ws_msg"}
{"payload":{"local_timestamp":1668391412416,"stderr":true,"stdout":"\n"},"type":"ws_msg"}
{"payload":{"local_timestamp":1668391412416,"stderr":true,"stdout":"COMET INFO:     display_summary_level : 1"},"type":"ws_msg"}
{"payload":{"local_timestamp":1668391412416,"stderr":true,"stdout":"\n"},"type":"ws_msg"}
{"payload":{"local_timestamp":1668391412416,"stderr":true,"stdout":"COMET INFO:     url                   : [OfflineExperiment will get URL after upload]"},"type":"ws_msg"}
{"payload":{"local_timestamp":1668391412416,"stderr":true,"stdout":"\n"},"type":"ws_msg"}
{"payload":{"local_timestamp":1668391412416,"stderr":true,"stdout":"COMET INFO:   Others:"},"type":"ws_msg"}
{"payload":{"local_timestamp":1668391412416,"stderr":true,"stdout":"\n"},"type":"ws_msg"}
{"payload":{"local_timestamp":1668391412416,"stderr":true,"stdout":"COMET INFO:     Created from                : YOLOv5"},"type":"ws_msg"}
{"payload":{"local_timestamp":1668391412416,"stderr":true,"stdout":"\n"},"type":"ws_msg"}
{"payload":{"local_timestamp":1668391412417,"stderr":true,"stdout":"COMET INFO:     comet_log_batch_metrics     : False"},"type":"ws_msg"}
{"payload":{"local_timestamp":1668391412417,"stderr":true,"stdout":"\n"},"type":"ws_msg"}
{"payload":{"local_timestamp":1668391412417,"stderr":true,"stdout":"COMET INFO:     comet_log_confusion_matrix  : True"},"type":"ws_msg"}
{"payload":{"local_timestamp":1668391412417,"stderr":true,"stdout":"\n"},"type":"ws_msg"}
{"payload":{"local_timestamp":1668391412417,"stderr":true,"stdout":"COMET INFO:     comet_log_per_class_metrics : False"},"type":"ws_msg"}
{"payload":{"local_timestamp":1668391412417,"stderr":true,"stdout":"\n"},"type":"ws_msg"}
{"payload":{"local_timestamp":1668391412417,"stderr":true,"stdout":"COMET INFO:     comet_max_image_uploads     : 100"},"type":"ws_msg"}
{"payload":{"local_timestamp":1668391412417,"stderr":true,"stdout":"\n"},"type":"ws_msg"}
{"payload":{"local_timestamp":1668391412417,"stderr":true,"stdout":"COMET INFO:     comet_mode                  : online"},"type":"ws_msg"}
{"payload":{"local_timestamp":1668391412417,"stderr":true,"stdout":"\n"},"type":"ws_msg"}
{"payload":{"local_timestamp":1668391412418,"stderr":true,"stdout":"COMET INFO:     comet_model_name            : yolov5"},"type":"ws_msg"}
{"payload":{"local_timestamp":1668391412418,"stderr":true,"stdout":"\n"},"type":"ws_msg"}
{"payload":{"local_timestamp":1668391412418,"stderr":true,"stdout":"COMET INFO:     offline_experiment          : True"},"type":"ws_msg"}
{"payload":{"local_timestamp":1668391412418,"stderr":true,"stdout":"\n"},"type":"ws_msg"}
{"payload":{"local_timestamp":1668391412418,"stderr":true,"stdout":"COMET INFO:   Parameters:"},"type":"ws_msg"}
{"payload":{"local_timestamp":1668391412418,"stderr":true,"stdout":"\n"},"type":"ws_msg"}
{"payload":{"local_timestamp":1668391412418,"stderr":true,"stdout":"COMET INFO:     anchor_t           : 4.0"},"type":"ws_msg"}
{"payload":{"local_timestamp":1668391412418,"stderr":true,"stdout":"\n"},"type":"ws_msg"}
{"payload":{"local_timestamp":1668391412418,"stderr":true,"stdout":"COMET INFO:     artifact_alias     : latest"},"type":"ws_msg"}
{"payload":{"local_timestamp":1668391412418,"stderr":true,"stdout":"\n"},"type":"ws_msg"}
{"payload":{"local_timestamp":1668391412418,"stderr":true,"stdout":"COMET INFO:     batch_size         : 2"},"type":"ws_msg"}
{"payload":{"local_timestamp":1668391412418,"stderr":true,"stdout":"\n"},"type":"ws_msg"}
{"payload":{"local_timestamp":1668391412419,"stderr":true,"stdout":"COMET INFO:     bbox_interval      : -1"},"type":"ws_msg"}
{"payload":{"local_timestamp":1668391412419,"stderr":true,"stdout":"\n"},"type":"ws_msg"}
{"payload":{"local_timestamp":1668391412419,"stderr":true,"stdout":"COMET INFO:     box                : 0.05"},"type":"ws_msg"}
{"payload":{"local_timestamp":1668391412419,"stderr":true,"stdout":"\n"},"type":"ws_msg"}
{"payload":{"local_timestamp":1668391412419,"stderr":true,"stdout":"COMET INFO:     bucket             : "},"type":"ws_msg"}
{"payload":{"local_timestamp":1668391412419,"stderr":true,"stdout":"\n"},"type":"ws_msg"}
{"payload":{"local_timestamp":1668391412419,"stderr":true,"stdout":"COMET INFO:     cache              : 1"},"type":"ws_msg"}
{"payload":{"local_timestamp":1668391412419,"stderr":true,"stdout":"\n"},"type":"ws_msg"}
{"payload":{"local_timestamp":1668391412419,"stderr":true,"stdout":"COMET INFO:     cls                : 0.0375"},"type":"ws_msg"}
{"payload":{"local_timestamp":1668391412419,"stderr":true,"stdout":"\n"},"type":"ws_msg"}
{"payload":{"local_timestamp":1668391412419,"stderr":true,"stdout":"COMET INFO:     cls_pw             : 1.0"},"type":"ws_msg"}
{"payload":{"local_timestamp":1668391412419,"stderr":true,"stdout":"\n"},"type":"ws_msg"}
{"payload":{"local_timestamp":1668391412419,"stderr":true,"stdout":"COMET INFO:     copy_paste         : 0.0"},"type":"ws_msg"}
{"payload":{"local_timestamp":1668391412419,"stderr":true,"stdout":"\n"},"type":"ws_msg"}
{"payload":{"local_timestamp":1668391412420,"stderr":true,"stdout":"COMET INFO:     cos_lr             : False"},"type":"ws_msg"}
{"payload":{"local_timestamp":1668391412420,"stderr":true,"stdout":"\n"},"type":"ws_msg"}
{"payload":{"local_timestamp":1668391412420,"stderr":true,"stdout":"COMET INFO:     data               : data\\NEU.yaml"},"type":"ws_msg"}
{"payload":{"local_timestamp":1668391412420,"stderr":true,"stdout":"\n"},"type":"ws_msg"}
{"payload":{"local_timestamp":1668391412420,"stderr":true,"stdout":"COMET INFO:     degrees            : 0.0"},"type":"ws_msg"}
{"payload":{"local_timestamp":1668391412420,"stderr":true,"stdout":"\n"},"type":"ws_msg"}
{"payload":{"local_timestamp":1668391412420,"stderr":true,"stdout":"COMET INFO:     device             : "},"type":"ws_msg"}
{"payload":{"local_timestamp":1668391412420,"stderr":true,"stdout":"\n"},"type":"ws_msg"}
{"payload":{"local_timestamp":1668391412420,"stderr":true,"stdout":"COMET INFO:     entity             : 1"},"type":"ws_msg"}
{"payload":{"local_timestamp":1668391412420,"stderr":true,"stdout":"\n"},"type":"ws_msg"}
{"payload":{"local_timestamp":1668391412420,"stderr":true,"stdout":"COMET INFO:     epochs             : 100"},"type":"ws_msg"}
{"payload":{"local_timestamp":1668391412420,"stderr":true,"stdout":"\n"},"type":"ws_msg"}
{"payload":{"local_timestamp":1668391412420,"stderr":true,"stdout":"COMET INFO:     evolve             : 1"},"type":"ws_msg"}
{"payload":{"local_timestamp":1668391412421,"stderr":true,"stdout":"\n"},"type":"ws_msg"}
{"payload":{"local_timestamp":1668391412421,"stderr":true,"stdout":"COMET INFO:     exist_ok           : False"},"type":"ws_msg"}
{"payload":{"local_timestamp":1668391412421,"stderr":true,"stdout":"\n"},"type":"ws_msg"}
{"payload":{"local_timestamp":1668391412421,"stderr":true,"stdout":"COMET INFO:     fl_gamma           : 0.0"},"type":"ws_msg"}
{"payload":{"local_timestamp":1668391412421,"stderr":true,"stdout":"\n"},"type":"ws_msg"}
{"payload":{"local_timestamp":1668391412421,"stderr":true,"stdout":"COMET INFO:     fliplr             : 0.5"},"type":"ws_msg"}
{"payload":{"local_timestamp":1668391412421,"stderr":true,"stdout":"\n"},"type":"ws_msg"}
{"payload":{"local_timestamp":1668391412421,"stderr":true,"stdout":"COMET INFO:     flipud             : 0.0"},"type":"ws_msg"}
{"payload":{"local_timestamp":1668391412421,"stderr":true,"stdout":"\n"},"type":"ws_msg"}
{"payload":{"local_timestamp":1668391412421,"stderr":true,"stdout":"COMET INFO:     freeze             : [0]"},"type":"ws_msg"}
{"payload":{"local_timestamp":1668391412421,"stderr":true,"stdout":"\n"},"type":"ws_msg"}
{"payload":{"local_timestamp":1668391412421,"stderr":true,"stdout":"COMET INFO:     hsv_h              : 0.015"},"type":"ws_msg"}
{"payload":{"local_timestamp":1668391412422,"stderr":true,"stdout":"\n"},"type":"ws_msg"}
{"payload":{"local_timestamp":1668391412422,"stderr":true,"stdout":"COMET INFO:     hsv_s              : 0.7"},"type":"ws_msg"}
{"payload":{"local_timestamp":1668391412422,"stderr":true,"stdout":"\n"},"type":"ws_msg"}
{"payload":{"local_timestamp":1668391412422,"stderr":true,"stdout":"COMET INFO:     hsv_v              : 0.4"},"type":"ws_msg"}
{"payload":{"local_timestamp":1668391412422,"stderr":true,"stdout":"\n"},"type":"ws_msg"}
{"payload":{"local_timestamp":1668391412422,"stderr":true,"stdout":"COMET INFO:     hyp                : {\"anchor_t\": 4.0, \"box\": 0.05, \"cls\": 0.5, \"cls_pw\": 1.0, \"copy_paste\": 0.0, \"degrees\": 0.0, \"fl_gamma\": 0.0, \"fliplr\": 0.5, \"flipud\": 0.0, \"hsv_h\": 0.015, \"hsv_s\": 0.7, \"hsv_v\": 0.4, \"iou_t\": 0.2, \"lr0\": 0.01, \"lrf\": 0.01, \"mixup\": 0.0, \"momentum\": 0.937, \"mosaic\": 1.0, \"obj\": 1.0, \"obj_pw\": 1.0, \"perspective\": 0.0, \"scale\": 0.5, \"shear\": 0.0, \"translate\": 0.1, \"warmup_bias_lr\": 0.1, \"warmup_epochs\": 3.0, \"warmup_momentum\": 0.8, \"weight_decay\": 0.0005}"},"type":"ws_msg"}
{"payload":{"local_timestamp":1668391412422,"stderr":true,"stdout":"\n"},"type":"ws_msg"}
{"payload":{"local_timestamp":1668391412422,"stderr":true,"stdout":"COMET INFO:     image_weights      : False"},"type":"ws_msg"}
{"payload":{"local_timestamp":1668391412422,"stderr":true,"stdout":"\n"},"type":"ws_msg"}
{"payload":{"local_timestamp":1668391412422,"stderr":true,"stdout":"COMET INFO:     imgsz              : 640"},"type":"ws_msg"}
{"payload":{"local_timestamp":1668391412423,"stderr":true,"stdout":"\n"},"type":"ws_msg"}
{"payload":{"local_timestamp":1668391412423,"stderr":true,"stdout":"COMET INFO:     iou_t              : 0.2"},"type":"ws_msg"}
{"payload":{"local_timestamp":1668391412423,"stderr":true,"stdout":"\n"},"type":"ws_msg"}
{"payload":{"local_timestamp":1668391412423,"stderr":true,"stdout":"COMET INFO:     label_smoothing    : 0.0"},"type":"ws_msg"}
{"payload":{"local_timestamp":1668391412423,"stderr":true,"stdout":"\n"},"type":"ws_msg"}
{"payload":{"local_timestamp":1668391412423,"stderr":true,"stdout":"COMET INFO:     local_rank         : -1"},"type":"ws_msg"}
{"payload":{"local_timestamp":1668391412423,"stderr":true,"stdout":"\n"},"type":"ws_msg"}
{"payload":{"local_timestamp":1668391412423,"stderr":true,"stdout":"COMET INFO:     lr0                : 0.01"},"type":"ws_msg"}
{"payload":{"local_timestamp":1668391412423,"stderr":true,"stdout":"\n"},"type":"ws_msg"}
{"payload":{"local_timestamp":1668391412423,"stderr":true,"stdout":"COMET INFO:     lrf                : 0.01"},"type":"ws_msg"}
{"payload":{"local_timestamp":1668391412423,"stderr":true,"stdout":"\n"},"type":"ws_msg"}
{"payload":{"local_timestamp":1668391412423,"stderr":true,"stdout":"COMET INFO:     mixup              : 0.0"},"type":"ws_msg"}
{"payload":{"local_timestamp":1668391412424,"stderr":true,"stdout":"\n"},"type":"ws_msg"}
{"payload":{"local_timestamp":1668391412424,"stderr":true,"stdout":"COMET INFO:     momentum           : 0.937"},"type":"ws_msg"}
{"payload":{"local_timestamp":1668391412424,"stderr":true,"stdout":"\n"},"type":"ws_msg"}
{"payload":{"local_timestamp":1668391412424,"stderr":true,"stdout":"COMET INFO:     mosaic             : 1.0"},"type":"ws_msg"}
{"payload":{"local_timestamp":1668391412424,"stderr":true,"stdout":"\n"},"type":"ws_msg"}
{"payload":{"local_timestamp":1668391412424,"stderr":true,"stdout":"COMET INFO:     multi_scale        : False"},"type":"ws_msg"}
{"payload":{"local_timestamp":1668391412424,"stderr":true,"stdout":"\n"},"type":"ws_msg"}
{"payload":{"local_timestamp":1668391412424,"stderr":true,"stdout":"COMET INFO:     name               : exp"},"type":"ws_msg"}
{"payload":{"local_timestamp":1668391412424,"stderr":true,"stdout":"\n"},"type":"ws_msg"}
{"payload":{"local_timestamp":1668391412424,"stderr":true,"stdout":"COMET INFO:     noautoanchor       : False"},"type":"ws_msg"}
{"payload":{"local_timestamp":1668391412424,"stderr":true,"stdout":"\n"},"type":"ws_msg"}
{"payload":{"local_timestamp":1668391412424,"stderr":true,"stdout":"COMET INFO:     noplots            : False"},"type":"ws_msg"}
{"payload":{"local_timestamp":1668391412424,"stderr":true,"stdout":"\n"},"type":"ws_msg"}
{"payload":{"local_timestamp":1668391412425,"stderr":true,"stdout":"COMET INFO:     nosave             : False"},"type":"ws_msg"}
{"payload":{"local_timestamp":1668391412425,"stderr":true,"stdout":"\n"},"type":"ws_msg"}
{"payload":{"local_timestamp":1668391412425,"stderr":true,"stdout":"COMET INFO:     noval              : False"},"type":"ws_msg"}
{"payload":{"local_timestamp":1668391412425,"stderr":true,"stdout":"\n"},"type":"ws_msg"}
{"payload":{"local_timestamp":1668391412425,"stderr":true,"stdout":"COMET INFO:     obj                : 1.0"},"type":"ws_msg"}
{"payload":{"local_timestamp":1668391412425,"stderr":true,"stdout":"\n"},"type":"ws_msg"}
{"payload":{"local_timestamp":1668391412425,"stderr":true,"stdout":"COMET INFO:     obj_pw             : 1.0"},"type":"ws_msg"}
{"payload":{"local_timestamp":1668391412425,"stderr":true,"stdout":"\n"},"type":"ws_msg"}
{"payload":{"local_timestamp":1668391412425,"stderr":true,"stdout":"COMET INFO:     optimizer          : SGD"},"type":"ws_msg"}
{"payload":{"local_timestamp":1668391412425,"stderr":true,"stdout":"\n"},"type":"ws_msg"}
{"payload":{"local_timestamp":1668391412425,"stderr":true,"stdout":"COMET INFO:     patience           : 100"},"type":"ws_msg"}
{"payload":{"local_timestamp":1668391412425,"stderr":true,"stdout":"\n"},"type":"ws_msg"}
{"payload":{"local_timestamp":1668391412425,"stderr":true,"stdout":"COMET INFO:     perspective        : 0.0"},"type":"ws_msg"}
{"payload":{"local_timestamp":1668391412425,"stderr":true,"stdout":"\n"},"type":"ws_msg"}
{"payload":{"local_timestamp":1668391412425,"stderr":true,"stdout":"COMET INFO:     project            : runs\\train"},"type":"ws_msg"}
{"payload":{"local_timestamp":1668391412426,"stderr":true,"stdout":"\n"},"type":"ws_msg"}
{"payload":{"local_timestamp":1668391412426,"stderr":true,"stdout":"COMET INFO:     quad               : False"},"type":"ws_msg"}
{"payload":{"local_timestamp":1668391412426,"stderr":true,"stdout":"\n"},"type":"ws_msg"}
{"payload":{"local_timestamp":1668391412426,"stderr":true,"stdout":"COMET INFO:     rect               : False"},"type":"ws_msg"}
{"payload":{"local_timestamp":1668391412426,"stderr":true,"stdout":"\n"},"type":"ws_msg"}
{"payload":{"local_timestamp":1668391412426,"stderr":true,"stdout":"COMET INFO:     resume             : False"},"type":"ws_msg"}
{"payload":{"local_timestamp":1668391412426,"stderr":true,"stdout":"\n"},"type":"ws_msg"}
{"payload":{"local_timestamp":1668391412426,"stderr":true,"stdout":"COMET INFO:     save_dir           : runs\\train\\exp3"},"type":"ws_msg"}
{"payload":{"local_timestamp":1668391412426,"stderr":true,"stdout":"\n"},"type":"ws_msg"}
{"payload":{"local_timestamp":1668391412426,"stderr":true,"stdout":"COMET INFO:     save_period        : -1"},"type":"ws_msg"}
{"payload":{"local_timestamp":1668391412426,"stderr":true,"stdout":"\n"},"type":"ws_msg"}
{"payload":{"local_timestamp":1668391412426,"stderr":true,"stdout":"COMET INFO:     scale              : 0.5"},"type":"ws_msg"}
{"payload":{"local_timestamp":1668391412427,"stderr":true,"stdout":"\n"},"type":"ws_msg"}
{"payload":{"local_timestamp":1668391412427,"stderr":true,"stdout":"COMET INFO:     seed               : 0"},"type":"ws_msg"}
{"payload":{"local_timestamp":1668391412427,"stderr":true,"stdout":"\n"},"type":"ws_msg"}
{"payload":{"local_timestamp":1668391412427,"stderr":true,"stdout":"COMET INFO:     shear              : 0.0"},"type":"ws_msg"}
{"payload":{"local_timestamp":1668391412427,"stderr":true,"stdout":"\n"},"type":"ws_msg"}
{"payload":{"local_timestamp":1668391412427,"stderr":true,"stdout":"COMET INFO:     single_cls         : False"},"type":"ws_msg"}
{"payload":{"local_timestamp":1668391412427,"stderr":true,"stdout":"\n"},"type":"ws_msg"}
{"payload":{"local_timestamp":1668391412427,"stderr":true,"stdout":"COMET INFO:     sync_bn            : False"},"type":"ws_msg"}
{"payload":{"local_timestamp":1668391412427,"stderr":true,"stdout":"\n"},"type":"ws_msg"}
{"payload":{"local_timestamp":1668391412427,"stderr":true,"stdout":"COMET INFO:     translate          : 0.1"},"type":"ws_msg"}
{"payload":{"local_timestamp":1668391412427,"stderr":true,"stdout":"\n"},"type":"ws_msg"}
{"payload":{"local_timestamp":1668391412427,"stderr":true,"stdout":"COMET INFO:     upload_dataset     : False"},"type":"ws_msg"}
{"payload":{"local_timestamp":1668391412427,"stderr":true,"stdout":"\n"},"type":"ws_msg"}
{"payload":{"local_timestamp":1668391412427,"stderr":true,"stdout":"COMET INFO:     val_conf_threshold : 0.001"},"type":"ws_msg"}
{"payload":{"local_timestamp":1668391412427,"stderr":true,"stdout":"\n"},"type":"ws_msg"}
{"payload":{"local_timestamp":1668391412428,"stderr":true,"stdout":"COMET INFO:     val_iou_threshold  : 0.6"},"type":"ws_msg"}
{"payload":{"local_timestamp":1668391412428,"stderr":true,"stdout":"\n"},"type":"ws_msg"}
{"payload":{"local_timestamp":1668391412428,"stderr":true,"stdout":"COMET INFO:     warmup_bias_lr     : 0.1"},"type":"ws_msg"}
{"payload":{"local_timestamp":1668391412428,"stderr":true,"stdout":"\n"},"type":"ws_msg"}
{"payload":{"local_timestamp":1668391412428,"stderr":true,"stdout":"COMET INFO:     warmup_epochs      : 3.0"},"type":"ws_msg"}
{"payload":{"local_timestamp":1668391412428,"stderr":true,"stdout":"\n"},"type":"ws_msg"}
{"payload":{"local_timestamp":1668391412428,"stderr":true,"stdout":"COMET INFO:     warmup_momentum    : 0.8"},"type":"ws_msg"}
{"payload":{"local_timestamp":1668391412428,"stderr":true,"stdout":"\n"},"type":"ws_msg"}
{"payload":{"local_timestamp":1668391412428,"stderr":true,"stdout":"COMET INFO:     weight_decay       : 0.0005"},"type":"ws_msg"}
{"payload":{"local_timestamp":1668391412428,"stderr":true,"stdout":"\n"},"type":"ws_msg"}
{"payload":{"local_timestamp":1668391412428,"stderr":true,"stdout":"COMET INFO:     weights            : ."},"type":"ws_msg"}
{"payload":{"local_timestamp":1668391412428,"stderr":true,"stdout":"\n"},"type":"ws_msg"}
{"payload":{"local_timestamp":1668391412428,"stderr":true,"stdout":"COMET INFO:     workers            : 8"},"type":"ws_msg"}
{"payload":{"local_timestamp":1668391412428,"stderr":true,"stdout":"\n"},"type":"ws_msg"}
{"payload":{"local_timestamp":1668391412429,"stderr":true,"stdout":"COMET INFO:   Uploads:"},"type":"ws_msg"}
{"payload":{"local_timestamp":1668391412429,"stderr":true,"stdout":"\n"},"type":"ws_msg"}
{"payload":{"local_timestamp":1668391412429,"stderr":true,"stdout":"COMET INFO:     asset               : 5 (849.32 KB)"},"type":"ws_msg"}
{"payload":{"local_timestamp":1668391412429,"stderr":true,"stdout":"\n"},"type":"ws_msg"}
{"payload":{"local_timestamp":1668391412429,"stderr":true,"stdout":"COMET INFO:     conda-info          : 1"},"type":"ws_msg"}
{"payload":{"local_timestamp":1668391412429,"stderr":true,"stdout":"\n"},"type":"ws_msg"}
{"payload":{"local_timestamp":1668391412429,"stderr":true,"stdout":"COMET INFO:     conda-specification : 1"},"type":"ws_msg"}
{"payload":{"local_timestamp":1668391412430,"stderr":true,"stdout":"\n"},"type":"ws_msg"}
{"payload":{"local_timestamp":1668391412430,"stderr":true,"stdout":"COMET INFO:     environment details : 1"},"type":"ws_msg"}
{"payload":{"local_timestamp":1668391412430,"stderr":true,"stdout":"\n"},"type":"ws_msg"}
{"payload":{"local_timestamp":1668391412430,"stderr":true,"stdout":"COMET INFO:     installed packages  : 1"},"type":"ws_msg"}
{"payload":{"local_timestamp":1668391412430,"stderr":true,"stdout":"\n"},"type":"ws_msg"}
{"payload":{"local_timestamp":1668391412430,"stderr":true,"stdout":"COMET INFO: ----------------------------------"},"type":"ws_msg"}
{"payload":{"local_timestamp":1668391412430,"stderr":true,"stdout":"\n"},"type":"ws_msg"}
{"payload":{"local_timestamp":1668391412430,"stderr":true,"stdout":"COMET WARNING: Experiment Name is generated at upload time for Offline Experiments unless set explicitly with Experiment.set_name"},"type":"ws_msg"}
{"payload":{"local_timestamp":1668391412430,"stderr":true,"stdout":"\n"},"type":"ws_msg"}
{"payload":{"local_timestamp":1668391412430,"stderr":true,"stdout":"COMET WARNING: Comet has disabled auto-logging functionality as it has been imported after the following ML modules: torch, tensorboard. Metrics and hyperparameters can still be logged using comet_ml.log_metrics() and comet_ml.log_parameters()"},"type":"ws_msg"}
{"payload":{"local_timestamp":1668391412430,"stderr":true,"stdout":"\n"},"type":"ws_msg"}
{"payload":{"local_timestamp":1668391412431,"log_other":{"key":"sys.already_imported_modules","val":"[\"torch\", \"tensorboard\"]"}},"type":"ws_msg"}
