{"payload":{"installed_packages":["absl-py==1.2.0","addict==2.4.0","aiohttp==3.8.1","aiosignal==1.2.0","antlr4-python3-runtime==4.9.3","anyio==3.6.1","appdirs==1.4.4","argon2-cffi-bindings==21.2.0","argon2-cffi==21.3.0","async-timeout==4.0.1","asynctest==0.13.0","attrs==21.4.0","backcall==0.2.0","beautifulsoup4==4.11.1","black==22.3.0","bleach==5.0.1","blinker==1.4","brotlipy==0.7.0","cachetools==4.2.4","certifi==2021.5.30","cffi==1.15.0","chardet==3.0.4","charset-normalizer==2.1.0","click==8.1.3","cloudpickle==2.1.0","colorama==0.4.5","comet-ml==3.31.12","commonmark==0.9.1","configobj==5.0.6","coremltools==5.2.0","cryptography==37.0.1","cuda-python==11.5.0","cupy-cuda111==11.0.0","cycler==0.10.0","cython==0.29.32","debugpy==1.6.3","decorator==5.1.1","defusedxml==0.7.1","docker-pycreds==0.4.0","dulwich==0.20.46","easydict==1.10","einops==0.4.1","ensemble-boxes==1.0.9","entrypoints==0.4","everett==3.0.0","fairscale==0.4.8","faiss-cpu==1.7.2","faiss==1.7.2","fast-ctc-decode==0.3.2","fastjsonschema==2.16.1","fastrlock==0.8","filelock==3.8.0","filterpy==1.4.5","flake8==5.0.4","flatbuffers==2.0","fonttools==4.34.4","frozenlist==1.2.0","future==0.18.2","fvcore==0.1.5.post20220512","gdown==4.5.3","gitdb==4.0.9","gitpython==3.1.27","glob2==0.7","google-auth-oauthlib==0.4.6","google-auth==1.35.0","grpcio==1.47.0","h11==0.12.0","h5py==3.7.0","httpcore==0.15.0","httpx==0.23.0","huggingface-hub==0.8.1","hydra-core==1.2.0","idna==2.10","imagecodecs==2021.11.20","imageio==2.22.2","imagesize==1.4.1","imgviz==1.5.1","importlib-metadata==4.2.0","importlib-resources==5.9.0","imutils==0.5.4","iopath==0.1.9","ipykernel==6.15.1","ipython-genutils==0.2.0","ipython==7.34.0","ipywidgets==8.0.1","iso8601==1.1.0","isort==4.3.21","jedi==0.18.1","jinja2==3.1.2","joblib==1.1.0","jsonschema==4.12.1","jstyleson==0.0.2","jupyter-client==7.3.4","jupyter-console==6.4.4","jupyter-core==4.11.1","jupyter==1.0.0","jupyterlab-pygments==0.2.2","jupyterlab-widgets==3.0.1","kiwisolver==1.3.1","labelme==5.0.2","lap==0.4.0","llvmlite==0.39.0","lmdb==1.3.0","loguru==0.6.0","lxml==4.9.1","mako==1.2.1","markdown==3.3.4","markupsafe==2.1.1","matplotlib-inline==0.1.3","matplotlib==3.2.2","mccabe==0.7.0","mistune==0.8.4","mkl-fft==1.3.0","mkl-random==1.1.1","mkl-service==2.3.0","mmcv-full==1.6.1","model-index==0.1.11","motmetrics==1.2.5","mpmath==1.2.1","multidict==5.1.0","mypy-extensions==0.4.3","natsort==8.2.0","nbclient==0.6.6","nbconvert==6.5.3","nbformat==5.4.0","nest-asyncio==1.5.5","networkx==2.6.3","nibabel==4.0.1","ninja==1.10.2.3","nltk==3.7","notebook==6.4.12","numba==0.56.0","numpy==1.21.6","nvidia-pyindex==1.0.9","oauthlib==3.2.0","omegaconf==2.2.2","onnx-simplifier==0.4.8","onnx==1.12.0","onnxoptimizer==0.3.0","onnxruntime==1.8.0","opencv-python==4.6.0.66","openmim==0.2.1","openvino-telemetry==2022.1.1","openvino==2022.1.0","ordered-set==4.1.0","packaging==21.3","pandas==1.1.5","pandocfilters==1.5.0","parasail==1.2.4","parso==0.8.3","pathspec==0.9.0","pathtools==0.1.2","pickleshare==0.7.5","pillow==9.0.1","pip==22.2.2","pkgutil-resolve-name==1.3.10","platformdirs==2.5.2","polygon-inter-union-cuda==2.1","polygon==1.0.9","portalocker==2.5.1","progress==1.6","prometheus-client==0.14.1","promise==2.3","prompt-toolkit==3.0.30","protobuf==3.19.4","psutil==5.9.1","py-cpuinfo==8.0.0","pyasn1-modules==0.2.8","pyasn1==0.4.8","pyclipper==1.3.0.post3","pycocotools==2.0.4","pycodestyle==2.9.1","pycparser==2.21","pycuda==2022.1","pydicom==2.3.0","pydot==1.4.2","pyflakes==2.5.0","pygments==2.12.0","pyjwt==2.4.0","pyopenssl==22.0.0","pyparsing==2.4.7","pyqt5-qt5==5.15.2","pyqt5-sip==12.11.0","pyqt5==5.15.7","pyrsistent==0.18.1","pysocks==1.7.1","python-dateutil==2.8.2","python-dotenv==0.20.0","pytools==2022.1.12","pytz==2022.1","pywavelets==1.3.0","pywin32==304","pywinpty==2.0.7","pyyaml==6.0","pyzmq==23.2.1","qtconsole==5.3.1","qtpy==2.2.0","qudida==0.0.4","rawpy==0.17.1","regex==2022.7.9","requests-oauthlib==1.3.1","requests-toolbelt==0.9.1","requests==2.23.0","rfc3986==1.5.0","rich==12.5.1","roboflow==0.2.11","rsa==4.9","sacremoses==0.0.53","scikit-image==0.19.3","scikit-learn==0.24.2","scipy==1.5.4","seaborn==0.11.2","semantic-version==2.10.0","send2trash==1.8.0","sentencepiece==0.1.96","sentry-sdk==1.9.0","serial==0.0.97","setproctitle==1.3.2","setuptools==61.2.0","shapely==1.8.2","shortuuid==1.0.9","six==1.16.0","smmap==5.0.0","sniffio==1.2.0","soupsieve==2.3.2.post1","sympy==1.10.1","tabulate==0.8.10","tb-nightly==2.11.0a20221030","tensorboard-data-server==0.6.1","tensorboard-plugin-wit==1.8.1","tensorboard==2.4.1","tensorboardx==2.5.1","tensorrt==8.2.5.1","termcolor==1.1.0","terminado==0.15.0","terminaltables==3.1.10","texttable==1.6.4","thop==0.1.1.post2207130030","threadpoolctl==3.1.0","tifffile==2021.11.2","timm==0.6.5","tinycss2==1.1.1","tokenizers==0.10.3","tomli==2.0.1","torch==1.8.1+cu111","torchaudio==0.8.1","torchvision==0.9.1+cu111","tornado==6.2","tqdm==4.64.0","traitlets==5.3.0","transformers==4.16.2","typed-ast==1.5.4","typing-extensions==4.3.0","urllib3==1.25.11","wcwidth==0.2.5","webencodings==0.5.1","websocket-client==1.3.3","websockets==10.3","werkzeug==2.2.0","wget==3.2","wheel==0.37.1","widgetsnbextension==4.0.1","win-inet-pton==1.1.0","win32-setctime==1.1.0","wincertstore==0.2","wrapt==1.14.1","wurlitzer==3.0.2","xmltodict==0.13.0","yacs==0.1.8","yapf==0.32.0","yarl==1.6.3","zipp==3.8.1"],"local_timestamp":1668480367763},"type":"ws_msg"}
{"payload":{"env_details":{"command":["D:\\my_job\\code\\xianyu\\yolov5-master\\train.py"],"env":null,"hostname":"PC-202208301411","ip":"210.30.214.100","machine":"AMD64","os":"Windows-10-10.0.19041-SP0","os_release":"10","os_type":"Windows","pid":25260,"processor":"Intel64 Family 6 Model 151 Stepping 2, GenuineIntel","python_exe":"C:\\ProgramData\\Anaconda3\\envs\\torch\\python.exe","python_version":"3.7.1","python_version_verbose":"3.7.1 (default, Oct 28 2018, 08:39:03) [MSC v.1912 64 bit (AMD64)]","user":"Administrator"},"local_timestamp":1668480367766},"type":"ws_msg"}
{"payload":{"local_timestamp":1668480367882,"metric":{"epoch":null,"metricName":"sys.cpu.percent.avg","metricValue":21.291666666666668,"step":null}},"type":"metric_msg"}
{"payload":{"local_timestamp":1668480367883,"metric":{"epoch":null,"metricName":"sys.cpu.percent.01","metricValue":19.5,"step":null}},"type":"metric_msg"}
{"payload":{"local_timestamp":1668480367883,"metric":{"epoch":null,"metricName":"sys.cpu.percent.02","metricValue":8.1,"step":null}},"type":"metric_msg"}
{"payload":{"local_timestamp":1668480367883,"metric":{"epoch":null,"metricName":"sys.cpu.percent.03","metricValue":31.4,"step":null}},"type":"metric_msg"}
{"payload":{"local_timestamp":1668480367883,"metric":{"epoch":null,"metricName":"sys.cpu.percent.04","metricValue":8.1,"step":null}},"type":"metric_msg"}
{"payload":{"local_timestamp":1668480367883,"metric":{"epoch":null,"metricName":"sys.cpu.percent.05","metricValue":9.3,"step":null}},"type":"metric_msg"}
{"payload":{"local_timestamp":1668480367883,"metric":{"epoch":null,"metricName":"sys.cpu.percent.06","metricValue":15.1,"step":null}},"type":"metric_msg"}
{"payload":{"local_timestamp":1668480367883,"metric":{"epoch":null,"metricName":"sys.cpu.percent.07","metricValue":9.3,"step":null}},"type":"metric_msg"}
{"payload":{"local_timestamp":1668480367883,"metric":{"epoch":null,"metricName":"sys.cpu.percent.08","metricValue":25.6,"step":null}},"type":"metric_msg"}
{"payload":{"local_timestamp":1668480367883,"metric":{"epoch":null,"metricName":"sys.cpu.percent.09","metricValue":12.8,"step":null}},"type":"metric_msg"}
{"payload":{"local_timestamp":1668480367883,"metric":{"epoch":null,"metricName":"sys.cpu.percent.10","metricValue":19.8,"step":null}},"type":"metric_msg"}
{"payload":{"local_timestamp":1668480367883,"metric":{"epoch":null,"metricName":"sys.cpu.percent.11","metricValue":19.8,"step":null}},"type":"metric_msg"}
{"payload":{"local_timestamp":1668480367883,"metric":{"epoch":null,"metricName":"sys.cpu.percent.12","metricValue":76.7,"step":null}},"type":"metric_msg"}
{"payload":{"local_timestamp":1668480367883,"metric":{"epoch":null,"metricName":"sys.load.avg","metricValue":0.0,"step":null}},"type":"metric_msg"}
{"payload":{"local_timestamp":1668480367883,"metric":{"epoch":null,"metricName":"sys.ram.total","metricValue":34192379904,"step":null}},"type":"metric_msg"}
{"payload":{"local_timestamp":1668480367883,"metric":{"epoch":null,"metricName":"sys.ram.used","metricValue":14356381696,"step":null}},"type":"metric_msg"}
{"payload":{"local_timestamp":1668480367886,"log_other":{"key":"offline_experiment","val":true}},"type":"ws_msg"}
{"payload":{"additional_params":{"assetId":"1afc096853484e499a4dd92adf53bed0","context":null,"extension":"yaml","fileName":"NEU.yaml","overwrite":false,"runId":null,"step":null},"clean":true,"file_path":"tmppvgwmvq5","local_timestamp":1668480367891,"metadata":{"type":"data-config-file"},"upload_type":"asset"},"type":"file_upload"}
{"payload":{"local_timestamp":1668480367898,"log_other":{"key":"Created from","val":"YOLOv5"}},"type":"ws_msg"}
{"payload":{"local_timestamp":1668480367898,"param":{"paramName":"artifact_alias","paramValue":"latest","step":null}},"type":"parameter_msg"}
{"payload":{"local_timestamp":1668480367898,"param":{"paramName":"batch_size","paramValue":2,"step":null}},"type":"parameter_msg"}
{"payload":{"local_timestamp":1668480367898,"param":{"paramName":"bbox_interval","paramValue":-1,"step":null}},"type":"parameter_msg"}
{"payload":{"local_timestamp":1668480367898,"param":{"paramName":"bucket","paramValue":"","step":null}},"type":"parameter_msg"}
{"payload":{"local_timestamp":1668480367898,"param":{"paramName":"cache","paramValue":null,"step":null}},"type":"parameter_msg"}
{"payload":{"local_timestamp":1668480367898,"param":{"paramName":"cfg","paramValue":"models/yolov5sEfficientLiteV2.yaml","step":null}},"type":"parameter_msg"}
{"payload":{"local_timestamp":1668480367898,"param":{"paramName":"cos_lr","paramValue":false,"step":null}},"type":"parameter_msg"}
{"payload":{"local_timestamp":1668480367898,"param":{"paramName":"data","paramValue":"data\\NEU.yaml","step":null}},"type":"parameter_msg"}
{"payload":{"local_timestamp":1668480367898,"param":{"paramName":"device","paramValue":"","step":null}},"type":"parameter_msg"}
{"payload":{"local_timestamp":1668480367898,"param":{"paramName":"entity","paramValue":null,"step":null}},"type":"parameter_msg"}
{"payload":{"local_timestamp":1668480367898,"param":{"paramName":"epochs","paramValue":100,"step":null}},"type":"parameter_msg"}
{"payload":{"local_timestamp":1668480367898,"param":{"paramName":"evolve","paramValue":null,"step":null}},"type":"parameter_msg"}
{"payload":{"local_timestamp":1668480367898,"param":{"paramName":"exist_ok","paramValue":false,"step":null}},"type":"parameter_msg"}
{"payload":{"local_timestamp":1668480367898,"params":{"paramName":"freeze","paramValue":[0],"step":null}},"type":"parameter_msg"}
{"payload":{"local_timestamp":1668480367898,"param":{"paramName":"hyp","paramValue":"{\"anchor_t\": 4.0, \"box\": 0.05, \"cls\": 0.5, \"cls_pw\": 1.0, \"copy_paste\": 0.0, \"degrees\": 0.0, \"fl_gamma\": 0.0, \"fliplr\": 0.5, \"flipud\": 0.0, \"hsv_h\": 0.015, \"hsv_s\": 0.7, \"hsv_v\": 0.4, \"iou_t\": 0.2, \"lr0\": 0.01, \"lrf\": 0.01, \"mixup\": 0.0, \"momentum\": 0.937, \"mosaic\": 1.0, \"obj\": 1.0, \"obj_pw\": 1.0, \"perspective\": 0.0, \"scale\": 0.5, \"shear\": 0.0, \"translate\": 0.1, \"warmup_bias_lr\": 0.1, \"warmup_epochs\": 3.0, \"warmup_momentum\": 0.8, \"weight_decay\": 0.0005}","step":null}},"type":"parameter_msg"}
{"payload":{"local_timestamp":1668480367898,"param":{"paramName":"image_weights","paramValue":false,"step":null}},"type":"parameter_msg"}
{"payload":{"local_timestamp":1668480367898,"param":{"paramName":"imgsz","paramValue":640,"step":null}},"type":"parameter_msg"}
{"payload":{"local_timestamp":1668480367898,"param":{"paramName":"label_smoothing","paramValue":0.0,"step":null}},"type":"parameter_msg"}
{"payload":{"local_timestamp":1668480367899,"param":{"paramName":"local_rank","paramValue":-1,"step":null}},"type":"parameter_msg"}
{"payload":{"local_timestamp":1668480367899,"param":{"paramName":"multi_scale","paramValue":false,"step":null}},"type":"parameter_msg"}
{"payload":{"local_timestamp":1668480367899,"param":{"paramName":"name","paramValue":"exp","step":null}},"type":"parameter_msg"}
{"payload":{"local_timestamp":1668480367899,"param":{"paramName":"noautoanchor","paramValue":false,"step":null}},"type":"parameter_msg"}
{"payload":{"local_timestamp":1668480367899,"param":{"paramName":"noplots","paramValue":false,"step":null}},"type":"parameter_msg"}
{"payload":{"local_timestamp":1668480367899,"param":{"paramName":"nosave","paramValue":false,"step":null}},"type":"parameter_msg"}
{"payload":{"local_timestamp":1668480367899,"param":{"paramName":"noval","paramValue":false,"step":null}},"type":"parameter_msg"}
{"payload":{"local_timestamp":1668480367899,"param":{"paramName":"optimizer","paramValue":"SGD","step":null}},"type":"parameter_msg"}
{"payload":{"local_timestamp":1668480367899,"param":{"paramName":"patience","paramValue":100,"step":null}},"type":"parameter_msg"}
{"payload":{"local_timestamp":1668480367899,"param":{"paramName":"project","paramValue":"runs\\train","step":null}},"type":"parameter_msg"}
{"payload":{"local_timestamp":1668480367899,"param":{"paramName":"quad","paramValue":false,"step":null}},"type":"parameter_msg"}
{"payload":{"local_timestamp":1668480367899,"param":{"paramName":"rect","paramValue":false,"step":null}},"type":"parameter_msg"}
{"payload":{"local_timestamp":1668480367899,"param":{"paramName":"resume","paramValue":false,"step":null}},"type":"parameter_msg"}
{"payload":{"local_timestamp":1668480367899,"param":{"paramName":"save_dir","paramValue":"runs\\train\\exp28","step":null}},"type":"parameter_msg"}
{"payload":{"local_timestamp":1668480367899,"param":{"paramName":"save_period","paramValue":-1,"step":null}},"type":"parameter_msg"}
{"payload":{"local_timestamp":1668480367899,"param":{"paramName":"seed","paramValue":0,"step":null}},"type":"parameter_msg"}
{"payload":{"local_timestamp":1668480367899,"param":{"paramName":"single_cls","paramValue":false,"step":null}},"type":"parameter_msg"}
{"payload":{"local_timestamp":1668480367899,"param":{"paramName":"sync_bn","paramValue":false,"step":null}},"type":"parameter_msg"}
{"payload":{"local_timestamp":1668480367899,"param":{"paramName":"upload_dataset","paramValue":false,"step":null}},"type":"parameter_msg"}
{"payload":{"local_timestamp":1668480367899,"param":{"paramName":"weights","paramValue":".","step":null}},"type":"parameter_msg"}
{"payload":{"local_timestamp":1668480367899,"param":{"paramName":"workers","paramValue":8,"step":null}},"type":"parameter_msg"}
{"payload":{"local_timestamp":1668480367899,"param":{"paramName":"anchor_t","paramValue":4.0,"step":null}},"type":"parameter_msg"}
{"payload":{"local_timestamp":1668480367899,"param":{"paramName":"box","paramValue":0.05,"step":null}},"type":"parameter_msg"}
{"payload":{"local_timestamp":1668480367899,"param":{"paramName":"cls","paramValue":0.5,"step":null}},"type":"parameter_msg"}
{"payload":{"local_timestamp":1668480367899,"param":{"paramName":"cls_pw","paramValue":1.0,"step":null}},"type":"parameter_msg"}
{"payload":{"local_timestamp":1668480367899,"param":{"paramName":"copy_paste","paramValue":0.0,"step":null}},"type":"parameter_msg"}
{"payload":{"local_timestamp":1668480367899,"param":{"paramName":"degrees","paramValue":0.0,"step":null}},"type":"parameter_msg"}
{"payload":{"local_timestamp":1668480367899,"param":{"paramName":"fl_gamma","paramValue":0.0,"step":null}},"type":"parameter_msg"}
{"payload":{"local_timestamp":1668480367899,"param":{"paramName":"fliplr","paramValue":0.5,"step":null}},"type":"parameter_msg"}
{"payload":{"local_timestamp":1668480367899,"param":{"paramName":"flipud","paramValue":0.0,"step":null}},"type":"parameter_msg"}
{"payload":{"local_timestamp":1668480367899,"param":{"paramName":"hsv_h","paramValue":0.015,"step":null}},"type":"parameter_msg"}
{"payload":{"local_timestamp":1668480367899,"param":{"paramName":"hsv_s","paramValue":0.7,"step":null}},"type":"parameter_msg"}
{"payload":{"local_timestamp":1668480367899,"param":{"paramName":"hsv_v","paramValue":0.4,"step":null}},"type":"parameter_msg"}
{"payload":{"local_timestamp":1668480367899,"param":{"paramName":"iou_t","paramValue":0.2,"step":null}},"type":"parameter_msg"}
{"payload":{"local_timestamp":1668480367899,"param":{"paramName":"lr0","paramValue":0.01,"step":null}},"type":"parameter_msg"}
{"payload":{"local_timestamp":1668480367899,"param":{"paramName":"lrf","paramValue":0.01,"step":null}},"type":"parameter_msg"}
{"payload":{"local_timestamp":1668480367899,"param":{"paramName":"mixup","paramValue":0.0,"step":null}},"type":"parameter_msg"}
{"payload":{"local_timestamp":1668480367900,"param":{"paramName":"momentum","paramValue":0.937,"step":null}},"type":"parameter_msg"}
{"payload":{"local_timestamp":1668480367900,"param":{"paramName":"mosaic","paramValue":1.0,"step":null}},"type":"parameter_msg"}
{"payload":{"local_timestamp":1668480367900,"param":{"paramName":"obj","paramValue":1.0,"step":null}},"type":"parameter_msg"}
{"payload":{"local_timestamp":1668480367900,"param":{"paramName":"obj_pw","paramValue":1.0,"step":null}},"type":"parameter_msg"}
{"payload":{"local_timestamp":1668480367900,"param":{"paramName":"perspective","paramValue":0.0,"step":null}},"type":"parameter_msg"}
{"payload":{"local_timestamp":1668480367900,"param":{"paramName":"scale","paramValue":0.5,"step":null}},"type":"parameter_msg"}
{"payload":{"local_timestamp":1668480367900,"param":{"paramName":"shear","paramValue":0.0,"step":null}},"type":"parameter_msg"}
{"payload":{"local_timestamp":1668480367900,"param":{"paramName":"translate","paramValue":0.1,"step":null}},"type":"parameter_msg"}
{"payload":{"local_timestamp":1668480367900,"param":{"paramName":"warmup_bias_lr","paramValue":0.1,"step":null}},"type":"parameter_msg"}
{"payload":{"local_timestamp":1668480367900,"param":{"paramName":"warmup_epochs","paramValue":3.0,"step":null}},"type":"parameter_msg"}
{"payload":{"local_timestamp":1668480367900,"param":{"paramName":"warmup_momentum","paramValue":0.8,"step":null}},"type":"parameter_msg"}
{"payload":{"local_timestamp":1668480367900,"param":{"paramName":"weight_decay","paramValue":0.0005,"step":null}},"type":"parameter_msg"}
{"payload":{"additional_params":{"assetId":"924656f0ae76447e97b4cbca8b487e40","context":null,"epoch":null,"extension":"json","fileName":"hyperparameters.json","overwrite":false,"runId":null,"step":null},"clean":true,"file_path":"tmpdygef5dg","local_timestamp":1668480367936,"metadata":{"type":"hyp-config-file"},"upload_type":"asset"},"type":"file_upload"}
{"payload":{"additional_params":{"assetId":"ab8b59e98f5a450f9859b499dffc8c60","context":null,"extension":"yaml","fileName":"opt.yaml","overwrite":false,"runId":null,"step":null},"clean":true,"file_path":"tmpq5pe7t14","local_timestamp":1668480367902,"metadata":{"type":"opt-config-file"},"upload_type":"asset"},"type":"file_upload"}
{"payload":{"local_timestamp":1668480367902,"param":{"paramName":"val_conf_threshold","paramValue":0.001,"step":null}},"type":"parameter_msg"}
{"payload":{"local_timestamp":1668480367902,"param":{"paramName":"val_iou_threshold","paramValue":0.6,"step":null}},"type":"parameter_msg"}
{"payload":{"local_timestamp":1668480367902,"log_other":{"key":"comet_mode","val":"online"}},"type":"ws_msg"}
{"payload":{"local_timestamp":1668480367902,"log_other":{"key":"comet_max_image_uploads","val":100}},"type":"ws_msg"}
{"payload":{"local_timestamp":1668480367902,"log_other":{"key":"comet_log_per_class_metrics","val":false}},"type":"ws_msg"}
{"payload":{"local_timestamp":1668480367902,"log_other":{"key":"comet_log_batch_metrics","val":false}},"type":"ws_msg"}
{"payload":{"local_timestamp":1668480367902,"log_other":{"key":"comet_log_confusion_matrix","val":true}},"type":"ws_msg"}
{"payload":{"local_timestamp":1668480367902,"log_other":{"key":"comet_model_name","val":"yolov5"}},"type":"ws_msg"}
{"payload":{"local_timestamp":1668480367932,"stderr":true,"stdout":"Overriding model.yaml nc=80 with nc=6"},"type":"ws_msg"}
{"payload":{"local_timestamp":1668480367932,"stderr":true,"stdout":"\n"},"type":"ws_msg"}
{"payload":{"local_timestamp":1668480367933,"stderr":true,"stdout":"\n                 from  n    params  module                                  arguments                     "},"type":"ws_msg"}
{"payload":{"local_timestamp":1668480367933,"stderr":true,"stdout":"\n"},"type":"ws_msg"}
{"payload":{"local_timestamp":1668480367935,"stderr":true,"stdout":"  0                -1  1       696  models.common.stem                      [3, 24, 'ReLU6']              "},"type":"ws_msg"}
{"payload":{"local_timestamp":1668480367935,"stderr":true,"stdout":"\n"},"type":"ws_msg"}
{"payload":{"local_timestamp":1668480368724,"stderr":true,"stdout":"COMET WARNING: Unknown error exporting current conda environment"},"type":"ws_msg"}
{"payload":{"local_timestamp":1668480368724,"stderr":true,"stdout":"\n"},"type":"ws_msg"}
{"payload":{"additional_params":{"assetId":"c9a8ddfeab4c4c858bcd9d21c62ad42c","context":null,"epoch":null,"extension":"txt","fileName":"conda-spec.txt","overwrite":false,"runId":null,"step":null,"type":"conda-specification"},"clean":true,"file_path":"tmpum3rmh6q","local_timestamp":1668480368963,"metadata":{},"upload_type":"conda-specification"},"type":"file_upload"}
{"payload":{"additional_params":{"assetId":"a96abdf99a194534888856d308d13374","context":null,"epoch":null,"extension":"yml","fileName":"conda-info.yml","overwrite":false,"runId":null,"step":null,"type":"conda-info"},"clean":true,"file_path":"tmpxrdx3h8h","local_timestamp":1668480369234,"metadata":{},"upload_type":"conda-info"},"type":"file_upload"}
{"payload":{"local_timestamp":1668480428540,"metric":{"epoch":null,"metricName":"sys.cpu.percent.avg","metricValue":1.7249999999999996,"step":null}},"type":"metric_msg"}
{"payload":{"local_timestamp":1668480428540,"metric":{"epoch":null,"metricName":"sys.cpu.percent.01","metricValue":2.6,"step":null}},"type":"metric_msg"}
{"payload":{"local_timestamp":1668480428540,"metric":{"epoch":null,"metricName":"sys.cpu.percent.02","metricValue":0.5,"step":null}},"type":"metric_msg"}
{"payload":{"local_timestamp":1668480428540,"metric":{"epoch":null,"metricName":"sys.cpu.percent.03","metricValue":4.0,"step":null}},"type":"metric_msg"}
{"payload":{"local_timestamp":1668480428540,"metric":{"epoch":null,"metricName":"sys.cpu.percent.04","metricValue":1.9,"step":null}},"type":"metric_msg"}
{"payload":{"local_timestamp":1668480428540,"metric":{"epoch":null,"metricName":"sys.cpu.percent.05","metricValue":1.7,"step":null}},"type":"metric_msg"}
{"payload":{"local_timestamp":1668480428540,"metric":{"epoch":null,"metricName":"sys.cpu.percent.06","metricValue":5.1,"step":null}},"type":"metric_msg"}
{"payload":{"local_timestamp":1668480428540,"metric":{"epoch":null,"metricName":"sys.cpu.percent.07","metricValue":1.3,"step":null}},"type":"metric_msg"}
{"payload":{"local_timestamp":1668480428540,"metric":{"epoch":null,"metricName":"sys.cpu.percent.08","metricValue":0.7,"step":null}},"type":"metric_msg"}
{"payload":{"local_timestamp":1668480428540,"metric":{"epoch":null,"metricName":"sys.cpu.percent.09","metricValue":1.2,"step":null}},"type":"metric_msg"}
{"payload":{"local_timestamp":1668480428540,"metric":{"epoch":null,"metricName":"sys.cpu.percent.10","metricValue":0.2,"step":null}},"type":"metric_msg"}
{"payload":{"local_timestamp":1668480428540,"metric":{"epoch":null,"metricName":"sys.cpu.percent.11","metricValue":0.8,"step":null}},"type":"metric_msg"}
{"payload":{"local_timestamp":1668480428540,"metric":{"epoch":null,"metricName":"sys.cpu.percent.12","metricValue":0.7,"step":null}},"type":"metric_msg"}
{"payload":{"local_timestamp":1668480428540,"metric":{"epoch":null,"metricName":"sys.load.avg","metricValue":0.0,"step":null}},"type":"metric_msg"}
{"payload":{"local_timestamp":1668480428540,"metric":{"epoch":null,"metricName":"sys.ram.total","metricValue":34192379904,"step":null}},"type":"metric_msg"}
{"payload":{"local_timestamp":1668480428540,"metric":{"epoch":null,"metricName":"sys.ram.used","metricValue":14342770688,"step":null}},"type":"metric_msg"}
{"payload":{"local_timestamp":1668480489132,"metric":{"epoch":null,"metricName":"sys.cpu.percent.avg","metricValue":2.0083333333333333,"step":null}},"type":"metric_msg"}
{"payload":{"local_timestamp":1668480489132,"metric":{"epoch":null,"metricName":"sys.cpu.percent.01","metricValue":3.6,"step":null}},"type":"metric_msg"}
{"payload":{"local_timestamp":1668480489132,"metric":{"epoch":null,"metricName":"sys.cpu.percent.02","metricValue":0.6,"step":null}},"type":"metric_msg"}
{"payload":{"local_timestamp":1668480489132,"metric":{"epoch":null,"metricName":"sys.cpu.percent.03","metricValue":3.0,"step":null}},"type":"metric_msg"}
{"payload":{"local_timestamp":1668480489132,"metric":{"epoch":null,"metricName":"sys.cpu.percent.04","metricValue":2.0,"step":null}},"type":"metric_msg"}
{"payload":{"local_timestamp":1668480489132,"metric":{"epoch":null,"metricName":"sys.cpu.percent.05","metricValue":1.6,"step":null}},"type":"metric_msg"}
{"payload":{"local_timestamp":1668480489132,"metric":{"epoch":null,"metricName":"sys.cpu.percent.06","metricValue":6.2,"step":null}},"type":"metric_msg"}
{"payload":{"local_timestamp":1668480489132,"metric":{"epoch":null,"metricName":"sys.cpu.percent.07","metricValue":1.8,"step":null}},"type":"metric_msg"}
{"payload":{"local_timestamp":1668480489132,"metric":{"epoch":null,"metricName":"sys.cpu.percent.08","metricValue":1.0,"step":null}},"type":"metric_msg"}
{"payload":{"local_timestamp":1668480489132,"metric":{"epoch":null,"metricName":"sys.cpu.percent.09","metricValue":1.5,"step":null}},"type":"metric_msg"}
{"payload":{"local_timestamp":1668480489132,"metric":{"epoch":null,"metricName":"sys.cpu.percent.10","metricValue":0.4,"step":null}},"type":"metric_msg"}
{"payload":{"local_timestamp":1668480489132,"metric":{"epoch":null,"metricName":"sys.cpu.percent.11","metricValue":1.2,"step":null}},"type":"metric_msg"}
{"payload":{"local_timestamp":1668480489132,"metric":{"epoch":null,"metricName":"sys.cpu.percent.12","metricValue":1.2,"step":null}},"type":"metric_msg"}
{"payload":{"local_timestamp":1668480489132,"metric":{"epoch":null,"metricName":"sys.load.avg","metricValue":0.0,"step":null}},"type":"metric_msg"}
{"payload":{"local_timestamp":1668480489132,"metric":{"epoch":null,"metricName":"sys.ram.total","metricValue":34192379904,"step":null}},"type":"metric_msg"}
{"payload":{"local_timestamp":1668480489132,"metric":{"epoch":null,"metricName":"sys.ram.used","metricValue":14372884480,"step":null}},"type":"metric_msg"}
{"payload":{"local_timestamp":1668480549772,"metric":{"epoch":null,"metricName":"sys.cpu.percent.avg","metricValue":3.508333333333333,"step":null}},"type":"metric_msg"}
{"payload":{"local_timestamp":1668480549772,"metric":{"epoch":null,"metricName":"sys.cpu.percent.01","metricValue":4.8,"step":null}},"type":"metric_msg"}
{"payload":{"local_timestamp":1668480549772,"metric":{"epoch":null,"metricName":"sys.cpu.percent.02","metricValue":2.4,"step":null}},"type":"metric_msg"}
{"payload":{"local_timestamp":1668480549772,"metric":{"epoch":null,"metricName":"sys.cpu.percent.03","metricValue":5.6,"step":null}},"type":"metric_msg"}
{"payload":{"local_timestamp":1668480549772,"metric":{"epoch":null,"metricName":"sys.cpu.percent.04","metricValue":3.6,"step":null}},"type":"metric_msg"}
{"payload":{"local_timestamp":1668480549772,"metric":{"epoch":null,"metricName":"sys.cpu.percent.05","metricValue":3.7,"step":null}},"type":"metric_msg"}
{"payload":{"local_timestamp":1668480549772,"metric":{"epoch":null,"metricName":"sys.cpu.percent.06","metricValue":4.7,"step":null}},"type":"metric_msg"}
{"payload":{"local_timestamp":1668480549772,"metric":{"epoch":null,"metricName":"sys.cpu.percent.07","metricValue":3.2,"step":null}},"type":"metric_msg"}
{"payload":{"local_timestamp":1668480549772,"metric":{"epoch":null,"metricName":"sys.cpu.percent.08","metricValue":3.1,"step":null}},"type":"metric_msg"}
{"payload":{"local_timestamp":1668480549772,"metric":{"epoch":null,"metricName":"sys.cpu.percent.09","metricValue":3.0,"step":null}},"type":"metric_msg"}
{"payload":{"local_timestamp":1668480549772,"metric":{"epoch":null,"metricName":"sys.cpu.percent.10","metricValue":1.9,"step":null}},"type":"metric_msg"}
{"payload":{"local_timestamp":1668480549772,"metric":{"epoch":null,"metricName":"sys.cpu.percent.11","metricValue":3.0,"step":null}},"type":"metric_msg"}
{"payload":{"local_timestamp":1668480549772,"metric":{"epoch":null,"metricName":"sys.cpu.percent.12","metricValue":3.1,"step":null}},"type":"metric_msg"}
{"payload":{"local_timestamp":1668480549772,"metric":{"epoch":null,"metricName":"sys.load.avg","metricValue":0.94,"step":null}},"type":"metric_msg"}
{"payload":{"local_timestamp":1668480549772,"metric":{"epoch":null,"metricName":"sys.ram.total","metricValue":34192379904,"step":null}},"type":"metric_msg"}
{"payload":{"local_timestamp":1668480549772,"metric":{"epoch":null,"metricName":"sys.ram.used","metricValue":14428200960,"step":null}},"type":"metric_msg"}
{"payload":{"local_timestamp":1668480610394,"metric":{"epoch":null,"metricName":"sys.cpu.percent.avg","metricValue":2.033333333333333,"step":null}},"type":"metric_msg"}
{"payload":{"local_timestamp":1668480610394,"metric":{"epoch":null,"metricName":"sys.cpu.percent.01","metricValue":4.8,"step":null}},"type":"metric_msg"}
{"payload":{"local_timestamp":1668480610394,"metric":{"epoch":null,"metricName":"sys.cpu.percent.02","metricValue":0.8,"step":null}},"type":"metric_msg"}
{"payload":{"local_timestamp":1668480610394,"metric":{"epoch":null,"metricName":"sys.cpu.percent.03","metricValue":3.7,"step":null}},"type":"metric_msg"}
{"payload":{"local_timestamp":1668480610394,"metric":{"epoch":null,"metricName":"sys.cpu.percent.04","metricValue":1.9,"step":null}},"type":"metric_msg"}
{"payload":{"local_timestamp":1668480610394,"metric":{"epoch":null,"metricName":"sys.cpu.percent.05","metricValue":2.6,"step":null}},"type":"metric_msg"}
{"payload":{"local_timestamp":1668480610394,"metric":{"epoch":null,"metricName":"sys.cpu.percent.06","metricValue":1.5,"step":null}},"type":"metric_msg"}
{"payload":{"local_timestamp":1668480610394,"metric":{"epoch":null,"metricName":"sys.cpu.percent.07","metricValue":1.9,"step":null}},"type":"metric_msg"}
{"payload":{"local_timestamp":1668480610394,"metric":{"epoch":null,"metricName":"sys.cpu.percent.08","metricValue":1.5,"step":null}},"type":"metric_msg"}
{"payload":{"local_timestamp":1668480610394,"metric":{"epoch":null,"metricName":"sys.cpu.percent.09","metricValue":1.8,"step":null}},"type":"metric_msg"}
{"payload":{"local_timestamp":1668480610394,"metric":{"epoch":null,"metricName":"sys.cpu.percent.10","metricValue":0.6,"step":null}},"type":"metric_msg"}
{"payload":{"local_timestamp":1668480610394,"metric":{"epoch":null,"metricName":"sys.cpu.percent.11","metricValue":1.4,"step":null}},"type":"metric_msg"}
{"payload":{"local_timestamp":1668480610394,"metric":{"epoch":null,"metricName":"sys.cpu.percent.12","metricValue":1.9,"step":null}},"type":"metric_msg"}
{"payload":{"local_timestamp":1668480610394,"metric":{"epoch":null,"metricName":"sys.load.avg","metricValue":0.35,"step":null}},"type":"metric_msg"}
{"payload":{"local_timestamp":1668480610394,"metric":{"epoch":null,"metricName":"sys.ram.total","metricValue":34192379904,"step":null}},"type":"metric_msg"}
{"payload":{"local_timestamp":1668480610394,"metric":{"epoch":null,"metricName":"sys.ram.used","metricValue":14432976896,"step":null}},"type":"metric_msg"}
{"payload":{"local_timestamp":1668480670800,"metric":{"epoch":null,"metricName":"sys.cpu.percent.avg","metricValue":1.2083333333333333,"step":null}},"type":"metric_msg"}
{"payload":{"local_timestamp":1668480670800,"metric":{"epoch":null,"metricName":"sys.cpu.percent.01","metricValue":3.3,"step":null}},"type":"metric_msg"}
{"payload":{"local_timestamp":1668480670800,"metric":{"epoch":null,"metricName":"sys.cpu.percent.02","metricValue":0.3,"step":null}},"type":"metric_msg"}
{"payload":{"local_timestamp":1668480670800,"metric":{"epoch":null,"metricName":"sys.cpu.percent.03","metricValue":3.0,"step":null}},"type":"metric_msg"}
{"payload":{"local_timestamp":1668480670800,"metric":{"epoch":null,"metricName":"sys.cpu.percent.04","metricValue":0.8,"step":null}},"type":"metric_msg"}
{"payload":{"local_timestamp":1668480670800,"metric":{"epoch":null,"metricName":"sys.cpu.percent.05","metricValue":1.4,"step":null}},"type":"metric_msg"}
{"payload":{"local_timestamp":1668480670800,"metric":{"epoch":null,"metricName":"sys.cpu.percent.06","metricValue":1.0,"step":null}},"type":"metric_msg"}
{"payload":{"local_timestamp":1668480670800,"metric":{"epoch":null,"metricName":"sys.cpu.percent.07","metricValue":1.0,"step":null}},"type":"metric_msg"}
{"payload":{"local_timestamp":1668480670800,"metric":{"epoch":null,"metricName":"sys.cpu.percent.08","metricValue":0.7,"step":null}},"type":"metric_msg"}
{"payload":{"local_timestamp":1668480670800,"metric":{"epoch":null,"metricName":"sys.cpu.percent.09","metricValue":1.2,"step":null}},"type":"metric_msg"}
{"payload":{"local_timestamp":1668480670800,"metric":{"epoch":null,"metricName":"sys.cpu.percent.10","metricValue":0.4,"step":null}},"type":"metric_msg"}
{"payload":{"local_timestamp":1668480670800,"metric":{"epoch":null,"metricName":"sys.cpu.percent.11","metricValue":0.8,"step":null}},"type":"metric_msg"}
{"payload":{"local_timestamp":1668480670800,"metric":{"epoch":null,"metricName":"sys.cpu.percent.12","metricValue":0.6,"step":null}},"type":"metric_msg"}
{"payload":{"local_timestamp":1668480670800,"metric":{"epoch":null,"metricName":"sys.load.avg","metricValue":0.13,"step":null}},"type":"metric_msg"}
{"payload":{"local_timestamp":1668480670800,"metric":{"epoch":null,"metricName":"sys.ram.total","metricValue":34192379904,"step":null}},"type":"metric_msg"}
{"payload":{"local_timestamp":1668480670800,"metric":{"epoch":null,"metricName":"sys.ram.used","metricValue":14401081344,"step":null}},"type":"metric_msg"}
{"payload":{"local_timestamp":1668480714896,"stderr":true,"stdout":"Traceback (most recent call last):\n"},"type":"ws_msg"}
{"payload":{"local_timestamp":1668480714897,"stderr":true,"stdout":"  File \"D:\\my_job\\code\\xianyu\\yolov5-master\\train.py\", line 630, in <module>\n    main(opt)\n"},"type":"ws_msg"}
{"payload":{"local_timestamp":1668480714897,"stderr":true,"stdout":"  File \"D:\\my_job\\code\\xianyu\\yolov5-master\\train.py\", line 524, in main\n    train(opt.hyp, opt, device, callbacks)\n"},"type":"ws_msg"}
{"payload":{"local_timestamp":1668480714897,"stderr":true,"stdout":"  File \"D:\\my_job\\code\\xianyu\\yolov5-master\\train.py\", line 129, in train\n    model = Model(cfg, ch=3, nc=nc, anchors=hyp.get('anchors')).to(device)  # create\n"},"type":"ws_msg"}
{"payload":{"local_timestamp":1668480714897,"stderr":true,"stdout":"  File \"D:\\my_job\\code\\xianyu\\yolov5-master\\models\\yolo.py\", line 186, in __init__\n    self.model, self.save = parse_model(deepcopy(self.yaml), ch=[ch])  # model, savelist\n"},"type":"ws_msg"}
{"payload":{"local_timestamp":1668480714897,"stderr":true,"stdout":"  File \"D:\\my_job\\code\\xianyu\\yolov5-master\\models\\yolo.py\", line 349, in parse_model\n    m_ = nn.Sequential(*(m(*args) for _ in range(n))) if n > 1 else m(*args)  # module\n"},"type":"ws_msg"}
{"payload":{"local_timestamp":1668480714897,"stderr":true,"stdout":"  File \"D:\\my_job\\code\\xianyu\\yolov5-master\\models\\yolo.py\", line 349, in <genexpr>\n    m_ = nn.Sequential(*(m(*args) for _ in range(n))) if n > 1 else m(*args)  # module\n"},"type":"ws_msg"}
{"payload":{"local_timestamp":1668480714897,"stderr":true,"stdout":"  File \"D:\\my_job\\code\\xianyu\\yolov5-master\\models\\common.py\", line 1307, in __init__\n    self.dropout = DropPath(drop_connect_rate)\n"},"type":"ws_msg"}
{"payload":{"local_timestamp":1668480714897,"stderr":true,"stdout":"KeyboardInterrupt\n"},"type":"ws_msg"}
{"payload":{"local_timestamp":1668480714898,"stderr":true,"stdout":"COMET INFO: ----------------------------------"},"type":"ws_msg"}
{"payload":{"local_timestamp":1668480714898,"stderr":true,"stdout":"\n"},"type":"ws_msg"}
{"payload":{"local_timestamp":1668480714898,"stderr":true,"stdout":"COMET INFO: Comet.ml OfflineExperiment Summary"},"type":"ws_msg"}
{"payload":{"local_timestamp":1668480714898,"stderr":true,"stdout":"\n"},"type":"ws_msg"}
{"payload":{"local_timestamp":1668480714898,"stderr":true,"stdout":"COMET INFO: ----------------------------------"},"type":"ws_msg"}
{"payload":{"local_timestamp":1668480714898,"stderr":true,"stdout":"\n"},"type":"ws_msg"}
{"payload":{"local_timestamp":1668480714898,"stderr":true,"stdout":"COMET INFO:   Data:"},"type":"ws_msg"}
{"payload":{"local_timestamp":1668480714898,"stderr":true,"stdout":"\n"},"type":"ws_msg"}
{"payload":{"local_timestamp":1668480714898,"stderr":true,"stdout":"COMET INFO:     display_summary_level : 1"},"type":"ws_msg"}
{"payload":{"local_timestamp":1668480714898,"stderr":true,"stdout":"\n"},"type":"ws_msg"}
{"payload":{"local_timestamp":1668480714898,"stderr":true,"stdout":"COMET INFO:     url                   : [OfflineExperiment will get URL after upload]"},"type":"ws_msg"}
{"payload":{"local_timestamp":1668480714898,"stderr":true,"stdout":"\n"},"type":"ws_msg"}
{"payload":{"local_timestamp":1668480714898,"stderr":true,"stdout":"COMET INFO:   Others:"},"type":"ws_msg"}
{"payload":{"local_timestamp":1668480714898,"stderr":true,"stdout":"\n"},"type":"ws_msg"}
{"payload":{"local_timestamp":1668480714898,"stderr":true,"stdout":"COMET INFO:     Created from                : YOLOv5"},"type":"ws_msg"}
{"payload":{"local_timestamp":1668480714898,"stderr":true,"stdout":"\n"},"type":"ws_msg"}
{"payload":{"local_timestamp":1668480714899,"stderr":true,"stdout":"COMET INFO:     comet_log_batch_metrics     : False"},"type":"ws_msg"}
{"payload":{"local_timestamp":1668480714899,"stderr":true,"stdout":"\n"},"type":"ws_msg"}
{"payload":{"local_timestamp":1668480714899,"stderr":true,"stdout":"COMET INFO:     comet_log_confusion_matrix  : True"},"type":"ws_msg"}
{"payload":{"local_timestamp":1668480714899,"stderr":true,"stdout":"\n"},"type":"ws_msg"}
{"payload":{"local_timestamp":1668480714899,"stderr":true,"stdout":"COMET INFO:     comet_log_per_class_metrics : False"},"type":"ws_msg"}
{"payload":{"local_timestamp":1668480714899,"stderr":true,"stdout":"\n"},"type":"ws_msg"}
{"payload":{"local_timestamp":1668480714899,"stderr":true,"stdout":"COMET INFO:     comet_max_image_uploads     : 100"},"type":"ws_msg"}
{"payload":{"local_timestamp":1668480714899,"stderr":true,"stdout":"\n"},"type":"ws_msg"}
{"payload":{"local_timestamp":1668480714899,"stderr":true,"stdout":"COMET INFO:     comet_mode                  : online"},"type":"ws_msg"}
{"payload":{"local_timestamp":1668480714899,"stderr":true,"stdout":"\n"},"type":"ws_msg"}
{"payload":{"local_timestamp":1668480714899,"stderr":true,"stdout":"COMET INFO:     comet_model_name            : yolov5"},"type":"ws_msg"}
{"payload":{"local_timestamp":1668480714899,"stderr":true,"stdout":"\n"},"type":"ws_msg"}
{"payload":{"local_timestamp":1668480714899,"stderr":true,"stdout":"COMET INFO:     offline_experiment          : True"},"type":"ws_msg"}
{"payload":{"local_timestamp":1668480714899,"stderr":true,"stdout":"\n"},"type":"ws_msg"}
{"payload":{"local_timestamp":1668480714899,"stderr":true,"stdout":"COMET INFO:   Parameters:"},"type":"ws_msg"}
{"payload":{"local_timestamp":1668480714899,"stderr":true,"stdout":"\n"},"type":"ws_msg"}
{"payload":{"local_timestamp":1668480714899,"stderr":true,"stdout":"COMET INFO:     anchor_t           : 4.0"},"type":"ws_msg"}
{"payload":{"local_timestamp":1668480714899,"stderr":true,"stdout":"\n"},"type":"ws_msg"}
{"payload":{"local_timestamp":1668480714899,"stderr":true,"stdout":"COMET INFO:     artifact_alias     : latest"},"type":"ws_msg"}
{"payload":{"local_timestamp":1668480714899,"stderr":true,"stdout":"\n"},"type":"ws_msg"}
{"payload":{"local_timestamp":1668480714899,"stderr":true,"stdout":"COMET INFO:     batch_size         : 2"},"type":"ws_msg"}
{"payload":{"local_timestamp":1668480714899,"stderr":true,"stdout":"\n"},"type":"ws_msg"}
{"payload":{"local_timestamp":1668480714899,"stderr":true,"stdout":"COMET INFO:     bbox_interval      : -1"},"type":"ws_msg"}
{"payload":{"local_timestamp":1668480714899,"stderr":true,"stdout":"\n"},"type":"ws_msg"}
{"payload":{"local_timestamp":1668480714899,"stderr":true,"stdout":"COMET INFO:     box                : 0.05"},"type":"ws_msg"}
{"payload":{"local_timestamp":1668480714899,"stderr":true,"stdout":"\n"},"type":"ws_msg"}
{"payload":{"local_timestamp":1668480714899,"stderr":true,"stdout":"COMET INFO:     bucket             : "},"type":"ws_msg"}
{"payload":{"local_timestamp":1668480714899,"stderr":true,"stdout":"\n"},"type":"ws_msg"}
{"payload":{"local_timestamp":1668480714899,"stderr":true,"stdout":"COMET INFO:     cache              : 1"},"type":"ws_msg"}
{"payload":{"local_timestamp":1668480714899,"stderr":true,"stdout":"\n"},"type":"ws_msg"}
{"payload":{"local_timestamp":1668480714900,"stderr":true,"stdout":"COMET INFO:     cfg                : models/yolov5sEfficientLiteV2.yaml"},"type":"ws_msg"}
{"payload":{"local_timestamp":1668480714900,"stderr":true,"stdout":"\n"},"type":"ws_msg"}
{"payload":{"local_timestamp":1668480714900,"stderr":true,"stdout":"COMET INFO:     cls                : 0.5"},"type":"ws_msg"}
{"payload":{"local_timestamp":1668480714900,"stderr":true,"stdout":"\n"},"type":"ws_msg"}
{"payload":{"local_timestamp":1668480714900,"stderr":true,"stdout":"COMET INFO:     cls_pw             : 1.0"},"type":"ws_msg"}
{"payload":{"local_timestamp":1668480714900,"stderr":true,"stdout":"\n"},"type":"ws_msg"}
{"payload":{"local_timestamp":1668480714900,"stderr":true,"stdout":"COMET INFO:     copy_paste         : 0.0"},"type":"ws_msg"}
{"payload":{"local_timestamp":1668480714900,"stderr":true,"stdout":"\n"},"type":"ws_msg"}
{"payload":{"local_timestamp":1668480714900,"stderr":true,"stdout":"COMET INFO:     cos_lr             : False"},"type":"ws_msg"}
{"payload":{"local_timestamp":1668480714900,"stderr":true,"stdout":"\n"},"type":"ws_msg"}
{"payload":{"local_timestamp":1668480714900,"stderr":true,"stdout":"COMET INFO:     data               : data\\NEU.yaml"},"type":"ws_msg"}
{"payload":{"local_timestamp":1668480714900,"stderr":true,"stdout":"\n"},"type":"ws_msg"}
{"payload":{"local_timestamp":1668480714900,"stderr":true,"stdout":"COMET INFO:     degrees            : 0.0"},"type":"ws_msg"}
{"payload":{"local_timestamp":1668480714900,"stderr":true,"stdout":"\n"},"type":"ws_msg"}
{"payload":{"local_timestamp":1668480714900,"stderr":true,"stdout":"COMET INFO:     device             : "},"type":"ws_msg"}
{"payload":{"local_timestamp":1668480714900,"stderr":true,"stdout":"\n"},"type":"ws_msg"}
{"payload":{"local_timestamp":1668480714900,"stderr":true,"stdout":"COMET INFO:     entity             : 1"},"type":"ws_msg"}
{"payload":{"local_timestamp":1668480714900,"stderr":true,"stdout":"\n"},"type":"ws_msg"}
{"payload":{"local_timestamp":1668480714900,"stderr":true,"stdout":"COMET INFO:     epochs             : 100"},"type":"ws_msg"}
{"payload":{"local_timestamp":1668480714900,"stderr":true,"stdout":"\n"},"type":"ws_msg"}
{"payload":{"local_timestamp":1668480714900,"stderr":true,"stdout":"COMET INFO:     evolve             : 1"},"type":"ws_msg"}
{"payload":{"local_timestamp":1668480714900,"stderr":true,"stdout":"\n"},"type":"ws_msg"}
{"payload":{"local_timestamp":1668480714900,"stderr":true,"stdout":"COMET INFO:     exist_ok           : False"},"type":"ws_msg"}
{"payload":{"local_timestamp":1668480714900,"stderr":true,"stdout":"\n"},"type":"ws_msg"}
{"payload":{"local_timestamp":1668480714900,"stderr":true,"stdout":"COMET INFO:     fl_gamma           : 0.0"},"type":"ws_msg"}
{"payload":{"local_timestamp":1668480714900,"stderr":true,"stdout":"\n"},"type":"ws_msg"}
{"payload":{"local_timestamp":1668480714900,"stderr":true,"stdout":"COMET INFO:     fliplr             : 0.5"},"type":"ws_msg"}
{"payload":{"local_timestamp":1668480714900,"stderr":true,"stdout":"\n"},"type":"ws_msg"}
{"payload":{"local_timestamp":1668480714900,"stderr":true,"stdout":"COMET INFO:     flipud             : 0.0"},"type":"ws_msg"}
{"payload":{"local_timestamp":1668480714900,"stderr":true,"stdout":"\n"},"type":"ws_msg"}
{"payload":{"local_timestamp":1668480714900,"stderr":true,"stdout":"COMET INFO:     freeze             : [0]"},"type":"ws_msg"}
{"payload":{"local_timestamp":1668480714900,"stderr":true,"stdout":"\n"},"type":"ws_msg"}
{"payload":{"local_timestamp":1668480714900,"stderr":true,"stdout":"COMET INFO:     hsv_h              : 0.015"},"type":"ws_msg"}
{"payload":{"local_timestamp":1668480714901,"stderr":true,"stdout":"\n"},"type":"ws_msg"}
{"payload":{"local_timestamp":1668480714901,"stderr":true,"stdout":"COMET INFO:     hsv_s              : 0.7"},"type":"ws_msg"}
{"payload":{"local_timestamp":1668480714901,"stderr":true,"stdout":"\n"},"type":"ws_msg"}
{"payload":{"local_timestamp":1668480714901,"stderr":true,"stdout":"COMET INFO:     hsv_v              : 0.4"},"type":"ws_msg"}
{"payload":{"local_timestamp":1668480714901,"stderr":true,"stdout":"\n"},"type":"ws_msg"}
{"payload":{"local_timestamp":1668480714901,"stderr":true,"stdout":"COMET INFO:     hyp                : {\"anchor_t\": 4.0, \"box\": 0.05, \"cls\": 0.5, \"cls_pw\": 1.0, \"copy_paste\": 0.0, \"degrees\": 0.0, \"fl_gamma\": 0.0, \"fliplr\": 0.5, \"flipud\": 0.0, \"hsv_h\": 0.015, \"hsv_s\": 0.7, \"hsv_v\": 0.4, \"iou_t\": 0.2, \"lr0\": 0.01, \"lrf\": 0.01, \"mixup\": 0.0, \"momentum\": 0.937, \"mosaic\": 1.0, \"obj\": 1.0, \"obj_pw\": 1.0, \"perspective\": 0.0, \"scale\": 0.5, \"shear\": 0.0, \"translate\": 0.1, \"warmup_bias_lr\": 0.1, \"warmup_epochs\": 3.0, \"warmup_momentum\": 0.8, \"weight_decay\": 0.0005}"},"type":"ws_msg"}
{"payload":{"local_timestamp":1668480714901,"stderr":true,"stdout":"\n"},"type":"ws_msg"}
{"payload":{"local_timestamp":1668480714901,"stderr":true,"stdout":"COMET INFO:     image_weights      : False"},"type":"ws_msg"}
{"payload":{"local_timestamp":1668480714901,"stderr":true,"stdout":"\n"},"type":"ws_msg"}
{"payload":{"local_timestamp":1668480714901,"stderr":true,"stdout":"COMET INFO:     imgsz              : 640"},"type":"ws_msg"}
{"payload":{"local_timestamp":1668480714901,"stderr":true,"stdout":"\n"},"type":"ws_msg"}
{"payload":{"local_timestamp":1668480714901,"stderr":true,"stdout":"COMET INFO:     iou_t              : 0.2"},"type":"ws_msg"}
{"payload":{"local_timestamp":1668480714901,"stderr":true,"stdout":"\n"},"type":"ws_msg"}
{"payload":{"local_timestamp":1668480714901,"stderr":true,"stdout":"COMET INFO:     label_smoothing    : 0.0"},"type":"ws_msg"}
{"payload":{"local_timestamp":1668480714901,"stderr":true,"stdout":"\n"},"type":"ws_msg"}
{"payload":{"local_timestamp":1668480714901,"stderr":true,"stdout":"COMET INFO:     local_rank         : -1"},"type":"ws_msg"}
{"payload":{"local_timestamp":1668480714901,"stderr":true,"stdout":"\n"},"type":"ws_msg"}
{"payload":{"local_timestamp":1668480714902,"stderr":true,"stdout":"COMET INFO:     lr0                : 0.01"},"type":"ws_msg"}
{"payload":{"local_timestamp":1668480714902,"stderr":true,"stdout":"\n"},"type":"ws_msg"}
{"payload":{"local_timestamp":1668480714902,"stderr":true,"stdout":"COMET INFO:     lrf                : 0.01"},"type":"ws_msg"}
{"payload":{"local_timestamp":1668480714902,"stderr":true,"stdout":"\n"},"type":"ws_msg"}
{"payload":{"local_timestamp":1668480714902,"stderr":true,"stdout":"COMET INFO:     mixup              : 0.0"},"type":"ws_msg"}
{"payload":{"local_timestamp":1668480714902,"stderr":true,"stdout":"\n"},"type":"ws_msg"}
{"payload":{"local_timestamp":1668480714902,"stderr":true,"stdout":"COMET INFO:     momentum           : 0.937"},"type":"ws_msg"}
{"payload":{"local_timestamp":1668480714902,"stderr":true,"stdout":"\n"},"type":"ws_msg"}
{"payload":{"local_timestamp":1668480714902,"stderr":true,"stdout":"COMET INFO:     mosaic             : 1.0"},"type":"ws_msg"}
{"payload":{"local_timestamp":1668480714902,"stderr":true,"stdout":"\n"},"type":"ws_msg"}
{"payload":{"local_timestamp":1668480714902,"stderr":true,"stdout":"COMET INFO:     multi_scale        : False"},"type":"ws_msg"}
{"payload":{"local_timestamp":1668480714902,"stderr":true,"stdout":"\n"},"type":"ws_msg"}
{"payload":{"local_timestamp":1668480714902,"stderr":true,"stdout":"COMET INFO:     name               : exp"},"type":"ws_msg"}
{"payload":{"local_timestamp":1668480714902,"stderr":true,"stdout":"\n"},"type":"ws_msg"}
{"payload":{"local_timestamp":1668480714903,"stderr":true,"stdout":"COMET INFO:     noautoanchor       : False"},"type":"ws_msg"}
{"payload":{"local_timestamp":1668480714903,"stderr":true,"stdout":"\n"},"type":"ws_msg"}
{"payload":{"local_timestamp":1668480714903,"stderr":true,"stdout":"COMET INFO:     noplots            : False"},"type":"ws_msg"}
{"payload":{"local_timestamp":1668480714903,"stderr":true,"stdout":"\n"},"type":"ws_msg"}
{"payload":{"local_timestamp":1668480714903,"stderr":true,"stdout":"COMET INFO:     nosave             : False"},"type":"ws_msg"}
{"payload":{"local_timestamp":1668480714903,"stderr":true,"stdout":"\n"},"type":"ws_msg"}
{"payload":{"local_timestamp":1668480714903,"stderr":true,"stdout":"COMET INFO:     noval              : False"},"type":"ws_msg"}
{"payload":{"local_timestamp":1668480714903,"stderr":true,"stdout":"\n"},"type":"ws_msg"}
{"payload":{"local_timestamp":1668480714903,"stderr":true,"stdout":"COMET INFO:     obj                : 1.0"},"type":"ws_msg"}
{"payload":{"local_timestamp":1668480714903,"stderr":true,"stdout":"\n"},"type":"ws_msg"}
{"payload":{"local_timestamp":1668480714903,"stderr":true,"stdout":"COMET INFO:     obj_pw             : 1.0"},"type":"ws_msg"}
{"payload":{"local_timestamp":1668480714903,"stderr":true,"stdout":"\n"},"type":"ws_msg"}
{"payload":{"local_timestamp":1668480714903,"stderr":true,"stdout":"COMET INFO:     optimizer          : SGD"},"type":"ws_msg"}
{"payload":{"local_timestamp":1668480714903,"stderr":true,"stdout":"\n"},"type":"ws_msg"}
{"payload":{"local_timestamp":1668480714903,"stderr":true,"stdout":"COMET INFO:     patience           : 100"},"type":"ws_msg"}
{"payload":{"local_timestamp":1668480714903,"stderr":true,"stdout":"\n"},"type":"ws_msg"}
{"payload":{"local_timestamp":1668480714903,"stderr":true,"stdout":"COMET INFO:     perspective        : 0.0"},"type":"ws_msg"}
{"payload":{"local_timestamp":1668480714903,"stderr":true,"stdout":"\n"},"type":"ws_msg"}
{"payload":{"local_timestamp":1668480714903,"stderr":true,"stdout":"COMET INFO:     project            : runs\\train"},"type":"ws_msg"}
{"payload":{"local_timestamp":1668480714903,"stderr":true,"stdout":"\n"},"type":"ws_msg"}
{"payload":{"local_timestamp":1668480714903,"stderr":true,"stdout":"COMET INFO:     quad               : False"},"type":"ws_msg"}
{"payload":{"local_timestamp":1668480714903,"stderr":true,"stdout":"\n"},"type":"ws_msg"}
{"payload":{"local_timestamp":1668480714903,"stderr":true,"stdout":"COMET INFO:     rect               : False"},"type":"ws_msg"}
{"payload":{"local_timestamp":1668480714903,"stderr":true,"stdout":"\n"},"type":"ws_msg"}
{"payload":{"local_timestamp":1668480714904,"stderr":true,"stdout":"COMET INFO:     resume             : False"},"type":"ws_msg"}
{"payload":{"local_timestamp":1668480714904,"stderr":true,"stdout":"\n"},"type":"ws_msg"}
{"payload":{"local_timestamp":1668480714904,"stderr":true,"stdout":"COMET INFO:     save_dir           : runs\\train\\exp28"},"type":"ws_msg"}
{"payload":{"local_timestamp":1668480714904,"stderr":true,"stdout":"\n"},"type":"ws_msg"}
{"payload":{"local_timestamp":1668480714904,"stderr":true,"stdout":"COMET INFO:     save_period        : -1"},"type":"ws_msg"}
{"payload":{"local_timestamp":1668480714904,"stderr":true,"stdout":"\n"},"type":"ws_msg"}
{"payload":{"local_timestamp":1668480714904,"stderr":true,"stdout":"COMET INFO:     scale              : 0.5"},"type":"ws_msg"}
{"payload":{"local_timestamp":1668480714904,"stderr":true,"stdout":"\n"},"type":"ws_msg"}
{"payload":{"local_timestamp":1668480714904,"stderr":true,"stdout":"COMET INFO:     seed               : 0"},"type":"ws_msg"}
{"payload":{"local_timestamp":1668480714904,"stderr":true,"stdout":"\n"},"type":"ws_msg"}
{"payload":{"local_timestamp":1668480714904,"stderr":true,"stdout":"COMET INFO:     shear              : 0.0"},"type":"ws_msg"}
{"payload":{"local_timestamp":1668480714904,"stderr":true,"stdout":"\n"},"type":"ws_msg"}
{"payload":{"local_timestamp":1668480714904,"stderr":true,"stdout":"COMET INFO:     single_cls         : False"},"type":"ws_msg"}
{"payload":{"local_timestamp":1668480714904,"stderr":true,"stdout":"\n"},"type":"ws_msg"}
{"payload":{"local_timestamp":1668480714904,"stderr":true,"stdout":"COMET INFO:     sync_bn            : False"},"type":"ws_msg"}
{"payload":{"local_timestamp":1668480714904,"stderr":true,"stdout":"\n"},"type":"ws_msg"}
{"payload":{"local_timestamp":1668480714904,"stderr":true,"stdout":"COMET INFO:     translate          : 0.1"},"type":"ws_msg"}
{"payload":{"local_timestamp":1668480714904,"stderr":true,"stdout":"\n"},"type":"ws_msg"}
{"payload":{"local_timestamp":1668480714904,"stderr":true,"stdout":"COMET INFO:     upload_dataset     : False"},"type":"ws_msg"}
{"payload":{"local_timestamp":1668480714904,"stderr":true,"stdout":"\n"},"type":"ws_msg"}
{"payload":{"local_timestamp":1668480714904,"stderr":true,"stdout":"COMET INFO:     val_conf_threshold : 0.001"},"type":"ws_msg"}
{"payload":{"local_timestamp":1668480714904,"stderr":true,"stdout":"\n"},"type":"ws_msg"}
{"payload":{"local_timestamp":1668480714904,"stderr":true,"stdout":"COMET INFO:     val_iou_threshold  : 0.6"},"type":"ws_msg"}
{"payload":{"local_timestamp":1668480714904,"stderr":true,"stdout":"\n"},"type":"ws_msg"}
{"payload":{"local_timestamp":1668480714904,"stderr":true,"stdout":"COMET INFO:     warmup_bias_lr     : 0.1"},"type":"ws_msg"}
{"payload":{"local_timestamp":1668480714904,"stderr":true,"stdout":"\n"},"type":"ws_msg"}
{"payload":{"local_timestamp":1668480714904,"stderr":true,"stdout":"COMET INFO:     warmup_epochs      : 3.0"},"type":"ws_msg"}
{"payload":{"local_timestamp":1668480714904,"stderr":true,"stdout":"\n"},"type":"ws_msg"}
{"payload":{"local_timestamp":1668480714905,"stderr":true,"stdout":"COMET INFO:     warmup_momentum    : 0.8"},"type":"ws_msg"}
{"payload":{"local_timestamp":1668480714905,"stderr":true,"stdout":"\n"},"type":"ws_msg"}
{"payload":{"local_timestamp":1668480714905,"stderr":true,"stdout":"COMET INFO:     weight_decay       : 0.0005"},"type":"ws_msg"}
{"payload":{"local_timestamp":1668480714905,"stderr":true,"stdout":"\n"},"type":"ws_msg"}
{"payload":{"local_timestamp":1668480714905,"stderr":true,"stdout":"COMET INFO:     weights            : ."},"type":"ws_msg"}
{"payload":{"local_timestamp":1668480714905,"stderr":true,"stdout":"\n"},"type":"ws_msg"}
{"payload":{"local_timestamp":1668480714905,"stderr":true,"stdout":"COMET INFO:     workers            : 8"},"type":"ws_msg"}
{"payload":{"local_timestamp":1668480714905,"stderr":true,"stdout":"\n"},"type":"ws_msg"}
{"payload":{"local_timestamp":1668480714905,"stderr":true,"stdout":"COMET INFO:   Uploads:"},"type":"ws_msg"}
{"payload":{"local_timestamp":1668480714905,"stderr":true,"stdout":"\n"},"type":"ws_msg"}
{"payload":{"local_timestamp":1668480714905,"stderr":true,"stdout":"COMET INFO:     asset               : 3 (1.81 KB)"},"type":"ws_msg"}
{"payload":{"local_timestamp":1668480714905,"stderr":true,"stdout":"\n"},"type":"ws_msg"}
{"payload":{"local_timestamp":1668480714905,"stderr":true,"stdout":"COMET INFO:     conda-info          : 1"},"type":"ws_msg"}
{"payload":{"local_timestamp":1668480714905,"stderr":true,"stdout":"\n"},"type":"ws_msg"}
{"payload":{"local_timestamp":1668480714905,"stderr":true,"stdout":"COMET INFO:     conda-specification : 1"},"type":"ws_msg"}
{"payload":{"local_timestamp":1668480714905,"stderr":true,"stdout":"\n"},"type":"ws_msg"}
{"payload":{"local_timestamp":1668480714905,"stderr":true,"stdout":"COMET INFO:     environment details : 1"},"type":"ws_msg"}
{"payload":{"local_timestamp":1668480714905,"stderr":true,"stdout":"\n"},"type":"ws_msg"}
{"payload":{"local_timestamp":1668480714905,"stderr":true,"stdout":"COMET INFO:     installed packages  : 1"},"type":"ws_msg"}
{"payload":{"local_timestamp":1668480714905,"stderr":true,"stdout":"\n"},"type":"ws_msg"}
{"payload":{"local_timestamp":1668480714905,"stderr":true,"stdout":"COMET INFO: ----------------------------------"},"type":"ws_msg"}
{"payload":{"local_timestamp":1668480714905,"stderr":true,"stdout":"\n"},"type":"ws_msg"}
{"payload":{"local_timestamp":1668480714905,"stderr":true,"stdout":"COMET WARNING: Experiment Name is generated at upload time for Offline Experiments unless set explicitly with Experiment.set_name"},"type":"ws_msg"}
{"payload":{"local_timestamp":1668480714905,"stderr":true,"stdout":"\n"},"type":"ws_msg"}
{"payload":{"local_timestamp":1668480714905,"stderr":true,"stdout":"COMET WARNING: Comet has disabled auto-logging functionality as it has been imported after the following ML modules: torch, tensorboard. Metrics and hyperparameters can still be logged using comet_ml.log_metrics() and comet_ml.log_parameters()"},"type":"ws_msg"}
{"payload":{"local_timestamp":1668480714905,"stderr":true,"stdout":"\n"},"type":"ws_msg"}
{"payload":{"local_timestamp":1668480714905,"log_other":{"key":"sys.already_imported_modules","val":"[\"torch\", \"tensorboard\"]"}},"type":"ws_msg"}
