{"payload":{"installed_packages":["absl-py==1.2.0","addict==2.4.0","aiohttp==3.8.1","aiosignal==1.2.0","antlr4-python3-runtime==4.9.3","anyio==3.6.1","appdirs==1.4.4","argon2-cffi-bindings==21.2.0","argon2-cffi==21.3.0","async-timeout==4.0.1","asynctest==0.13.0","attrs==21.4.0","backcall==0.2.0","beautifulsoup4==4.11.1","black==22.3.0","bleach==5.0.1","blinker==1.4","brotlipy==0.7.0","cachetools==4.2.4","certifi==2021.5.30","cffi==1.15.0","chardet==3.0.4","charset-normalizer==2.1.0","click==8.1.3","cloudpickle==2.1.0","colorama==0.4.5","comet-ml==3.31.12","commonmark==0.9.1","configobj==5.0.6","coremltools==5.2.0","cryptography==37.0.1","cuda-python==11.5.0","cupy-cuda111==11.0.0","cycler==0.10.0","cython==0.29.32","debugpy==1.6.3","decorator==5.1.1","defusedxml==0.7.1","docker-pycreds==0.4.0","dulwich==0.20.46","easydict==1.10","einops==0.4.1","ensemble-boxes==1.0.9","entrypoints==0.4","everett==3.0.0","fairscale==0.4.8","faiss-cpu==1.7.2","faiss==1.7.2","fast-ctc-decode==0.3.2","fastjsonschema==2.16.1","fastrlock==0.8","filelock==3.8.0","filterpy==1.4.5","flake8==5.0.4","flatbuffers==2.0","fonttools==4.34.4","frozenlist==1.2.0","future==0.18.2","fvcore==0.1.5.post20220512","gdown==4.5.3","gitdb==4.0.9","gitpython==3.1.27","glob2==0.7","google-auth-oauthlib==0.4.6","google-auth==1.35.0","grpcio==1.47.0","h11==0.12.0","h5py==3.7.0","httpcore==0.15.0","httpx==0.23.0","huggingface-hub==0.8.1","hydra-core==1.2.0","idna==2.10","imagecodecs==2021.11.20","imageio==2.22.2","imagesize==1.4.1","imgviz==1.5.1","importlib-metadata==4.2.0","importlib-resources==5.9.0","imutils==0.5.4","iopath==0.1.9","ipykernel==6.15.1","ipython-genutils==0.2.0","ipython==7.34.0","ipywidgets==8.0.1","iso8601==1.1.0","isort==4.3.21","jedi==0.18.1","jinja2==3.1.2","joblib==1.1.0","jsonschema==4.12.1","jstyleson==0.0.2","jupyter-client==7.3.4","jupyter-console==6.4.4","jupyter-core==4.11.1","jupyter==1.0.0","jupyterlab-pygments==0.2.2","jupyterlab-widgets==3.0.1","kiwisolver==1.3.1","labelme==5.0.2","lap==0.4.0","llvmlite==0.39.0","lmdb==1.3.0","loguru==0.6.0","lxml==4.9.1","mako==1.2.1","markdown==3.3.4","markupsafe==2.1.1","matplotlib-inline==0.1.3","matplotlib==3.2.2","mccabe==0.7.0","mistune==0.8.4","mkl-fft==1.3.0","mkl-random==1.1.1","mkl-service==2.3.0","mmcv-full==1.6.1","model-index==0.1.11","motmetrics==1.2.5","mpmath==1.2.1","multidict==5.1.0","mypy-extensions==0.4.3","natsort==8.2.0","nbclient==0.6.6","nbconvert==6.5.3","nbformat==5.4.0","nest-asyncio==1.5.5","networkx==2.6.3","nibabel==4.0.1","ninja==1.10.2.3","nltk==3.7","notebook==6.4.12","numba==0.56.0","numpy==1.21.6","nvidia-pyindex==1.0.9","oauthlib==3.2.0","omegaconf==2.2.2","onnx-simplifier==0.4.8","onnx==1.12.0","onnxoptimizer==0.3.0","onnxruntime==1.8.0","opencv-python==4.6.0.66","openmim==0.2.1","openvino-telemetry==2022.1.1","openvino==2022.1.0","ordered-set==4.1.0","packaging==21.3","pandas==1.1.5","pandocfilters==1.5.0","parasail==1.2.4","parso==0.8.3","pathspec==0.9.0","pathtools==0.1.2","pickleshare==0.7.5","pillow==9.0.1","pip==22.2.2","pkgutil-resolve-name==1.3.10","platformdirs==2.5.2","polygon-inter-union-cuda==2.1","polygon==1.0.9","portalocker==2.5.1","progress==1.6","prometheus-client==0.14.1","promise==2.3","prompt-toolkit==3.0.30","protobuf==3.19.4","psutil==5.9.1","py-cpuinfo==8.0.0","pyasn1-modules==0.2.8","pyasn1==0.4.8","pyclipper==1.3.0.post3","pycocotools==2.0.4","pycodestyle==2.9.1","pycparser==2.21","pycuda==2022.1","pydicom==2.3.0","pydot==1.4.2","pyflakes==2.5.0","pygments==2.12.0","pyjwt==2.4.0","pyopenssl==22.0.0","pyparsing==2.4.7","pyqt5-qt5==5.15.2","pyqt5-sip==12.11.0","pyqt5==5.15.7","pyrsistent==0.18.1","pysocks==1.7.1","python-dateutil==2.8.2","python-dotenv==0.20.0","pytools==2022.1.12","pytz==2022.1","pywavelets==1.3.0","pywin32==304","pywinpty==2.0.7","pyyaml==6.0","pyzmq==23.2.1","qtconsole==5.3.1","qtpy==2.2.0","qudida==0.0.4","rawpy==0.17.1","regex==2022.7.9","requests-oauthlib==1.3.1","requests-toolbelt==0.9.1","requests==2.23.0","rfc3986==1.5.0","rich==12.5.1","roboflow==0.2.11","rsa==4.9","sacremoses==0.0.53","scikit-image==0.19.3","scikit-learn==0.24.2","scipy==1.5.4","seaborn==0.11.2","semantic-version==2.10.0","send2trash==1.8.0","sentencepiece==0.1.96","sentry-sdk==1.9.0","serial==0.0.97","setproctitle==1.3.2","setuptools==61.2.0","shapely==1.8.2","shortuuid==1.0.9","six==1.16.0","smmap==5.0.0","sniffio==1.2.0","soupsieve==2.3.2.post1","sympy==1.10.1","tabulate==0.8.10","tb-nightly==2.11.0a20221030","tensorboard-data-server==0.6.1","tensorboard-plugin-wit==1.8.1","tensorboard==2.4.1","tensorboardx==2.5.1","tensorrt==8.2.5.1","termcolor==1.1.0","terminado==0.15.0","terminaltables==3.1.10","texttable==1.6.4","thop==0.1.1.post2207130030","threadpoolctl==3.1.0","tifffile==2021.11.2","timm==0.6.5","tinycss2==1.1.1","tokenizers==0.10.3","tomli==2.0.1","torch==1.8.1+cu111","torchaudio==0.8.1","torchvision==0.9.1+cu111","tornado==6.2","tqdm==4.64.0","traitlets==5.3.0","transformers==4.16.2","typed-ast==1.5.4","typing-extensions==4.3.0","urllib3==1.25.11","wcwidth==0.2.5","webencodings==0.5.1","websocket-client==1.3.3","websockets==10.3","werkzeug==2.2.0","wget==3.2","wheel==0.37.1","widgetsnbextension==4.0.1","win-inet-pton==1.1.0","win32-setctime==1.1.0","wincertstore==0.2","wrapt==1.14.1","wurlitzer==3.0.2","xmltodict==0.13.0","yacs==0.1.8","yapf==0.32.0","yarl==1.6.3","zipp==3.8.1"],"local_timestamp":1668397748884},"type":"ws_msg"}
{"payload":{"env_details":{"command":["train.py","--cfg","models/yolov5s_convconnect.yaml"],"env":null,"hostname":"PC-202208301411","ip":"210.30.214.100","machine":"AMD64","os":"Windows-10-10.0.19041-SP0","os_release":"10","os_type":"Windows","pid":16588,"processor":"Intel64 Family 6 Model 151 Stepping 2, GenuineIntel","python_exe":"C:\\ProgramData\\Anaconda3\\envs\\torch\\python.exe","python_version":"3.7.1","python_version_verbose":"3.7.1 (default, Oct 28 2018, 08:39:03) [MSC v.1912 64 bit (AMD64)]","user":"Administrator"},"local_timestamp":1668397748893},"type":"ws_msg"}
{"payload":{"local_timestamp":1668397749002,"param":{"paramName":"cfg","paramValue":"models/yolov5s_convconnect.yaml","step":null}},"type":"parameter_msg"}
{"payload":{"local_timestamp":1668397749002,"metric":{"epoch":null,"metricName":"sys.cpu.percent.avg","metricValue":11.933333333333332,"step":null}},"type":"metric_msg"}
{"payload":{"local_timestamp":1668397749002,"metric":{"epoch":null,"metricName":"sys.cpu.percent.01","metricValue":5.9,"step":null}},"type":"metric_msg"}
{"payload":{"local_timestamp":1668397749002,"metric":{"epoch":null,"metricName":"sys.cpu.percent.02","metricValue":2.0,"step":null}},"type":"metric_msg"}
{"payload":{"local_timestamp":1668397749002,"metric":{"epoch":null,"metricName":"sys.cpu.percent.03","metricValue":2.0,"step":null}},"type":"metric_msg"}
{"payload":{"local_timestamp":1668397749002,"metric":{"epoch":null,"metricName":"sys.cpu.percent.04","metricValue":9.8,"step":null}},"type":"metric_msg"}
{"payload":{"local_timestamp":1668397749002,"metric":{"epoch":null,"metricName":"sys.cpu.percent.05","metricValue":3.9,"step":null}},"type":"metric_msg"}
{"payload":{"local_timestamp":1668397749002,"metric":{"epoch":null,"metricName":"sys.cpu.percent.06","metricValue":15.7,"step":null}},"type":"metric_msg"}
{"payload":{"local_timestamp":1668397749002,"metric":{"epoch":null,"metricName":"sys.cpu.percent.07","metricValue":3.9,"step":null}},"type":"metric_msg"}
{"payload":{"local_timestamp":1668397749002,"metric":{"epoch":null,"metricName":"sys.cpu.percent.08","metricValue":2.0,"step":null}},"type":"metric_msg"}
{"payload":{"local_timestamp":1668397749002,"metric":{"epoch":null,"metricName":"sys.cpu.percent.09","metricValue":17.6,"step":null}},"type":"metric_msg"}
{"payload":{"local_timestamp":1668397749002,"metric":{"epoch":null,"metricName":"sys.cpu.percent.10","metricValue":7.8,"step":null}},"type":"metric_msg"}
{"payload":{"local_timestamp":1668397749002,"metric":{"epoch":null,"metricName":"sys.cpu.percent.11","metricValue":11.8,"step":null}},"type":"metric_msg"}
{"payload":{"local_timestamp":1668397749002,"metric":{"epoch":null,"metricName":"sys.cpu.percent.12","metricValue":60.8,"step":null}},"type":"metric_msg"}
{"payload":{"local_timestamp":1668397749002,"metric":{"epoch":null,"metricName":"sys.load.avg","metricValue":0.0,"step":null}},"type":"metric_msg"}
{"payload":{"local_timestamp":1668397749002,"metric":{"epoch":null,"metricName":"sys.ram.total","metricValue":34192379904,"step":null}},"type":"metric_msg"}
{"payload":{"local_timestamp":1668397749002,"metric":{"epoch":null,"metricName":"sys.ram.used","metricValue":16528330752,"step":null}},"type":"metric_msg"}
{"payload":{"local_timestamp":1668397749002,"log_other":{"key":"offline_experiment","val":true}},"type":"ws_msg"}
{"payload":{"additional_params":{"assetId":"c07cd1db940b425ab058e72b74e32b57","context":null,"extension":"yaml","fileName":"NEU.yaml","overwrite":false,"runId":null,"step":null},"clean":true,"file_path":"tmpo67pgfrx","local_timestamp":1668397749005,"metadata":{"type":"data-config-file"},"upload_type":"asset"},"type":"file_upload"}
{"payload":{"local_timestamp":1668397749007,"log_other":{"key":"Created from","val":"YOLOv5"}},"type":"ws_msg"}
{"payload":{"local_timestamp":1668397749007,"param":{"paramName":"artifact_alias","paramValue":"latest","step":null}},"type":"parameter_msg"}
{"payload":{"local_timestamp":1668397749007,"param":{"paramName":"batch_size","paramValue":2,"step":null}},"type":"parameter_msg"}
{"payload":{"local_timestamp":1668397749007,"param":{"paramName":"bbox_interval","paramValue":-1,"step":null}},"type":"parameter_msg"}
{"payload":{"local_timestamp":1668397749007,"param":{"paramName":"bucket","paramValue":"","step":null}},"type":"parameter_msg"}
{"payload":{"local_timestamp":1668397749007,"param":{"paramName":"cache","paramValue":null,"step":null}},"type":"parameter_msg"}
{"payload":{"local_timestamp":1668397749007,"param":{"paramName":"cos_lr","paramValue":false,"step":null}},"type":"parameter_msg"}
{"payload":{"local_timestamp":1668397749007,"param":{"paramName":"data","paramValue":"data\\NEU.yaml","step":null}},"type":"parameter_msg"}
{"payload":{"local_timestamp":1668397749007,"param":{"paramName":"device","paramValue":"","step":null}},"type":"parameter_msg"}
{"payload":{"local_timestamp":1668397749007,"param":{"paramName":"entity","paramValue":null,"step":null}},"type":"parameter_msg"}
{"payload":{"local_timestamp":1668397749007,"param":{"paramName":"epochs","paramValue":100,"step":null}},"type":"parameter_msg"}
{"payload":{"local_timestamp":1668397749007,"param":{"paramName":"evolve","paramValue":null,"step":null}},"type":"parameter_msg"}
{"payload":{"local_timestamp":1668397749007,"param":{"paramName":"exist_ok","paramValue":false,"step":null}},"type":"parameter_msg"}
{"payload":{"local_timestamp":1668397749007,"params":{"paramName":"freeze","paramValue":[0],"step":null}},"type":"parameter_msg"}
{"payload":{"local_timestamp":1668397749007,"param":{"paramName":"hyp","paramValue":"{\"anchor_t\": 4.0, \"box\": 0.05, \"cls\": 0.5, \"cls_pw\": 1.0, \"copy_paste\": 0.0, \"degrees\": 0.0, \"fl_gamma\": 0.0, \"fliplr\": 0.5, \"flipud\": 0.0, \"hsv_h\": 0.015, \"hsv_s\": 0.7, \"hsv_v\": 0.4, \"iou_t\": 0.2, \"lr0\": 0.01, \"lrf\": 0.01, \"mixup\": 0.0, \"momentum\": 0.937, \"mosaic\": 1.0, \"obj\": 1.0, \"obj_pw\": 1.0, \"perspective\": 0.0, \"scale\": 0.5, \"shear\": 0.0, \"translate\": 0.1, \"warmup_bias_lr\": 0.1, \"warmup_epochs\": 3.0, \"warmup_momentum\": 0.8, \"weight_decay\": 0.0005}","step":null}},"type":"parameter_msg"}
{"payload":{"local_timestamp":1668397749007,"param":{"paramName":"image_weights","paramValue":false,"step":null}},"type":"parameter_msg"}
{"payload":{"local_timestamp":1668397749008,"param":{"paramName":"imgsz","paramValue":640,"step":null}},"type":"parameter_msg"}
{"payload":{"local_timestamp":1668397749008,"param":{"paramName":"label_smoothing","paramValue":0.0,"step":null}},"type":"parameter_msg"}
{"payload":{"local_timestamp":1668397749008,"param":{"paramName":"local_rank","paramValue":-1,"step":null}},"type":"parameter_msg"}
{"payload":{"local_timestamp":1668397749008,"param":{"paramName":"multi_scale","paramValue":false,"step":null}},"type":"parameter_msg"}
{"payload":{"local_timestamp":1668397749008,"param":{"paramName":"name","paramValue":"exp","step":null}},"type":"parameter_msg"}
{"payload":{"local_timestamp":1668397749008,"param":{"paramName":"noautoanchor","paramValue":false,"step":null}},"type":"parameter_msg"}
{"payload":{"local_timestamp":1668397749008,"param":{"paramName":"noplots","paramValue":false,"step":null}},"type":"parameter_msg"}
{"payload":{"local_timestamp":1668397749008,"param":{"paramName":"nosave","paramValue":false,"step":null}},"type":"parameter_msg"}
{"payload":{"local_timestamp":1668397749008,"param":{"paramName":"noval","paramValue":false,"step":null}},"type":"parameter_msg"}
{"payload":{"local_timestamp":1668397749008,"param":{"paramName":"optimizer","paramValue":"SGD","step":null}},"type":"parameter_msg"}
{"payload":{"local_timestamp":1668397749008,"param":{"paramName":"patience","paramValue":100,"step":null}},"type":"parameter_msg"}
{"payload":{"local_timestamp":1668397749008,"param":{"paramName":"project","paramValue":"runs\\train","step":null}},"type":"parameter_msg"}
{"payload":{"local_timestamp":1668397749008,"param":{"paramName":"quad","paramValue":false,"step":null}},"type":"parameter_msg"}
{"payload":{"local_timestamp":1668397749008,"param":{"paramName":"rect","paramValue":false,"step":null}},"type":"parameter_msg"}
{"payload":{"local_timestamp":1668397749008,"param":{"paramName":"resume","paramValue":false,"step":null}},"type":"parameter_msg"}
{"payload":{"local_timestamp":1668397749008,"param":{"paramName":"save_dir","paramValue":"runs\\train\\exp8","step":null}},"type":"parameter_msg"}
{"payload":{"local_timestamp":1668397749008,"param":{"paramName":"save_period","paramValue":-1,"step":null}},"type":"parameter_msg"}
{"payload":{"local_timestamp":1668397749008,"param":{"paramName":"seed","paramValue":0,"step":null}},"type":"parameter_msg"}
{"payload":{"local_timestamp":1668397749008,"param":{"paramName":"single_cls","paramValue":false,"step":null}},"type":"parameter_msg"}
{"payload":{"local_timestamp":1668397749008,"param":{"paramName":"sync_bn","paramValue":false,"step":null}},"type":"parameter_msg"}
{"payload":{"local_timestamp":1668397749008,"param":{"paramName":"upload_dataset","paramValue":false,"step":null}},"type":"parameter_msg"}
{"payload":{"local_timestamp":1668397749008,"param":{"paramName":"weights","paramValue":".","step":null}},"type":"parameter_msg"}
{"payload":{"local_timestamp":1668397749008,"param":{"paramName":"workers","paramValue":8,"step":null}},"type":"parameter_msg"}
{"payload":{"local_timestamp":1668397749008,"param":{"paramName":"anchor_t","paramValue":4.0,"step":null}},"type":"parameter_msg"}
{"payload":{"local_timestamp":1668397749008,"param":{"paramName":"box","paramValue":0.05,"step":null}},"type":"parameter_msg"}
{"payload":{"local_timestamp":1668397749008,"param":{"paramName":"cls","paramValue":0.5,"step":null}},"type":"parameter_msg"}
{"payload":{"local_timestamp":1668397749008,"param":{"paramName":"cls_pw","paramValue":1.0,"step":null}},"type":"parameter_msg"}
{"payload":{"local_timestamp":1668397749008,"param":{"paramName":"copy_paste","paramValue":0.0,"step":null}},"type":"parameter_msg"}
{"payload":{"local_timestamp":1668397749008,"param":{"paramName":"degrees","paramValue":0.0,"step":null}},"type":"parameter_msg"}
{"payload":{"local_timestamp":1668397749008,"param":{"paramName":"fl_gamma","paramValue":0.0,"step":null}},"type":"parameter_msg"}
{"payload":{"local_timestamp":1668397749008,"param":{"paramName":"fliplr","paramValue":0.5,"step":null}},"type":"parameter_msg"}
{"payload":{"local_timestamp":1668397749008,"param":{"paramName":"flipud","paramValue":0.0,"step":null}},"type":"parameter_msg"}
{"payload":{"local_timestamp":1668397749008,"param":{"paramName":"hsv_h","paramValue":0.015,"step":null}},"type":"parameter_msg"}
{"payload":{"local_timestamp":1668397749008,"param":{"paramName":"hsv_s","paramValue":0.7,"step":null}},"type":"parameter_msg"}
{"payload":{"local_timestamp":1668397749008,"param":{"paramName":"hsv_v","paramValue":0.4,"step":null}},"type":"parameter_msg"}
{"payload":{"local_timestamp":1668397749008,"param":{"paramName":"iou_t","paramValue":0.2,"step":null}},"type":"parameter_msg"}
{"payload":{"local_timestamp":1668397749008,"param":{"paramName":"lr0","paramValue":0.01,"step":null}},"type":"parameter_msg"}
{"payload":{"local_timestamp":1668397749008,"param":{"paramName":"lrf","paramValue":0.01,"step":null}},"type":"parameter_msg"}
{"payload":{"local_timestamp":1668397749008,"param":{"paramName":"mixup","paramValue":0.0,"step":null}},"type":"parameter_msg"}
{"payload":{"local_timestamp":1668397749008,"param":{"paramName":"momentum","paramValue":0.937,"step":null}},"type":"parameter_msg"}
{"payload":{"local_timestamp":1668397749008,"param":{"paramName":"mosaic","paramValue":1.0,"step":null}},"type":"parameter_msg"}
{"payload":{"local_timestamp":1668397749008,"param":{"paramName":"obj","paramValue":1.0,"step":null}},"type":"parameter_msg"}
{"payload":{"local_timestamp":1668397749008,"param":{"paramName":"obj_pw","paramValue":1.0,"step":null}},"type":"parameter_msg"}
{"payload":{"local_timestamp":1668397749008,"param":{"paramName":"perspective","paramValue":0.0,"step":null}},"type":"parameter_msg"}
{"payload":{"local_timestamp":1668397749008,"param":{"paramName":"scale","paramValue":0.5,"step":null}},"type":"parameter_msg"}
{"payload":{"local_timestamp":1668397749008,"param":{"paramName":"shear","paramValue":0.0,"step":null}},"type":"parameter_msg"}
{"payload":{"local_timestamp":1668397749008,"param":{"paramName":"translate","paramValue":0.1,"step":null}},"type":"parameter_msg"}
{"payload":{"local_timestamp":1668397749008,"param":{"paramName":"warmup_bias_lr","paramValue":0.1,"step":null}},"type":"parameter_msg"}
{"payload":{"local_timestamp":1668397749008,"param":{"paramName":"warmup_epochs","paramValue":3.0,"step":null}},"type":"parameter_msg"}
{"payload":{"local_timestamp":1668397749008,"param":{"paramName":"warmup_momentum","paramValue":0.8,"step":null}},"type":"parameter_msg"}
{"payload":{"local_timestamp":1668397749008,"param":{"paramName":"weight_decay","paramValue":0.0005,"step":null}},"type":"parameter_msg"}
{"payload":{"additional_params":{"assetId":"028b5f51d5ce48369830e32b2289c6df","context":null,"epoch":null,"extension":"json","fileName":"hyperparameters.json","overwrite":false,"runId":null,"step":null},"clean":true,"file_path":"tmp_q3cem20","local_timestamp":1668397749019,"metadata":{"type":"hyp-config-file"},"upload_type":"asset"},"type":"file_upload"}
{"payload":{"additional_params":{"assetId":"e38aa16574234708a2558615f213a432","context":null,"extension":"yaml","fileName":"opt.yaml","overwrite":false,"runId":null,"step":null},"clean":true,"file_path":"tmpwjbwogiz","local_timestamp":1668397749009,"metadata":{"type":"opt-config-file"},"upload_type":"asset"},"type":"file_upload"}
{"payload":{"local_timestamp":1668397749009,"param":{"paramName":"val_conf_threshold","paramValue":0.001,"step":null}},"type":"parameter_msg"}
{"payload":{"local_timestamp":1668397749009,"param":{"paramName":"val_iou_threshold","paramValue":0.6,"step":null}},"type":"parameter_msg"}
{"payload":{"local_timestamp":1668397749009,"log_other":{"key":"comet_mode","val":"online"}},"type":"ws_msg"}
{"payload":{"local_timestamp":1668397749009,"log_other":{"key":"comet_max_image_uploads","val":100}},"type":"ws_msg"}
{"payload":{"local_timestamp":1668397749009,"log_other":{"key":"comet_log_per_class_metrics","val":false}},"type":"ws_msg"}
{"payload":{"local_timestamp":1668397749009,"log_other":{"key":"comet_log_batch_metrics","val":false}},"type":"ws_msg"}
{"payload":{"local_timestamp":1668397749009,"log_other":{"key":"comet_log_confusion_matrix","val":true}},"type":"ws_msg"}
{"payload":{"local_timestamp":1668397749009,"log_other":{"key":"comet_model_name","val":"yolov5"}},"type":"ws_msg"}
{"payload":{"local_timestamp":1668397749017,"stderr":true,"stdout":"Overriding model.yaml nc=80 with nc=6"},"type":"ws_msg"}
{"payload":{"local_timestamp":1668397749018,"stderr":true,"stdout":"\n"},"type":"ws_msg"}
{"payload":{"local_timestamp":1668397749018,"stderr":true,"stdout":"\n                 from  n    params  module                                  arguments                     "},"type":"ws_msg"}
{"payload":{"local_timestamp":1668397749018,"stderr":true,"stdout":"\n"},"type":"ws_msg"}
{"payload":{"local_timestamp":1668397749019,"stderr":true,"stdout":"  0                -1  1      3520  models.common.Conv                      [3, 32, 6, 2, 2]              "},"type":"ws_msg"}
{"payload":{"local_timestamp":1668397749019,"stderr":true,"stdout":"\n"},"type":"ws_msg"}
{"payload":{"local_timestamp":1668397749019,"stderr":true,"stdout":"  1                -1  1     18560  models.common.Conv                      [32, 64, 3, 2]                "},"type":"ws_msg"}
{"payload":{"local_timestamp":1668397749019,"stderr":true,"stdout":"\n"},"type":"ws_msg"}
{"payload":{"local_timestamp":1668397749020,"stderr":true,"stdout":"  2                -1  1     18816  models.common.C3                        [64, 64, 1]                   "},"type":"ws_msg"}
{"payload":{"local_timestamp":1668397749020,"stderr":true,"stdout":"\n"},"type":"ws_msg"}
{"payload":{"local_timestamp":1668397749021,"stderr":true,"stdout":"  3                -1  1     73984  models.common.Conv                      [64, 128, 3, 2]               "},"type":"ws_msg"}
{"payload":{"local_timestamp":1668397749021,"stderr":true,"stdout":"\n"},"type":"ws_msg"}
{"payload":{"local_timestamp":1668397749022,"stderr":true,"stdout":"  4                -1  2    115712  models.common.C3                        [128, 128, 2]                 "},"type":"ws_msg"}
{"payload":{"local_timestamp":1668397749023,"stderr":true,"stdout":"\n"},"type":"ws_msg"}
{"payload":{"local_timestamp":1668397749024,"stderr":true,"stdout":"  5                -1  1    295424  models.common.Conv                      [128, 256, 3, 2]              "},"type":"ws_msg"}
{"payload":{"local_timestamp":1668397749024,"stderr":true,"stdout":"\n"},"type":"ws_msg"}
{"payload":{"local_timestamp":1668397749027,"stderr":true,"stdout":"  6                -1  3    625152  models.common.C3                        [256, 256, 3]                 "},"type":"ws_msg"}
{"payload":{"local_timestamp":1668397749027,"stderr":true,"stdout":"\n"},"type":"ws_msg"}
{"payload":{"local_timestamp":1668397749031,"stderr":true,"stdout":"  7                -1  1   1180672  models.common.Conv                      [256, 512, 3, 2]              "},"type":"ws_msg"}
{"payload":{"local_timestamp":1668397749031,"stderr":true,"stdout":"\n"},"type":"ws_msg"}
{"payload":{"local_timestamp":1668397749036,"stderr":true,"stdout":"  8                -1  1   1182720  models.common.C3                        [512, 512, 1]                 "},"type":"ws_msg"}
{"payload":{"local_timestamp":1668397749036,"stderr":true,"stdout":"\n"},"type":"ws_msg"}
{"payload":{"local_timestamp":1668397749039,"stderr":true,"stdout":"  9                -1  1    656896  models.common.SPPF                      [512, 512, 5]                 "},"type":"ws_msg"}
{"payload":{"local_timestamp":1668397749039,"stderr":true,"stdout":"\n"},"type":"ws_msg"}
{"payload":{"local_timestamp":1668397749040,"stderr":true,"stdout":" 10                -1  1    131584  models.common.Conv                      [512, 256, 1, 1]              "},"type":"ws_msg"}
{"payload":{"local_timestamp":1668397749040,"stderr":true,"stdout":"\n"},"type":"ws_msg"}
{"payload":{"local_timestamp":1668397749040,"stderr":true,"stdout":" 11                -1  1         0  torch.nn.modules.upsampling.Upsample    [None, 2, 'nearest']          "},"type":"ws_msg"}
{"payload":{"local_timestamp":1668397749040,"stderr":true,"stdout":"\n"},"type":"ws_msg"}
{"payload":{"local_timestamp":1668397749040,"stderr":true,"stdout":" 12           [-1, 6]  1         0  models.common.Concat                    [1]                           "},"type":"ws_msg"}
{"payload":{"local_timestamp":1668397749040,"stderr":true,"stdout":"\n"},"type":"ws_msg"}
{"payload":{"local_timestamp":1668397749042,"stderr":true,"stdout":" 13                -1  1    361984  models.common.C3                        [512, 256, 1, False]          "},"type":"ws_msg"}
{"payload":{"local_timestamp":1668397749042,"stderr":true,"stdout":"\n"},"type":"ws_msg"}
{"payload":{"local_timestamp":1668397749043,"stderr":true,"stdout":" 14                -1  1     33024  models.common.Conv                      [256, 128, 1, 1]              "},"type":"ws_msg"}
{"payload":{"local_timestamp":1668397749043,"stderr":true,"stdout":"\n"},"type":"ws_msg"}
{"payload":{"local_timestamp":1668397749043,"stderr":true,"stdout":" 15                -1  1         0  torch.nn.modules.upsampling.Upsample    [None, 2, 'nearest']          "},"type":"ws_msg"}
{"payload":{"local_timestamp":1668397749043,"stderr":true,"stdout":"\n"},"type":"ws_msg"}
{"payload":{"local_timestamp":1668397749043,"stderr":true,"stdout":" 16           [-1, 4]  1         0  models.common.Concat                    [1]                           "},"type":"ws_msg"}
{"payload":{"local_timestamp":1668397749043,"stderr":true,"stdout":"\n"},"type":"ws_msg"}
{"payload":{"local_timestamp":1668397749044,"stderr":true,"stdout":" 17                -1  1     90880  models.common.C3                        [256, 128, 1, False]          "},"type":"ws_msg"}
{"payload":{"local_timestamp":1668397749044,"stderr":true,"stdout":"\n"},"type":"ws_msg"}
{"payload":{"local_timestamp":1668397749045,"stderr":true,"stdout":" 18                16  1    295168  models.common.Conv                      [256, 128, 3, 2]              "},"type":"ws_msg"}
{"payload":{"local_timestamp":1668397749045,"stderr":true,"stdout":"\n"},"type":"ws_msg"}
{"payload":{"local_timestamp":1668397749045,"stderr":true,"stdout":" 19          [-1, 14]  1         0  models.common.Concat                    [1]                           "},"type":"ws_msg"}
{"payload":{"local_timestamp":1668397749045,"stderr":true,"stdout":"\n"},"type":"ws_msg"}
{"payload":{"local_timestamp":1668397749046,"stderr":true,"stdout":" 20                -1  1     33024  models.common.Conv                      [256, 128, 1, 1]              "},"type":"ws_msg"}
{"payload":{"local_timestamp":1668397749046,"stderr":true,"stdout":"\n"},"type":"ws_msg"}
{"payload":{"local_timestamp":1668397749047,"stderr":true,"stdout":" 21                -4  1    147712  models.common.Conv                      [128, 128, 3, 2]              "},"type":"ws_msg"}
{"payload":{"local_timestamp":1668397749047,"stderr":true,"stdout":"\n"},"type":"ws_msg"}
{"payload":{"local_timestamp":1668397749047,"stderr":true,"stdout":" 22          [-1, -2]  1         0  models.common.Concat                    [1]                           "},"type":"ws_msg"}
{"payload":{"local_timestamp":1668397749047,"stderr":true,"stdout":"\n"},"type":"ws_msg"}
{"payload":{"local_timestamp":1668397749049,"stderr":true,"stdout":" 23                -1  1    296448  models.common.C3                        [256, 256, 1, False]          "},"type":"ws_msg"}
{"payload":{"local_timestamp":1668397749049,"stderr":true,"stdout":"\n"},"type":"ws_msg"}
{"payload":{"local_timestamp":1668397749053,"stderr":true,"stdout":" 24                12  1   1180160  models.common.Conv                      [512, 256, 3, 2]              "},"type":"ws_msg"}
{"payload":{"local_timestamp":1668397749053,"stderr":true,"stdout":"\n"},"type":"ws_msg"}
{"payload":{"local_timestamp":1668397749053,"stderr":true,"stdout":" 25          [-1, 10]  1         0  models.common.Concat                    [1]                           "},"type":"ws_msg"}
{"payload":{"local_timestamp":1668397749053,"stderr":true,"stdout":"\n"},"type":"ws_msg"}
{"payload":{"local_timestamp":1668397749054,"stderr":true,"stdout":" 26                -1  1    131584  models.common.Conv                      [512, 256, 1, 1]              "},"type":"ws_msg"}
{"payload":{"local_timestamp":1668397749054,"stderr":true,"stdout":"\n"},"type":"ws_msg"}
{"payload":{"local_timestamp":1668397749056,"stderr":true,"stdout":" 27                -4  1    590336  models.common.Conv                      [256, 256, 3, 2]              "},"type":"ws_msg"}
{"payload":{"local_timestamp":1668397749056,"stderr":true,"stdout":"\n"},"type":"ws_msg"}
{"payload":{"local_timestamp":1668397749056,"stderr":true,"stdout":" 28          [-1, -2]  1         0  models.common.Concat                    [1]                           "},"type":"ws_msg"}
{"payload":{"local_timestamp":1668397749056,"stderr":true,"stdout":"\n"},"type":"ws_msg"}
{"payload":{"local_timestamp":1668397749061,"stderr":true,"stdout":" 29                -1  1   1182720  models.common.C3                        [512, 512, 1, False]          "},"type":"ws_msg"}
{"payload":{"local_timestamp":1668397749061,"stderr":true,"stdout":"\n"},"type":"ws_msg"}
{"payload":{"local_timestamp":1668397749062,"stderr":true,"stdout":" 30      [17, 23, 29]  1     29667  models.yolo.Detect                      [6, [[10, 13, 16, 30, 33, 23], [30, 61, 62, 45, 59, 119], [116, 90, 156, 198, 373, 326]], [128, 256, 512]]"},"type":"ws_msg"}
{"payload":{"local_timestamp":1668397749062,"stderr":true,"stdout":"\n"},"type":"ws_msg"}
{"payload":{"local_timestamp":1668397749162,"stderr":true,"stdout":"YOLOv5s_convconnect summary: 228 layers, 8675747 parameters, 8675747 gradients, 18.1 GFLOPs"},"type":"ws_msg"}
{"payload":{"local_timestamp":1668397749162,"stderr":true,"stdout":"\n"},"type":"ws_msg"}
{"payload":{"local_timestamp":1668397749162,"stderr":true,"stdout":"\n"},"type":"ws_msg"}
{"payload":{"local_timestamp":1668397749899,"stderr":true,"stdout":"COMET WARNING: Unknown error exporting current conda environment"},"type":"ws_msg"}
{"payload":{"local_timestamp":1668397749899,"stderr":true,"stdout":"\n"},"type":"ws_msg"}
{"payload":{"additional_params":{"assetId":"16ca55ed89e24686b22d87d7646c1f0d","context":null,"epoch":null,"extension":"txt","fileName":"conda-spec.txt","overwrite":false,"runId":null,"step":null,"type":"conda-specification"},"clean":true,"file_path":"tmpol4_yxje","local_timestamp":1668397750143,"metadata":{},"upload_type":"conda-specification"},"type":"file_upload"}
{"payload":{"additional_params":{"assetId":"56c75e1c2e534fa2a90a523c2f93a2c3","context":null,"epoch":null,"extension":"yml","fileName":"conda-info.yml","overwrite":false,"runId":null,"step":null,"type":"conda-info"},"clean":true,"file_path":"tmp4549o36h","local_timestamp":1668397750467,"metadata":{},"upload_type":"conda-info"},"type":"file_upload"}
{"payload":{"local_timestamp":1668397751091,"stderr":true,"stdout":"\u001b[34m\u001b[1mAMP: \u001b[0mchecks passed "},"type":"ws_msg"}
{"payload":{"local_timestamp":1668397751091,"stderr":true,"stdout":"\n"},"type":"ws_msg"}
{"payload":{"local_timestamp":1668397751093,"stderr":true,"stdout":"\u001b[34m\u001b[1moptimizer:\u001b[0m SGD(lr=0.01) with parameter groups 61 weight(decay=0.0), 64 weight(decay=0.0005), 64 bias"},"type":"ws_msg"}
{"payload":{"local_timestamp":1668397751093,"stderr":true,"stdout":"\n"},"type":"ws_msg"}
{"payload":{"local_timestamp":1668397751201,"stderr":true,"stdout":"\r\u001b[34m\u001b[1mtrain: \u001b[0mScanning 'C:\\DATA\\NEU\\labels\\train.cache' images and labels... 1440 found, 0 missing, 0 empty, 0 corrupt: 100%|\u2588\u2588\u2588\u2588\u2588\u2588\u2588\u2588\u2588\u2588| 1440/1440 [00:00<?, ?it/s]                                   \u001b[0m"},"type":"ws_msg"}
{"payload":{"local_timestamp":1668397751202,"stderr":true,"stdout":"\r\u001b[34m\u001b[1mtrain: \u001b[0mScanning 'C:\\DATA\\NEU\\labels\\train.cache' images and labels... 1440 found, 0 missing, 0 empty, 0 corrupt: 100%|\u2588\u2588\u2588\u2588\u2588\u2588\u2588\u2588\u2588\u2588| 1440/1440 [00:00<?, ?it/s]                                   \u001b[0m"},"type":"ws_msg"}
{"payload":{"local_timestamp":1668397751202,"stderr":true,"stdout":"\n"},"type":"ws_msg"}
{"payload":{"local_timestamp":1668397751202,"stderr":true,"stdout":"\u001b[34m\u001b[1mtrain: \u001b[0mWARNING: C:\\DATA\\NEU\\images\\train\\patches_198.jpg: 1 duplicate labels removed"},"type":"ws_msg"}
{"payload":{"local_timestamp":1668397751202,"stderr":true,"stdout":"\n"},"type":"ws_msg"}
{"payload":{"local_timestamp":1668397754486,"stderr":true,"stdout":"\r\u001b[34m\u001b[1mval: \u001b[0mScanning 'C:\\DATA\\NEU\\labels\\val.cache' images and labels... 180 found, 0 missing, 0 empty, 0 corrupt: 100%|\u2588\u2588\u2588\u2588\u2588\u2588\u2588\u2588\u2588\u2588| 180/180 [00:00<?, ?it/s]                                          \u001b[0m"},"type":"ws_msg"}
{"payload":{"local_timestamp":1668397754487,"stderr":true,"stdout":"\r\u001b[34m\u001b[1mval: \u001b[0mScanning 'C:\\DATA\\NEU\\labels\\val.cache' images and labels... 180 found, 0 missing, 0 empty, 0 corrupt: 100%|\u2588\u2588\u2588\u2588\u2588\u2588\u2588\u2588\u2588\u2588| 180/180 [00:00<?, ?it/s]                                          \u001b[0m"},"type":"ws_msg"}
{"payload":{"local_timestamp":1668397754487,"stderr":true,"stdout":"\n"},"type":"ws_msg"}
{"payload":{"local_timestamp":1668397754487,"stderr":true,"stdout":"\u001b[34m\u001b[1mtest: \u001b[0mWARNING: C:\\DATA\\NEU\\images\\val\\inclusion_62.jpg: 1 duplicate labels removed"},"type":"ws_msg"}
{"payload":{"local_timestamp":1668397754487,"stderr":true,"stdout":"\n"},"type":"ws_msg"}
{"payload":{"local_timestamp":1668397761057,"stderr":true,"stdout":"\n\u001b[34m\u001b[1mAutoAnchor: \u001b[0m3.23 anchors/target, 0.988 Best Possible Recall (BPR). Current anchors are a good fit to dataset "},"type":"ws_msg"}
{"payload":{"local_timestamp":1668397761057,"stderr":true,"stdout":"\n"},"type":"ws_msg"}
{"payload":{"local_timestamp":1668397761074,"stderr":true,"stdout":"Plotting labels to runs\\train\\exp8\\labels.jpg... "},"type":"ws_msg"}
{"payload":{"local_timestamp":1668397761075,"stderr":true,"stdout":"\n"},"type":"ws_msg"}
{"payload":{"additional_params":{"assetId":"f81e5710a4dc450cba594dc254a0789c","context":null,"extension":"jpg","fileName":"labels.jpg","overwrite":false,"runId":null,"step":null},"clean":true,"file_path":"tmpuoao_hc2","local_timestamp":1668397762647,"metadata":{},"upload_type":"asset"},"type":"file_upload"}
{"payload":{"additional_params":{"assetId":"dc00ce0d3d9b443db746e2d27c7bcd57","context":null,"extension":"jpg","fileName":"labels_correlogram.jpg","overwrite":false,"runId":null,"step":null},"clean":true,"file_path":"tmpta0kwhso","local_timestamp":1668397762648,"metadata":{},"upload_type":"asset"},"type":"file_upload"}
{"payload":{"local_timestamp":1668397762650,"param":{"paramName":"cls","paramValue":0.0375,"step":null}},"type":"parameter_msg"}
{"payload":{"local_timestamp":1668397762651,"stderr":true,"stdout":"Image sizes 640 train, 640 val\nUsing 2 dataloader workers\nLogging results to \u001b[1mruns\\train\\exp8\u001b[0m\nStarting training for 100 epochs..."},"type":"ws_msg"}
{"payload":{"local_timestamp":1668397762651,"stderr":true,"stdout":"\n"},"type":"ws_msg"}
{"payload":{"local_timestamp":1668397762651,"stderr":true,"stdout":"\n      Epoch    GPU_mem   box_loss   obj_loss   cls_loss  Instances       Size"},"type":"ws_msg"}
{"payload":{"local_timestamp":1668397762651,"stderr":true,"stdout":"\n"},"type":"ws_msg"}
{"payload":{"local_timestamp":1668397762652,"stderr":true,"stdout":"\r  0%|          | 0/720 [00:00<?, ?it/s]                                                                                                                                                        "},"type":"ws_msg"}
{"payload":{"local_timestamp":1668397762991,"stderr":true,"stdout":"\r       0/99     0.514G     0.1099    0.03957    0.05324         10        640:   0%|          | 0/720 [00:00<?, ?it/s]                                                                         "},"type":"ws_msg"}
{"payload":{"local_timestamp":1668397764065,"stderr":true,"stdout":"\r       0/99     0.514G     0.1099    0.03957    0.05324         10        640:   0%|          | 1/720 [00:01<16:46,  1.40s/it]                                                                 "},"type":"ws_msg"}
{"payload":{"local_timestamp":1668397764142,"stderr":true,"stdout":"\r       0/99     0.541G      0.113    0.04004     0.0571          9        640:   0%|          | 1/720 [00:01<16:46,  1.40s/it]                                                                 "},"type":"ws_msg"}
{"payload":{"local_timestamp":1668397764200,"stderr":true,"stdout":"\r       0/99     0.541G     0.1109    0.04284     0.0555         12        640:   0%|          | 1/720 [00:01<16:46,  1.40s/it]                                                                 "},"type":"ws_msg"}
{"payload":{"local_timestamp":1668397764201,"stderr":true,"stdout":"\r       0/99     0.541G     0.1109    0.04284     0.0555         12        640:   0%|          | 3/720 [00:01<04:59,  2.39it/s]                                                                 "},"type":"ws_msg"}
{"payload":{"local_timestamp":1668397764255,"stderr":true,"stdout":"\r       0/99     0.541G    0.09332    0.03774    0.04605          4        640:   0%|          | 3/720 [00:01<04:59,  2.39it/s]                                                                 "},"type":"ws_msg"}
{"payload":{"local_timestamp":1668397764314,"stderr":true,"stdout":"\r       0/99     0.541G    0.09631    0.04235    0.04755         19        640:   0%|          | 3/720 [00:01<04:59,  2.39it/s]                                                                 "},"type":"ws_msg"}
{"payload":{"local_timestamp":1668397764314,"stderr":true,"stdout":"\r       0/99     0.541G    0.09631    0.04235    0.04755         19        640:   1%|          | 5/720 [00:01<02:46,  4.31it/s]                                                                 "},"type":"ws_msg"}
{"payload":{"local_timestamp":1668397764365,"stderr":true,"stdout":"\r       0/99     0.541G    0.09846    0.04193    0.04839          9        640:   1%|          | 5/720 [00:01<02:46,  4.31it/s]                                                                 "},"type":"ws_msg"}
{"payload":{"local_timestamp":1668397764414,"stderr":true,"stdout":"\r       0/99     0.541G    0.09445    0.03975     0.0465          5        640:   1%|          | 5/720 [00:01<02:46,  4.31it/s]                                                                 "},"type":"ws_msg"}
{"payload":{"local_timestamp":1668397764465,"stderr":true,"stdout":"\r       0/99     0.541G    0.09694    0.03877    0.04736          6        640:   1%|          | 5/720 [00:01<02:46,  4.31it/s]                                                                 "},"type":"ws_msg"}
{"payload":{"local_timestamp":1668397764465,"stderr":true,"stdout":"\r       0/99     0.541G    0.09694    0.03877    0.04736          6        640:   1%|          | 8/720 [00:01<01:37,  7.31it/s]                                                                 "},"type":"ws_msg"}
{"payload":{"local_timestamp":1668397764515,"stderr":true,"stdout":"\r       0/99     0.541G    0.09803     0.0396     0.0479         10        640:   1%|          | 8/720 [00:01<01:37,  7.31it/s]                                                                 "},"type":"ws_msg"}
{"payload":{"local_timestamp":1668397764566,"stderr":true,"stdout":"\r       0/99     0.541G    0.09888    0.04021    0.04839         11        640:   1%|          | 8/720 [00:01<01:37,  7.31it/s]                                                                 "},"type":"ws_msg"}
{"payload":{"local_timestamp":1668397764566,"stderr":true,"stdout":"\r       0/99     0.541G    0.09888    0.04021    0.04839         11        640:   1%|\u258f         | 10/720 [00:01<01:16,  9.25it/s]                                                                "},"type":"ws_msg"}
{"payload":{"local_timestamp":1668397764619,"stderr":true,"stdout":"\r       0/99     0.541G     0.1004    0.03995    0.04886          9        640:   1%|\u258f         | 10/720 [00:01<01:16,  9.25it/s]                                                                "},"type":"ws_msg"}
{"payload":{"local_timestamp":1668397764674,"stderr":true,"stdout":"\r       0/99     0.541G    0.09867    0.03873    0.04764          5        640:   1%|\u258f         | 10/720 [00:02<01:16,  9.25it/s]                                                                "},"type":"ws_msg"}
{"payload":{"local_timestamp":1668397764674,"stderr":true,"stdout":"\r       0/99     0.541G    0.09867    0.03873    0.04764          5        640:   2%|\u258f         | 12/720 [00:02<01:04, 11.03it/s]                                                                "},"type":"ws_msg"}
{"payload":{"local_timestamp":1668397764724,"stderr":true,"stdout":"\r       0/99     0.541G    0.09656    0.03803    0.04665          6        640:   2%|\u258f         | 12/720 [00:02<01:04, 11.03it/s]                                                                "},"type":"ws_msg"}
{"payload":{"local_timestamp":1668397764775,"stderr":true,"stdout":"\r       0/99     0.541G    0.09745    0.03902     0.0471         15        640:   2%|\u258f         | 12/720 [00:02<01:04, 11.03it/s]                                                                "},"type":"ws_msg"}
{"payload":{"local_timestamp":1668397764775,"stderr":true,"stdout":"\r       0/99     0.541G    0.09745    0.03902     0.0471         15        640:   2%|\u258f         | 14/720 [00:02<00:55, 12.82it/s]                                                                "},"type":"ws_msg"}
{"payload":{"local_timestamp":1668397764825,"stderr":true,"stdout":"\r       0/99     0.541G     0.0955    0.03923    0.04634         10        640:   2%|\u258f         | 14/720 [00:02<00:55, 12.82it/s]                                                                "},"type":"ws_msg"}
{"payload":{"local_timestamp":1668397764873,"stderr":true,"stdout":"\r       0/99     0.541G    0.09607    0.03903    0.04676          7        640:   2%|\u258f         | 14/720 [00:02<00:55, 12.82it/s]                                                                "},"type":"ws_msg"}
{"payload":{"local_timestamp":1668397764923,"stderr":true,"stdout":"\r       0/99     0.541G    0.09439    0.03904    0.04607          8        640:   2%|\u258f         | 14/720 [00:02<00:55, 12.82it/s]                                                                "},"type":"ws_msg"}
{"payload":{"local_timestamp":1668397764923,"stderr":true,"stdout":"\r       0/99     0.541G    0.09439    0.03904    0.04607          8        640:   2%|\u258f         | 17/720 [00:02<00:46, 15.05it/s]                                                                "},"type":"ws_msg"}
{"payload":{"local_timestamp":1668397765058,"stderr":true,"stdout":"\r       0/99     0.541G    0.09518    0.03893    0.04637          8        640:   2%|\u258f         | 17/720 [00:02<00:46, 15.05it/s]                                                                "},"type":"ws_msg"}
{"payload":{"local_timestamp":1668397765218,"stderr":true,"stdout":"\r       0/99     0.541G    0.09634    0.03885    0.04693          9        640:   2%|\u258f         | 17/720 [00:02<00:46, 15.05it/s]                                                                "},"type":"ws_msg"}
{"payload":{"local_timestamp":1668397765219,"stderr":true,"stdout":"\r       0/99     0.541G    0.09634    0.03885    0.04693          9        640:   3%|\u258e         | 19/720 [00:02<01:02, 11.24it/s]                                                                "},"type":"ws_msg"}
{"payload":{"local_timestamp":1668397765291,"stderr":true,"stdout":"\r       0/99     0.541G    0.09713    0.03893    0.04719         10        640:   3%|\u258e         | 19/720 [00:02<01:02, 11.24it/s]                                                                "},"type":"ws_msg"}
{"payload":{"local_timestamp":1668397765355,"stderr":true,"stdout":"\r       0/99     0.541G    0.09766    0.03913    0.04751         12        640:   3%|\u258e         | 19/720 [00:02<01:02, 11.24it/s]                                                                "},"type":"ws_msg"}
{"payload":{"local_timestamp":1668397765356,"stderr":true,"stdout":"\r       0/99     0.541G    0.09766    0.03913    0.04751         12        640:   3%|\u258e         | 21/720 [00:02<00:58, 12.01it/s]                                                                "},"type":"ws_msg"}
{"payload":{"local_timestamp":1668397765405,"stderr":true,"stdout":"\r       0/99     0.541G    0.09482    0.03849    0.04613          4        640:   3%|\u258e         | 21/720 [00:02<00:58, 12.01it/s]                                                                "},"type":"ws_msg"}
{"payload":{"local_timestamp":1668397765455,"stderr":true,"stdout":"\r       0/99     0.541G    0.09373    0.03837    0.04564          7        640:   3%|\u258e         | 21/720 [00:02<00:58, 12.01it/s]                                                                "},"type":"ws_msg"}
{"payload":{"local_timestamp":1668397765506,"stderr":true,"stdout":"\r       0/99     0.541G    0.09399      0.039    0.04625         14        640:   3%|\u258e         | 21/720 [00:02<00:58, 12.01it/s]                                                                "},"type":"ws_msg"}
{"payload":{"local_timestamp":1668397765506,"stderr":true,"stdout":"\r       0/99     0.541G    0.09399      0.039    0.04625         14        640:   3%|\u258e         | 24/720 [00:02<00:49, 14.15it/s]                                                                "},"type":"ws_msg"}
{"payload":{"local_timestamp":1668397765557,"stderr":true,"stdout":"\r       0/99     0.541G    0.09446    0.03934    0.04652         11        640:   3%|\u258e         | 24/720 [00:02<00:49, 14.15it/s]                                                                "},"type":"ws_msg"}
{"payload":{"local_timestamp":1668397765608,"stderr":true,"stdout":"\r       0/99     0.541G    0.09502    0.03978    0.04677         12        640:   3%|\u258e         | 24/720 [00:02<00:49, 14.15it/s]                                                                "},"type":"ws_msg"}
{"payload":{"local_timestamp":1668397765609,"stderr":true,"stdout":"\r       0/99     0.541G    0.09502    0.03978    0.04677         12        640:   4%|\u258e         | 26/720 [00:02<00:45, 15.24it/s]                                                                "},"type":"ws_msg"}
{"payload":{"local_timestamp":1668397765664,"stderr":true,"stdout":"\r       0/99     0.541G    0.09411    0.03933    0.04634          4        640:   4%|\u258e         | 26/720 [00:03<00:45, 15.24it/s]                                                                "},"type":"ws_msg"}
{"payload":{"local_timestamp":1668397765715,"stderr":true,"stdout":"\r       0/99     0.541G    0.09449    0.03944    0.04654         11        640:   4%|\u258e         | 26/720 [00:03<00:45, 15.24it/s]                                                                "},"type":"ws_msg"}
{"payload":{"local_timestamp":1668397765716,"stderr":true,"stdout":"\r       0/99     0.541G    0.09449    0.03944    0.04654         11        640:   4%|\u258d         | 28/720 [00:03<00:43, 16.06it/s]                                                                "},"type":"ws_msg"}
{"payload":{"local_timestamp":1668397765764,"stderr":true,"stdout":"\r       0/99     0.541G    0.09362    0.03927    0.04615          8        640:   4%|\u258d         | 28/720 [00:03<00:43, 16.06it/s]                                                                "},"type":"ws_msg"}
{"payload":{"local_timestamp":1668397765816,"stderr":true,"stdout":"\r       0/99     0.541G    0.09412    0.03947    0.04635         14        640:   4%|\u258d         | 28/720 [00:03<00:43, 16.06it/s]                                                                "},"type":"ws_msg"}
{"payload":{"local_timestamp":1668397765817,"stderr":true,"stdout":"\r       0/99     0.541G    0.09412    0.03947    0.04635         14        640:   4%|\u258d         | 30/720 [00:03<00:40, 17.00it/s]                                                                "},"type":"ws_msg"}
{"payload":{"local_timestamp":1668397765867,"stderr":true,"stdout":"\r       0/99     0.541G    0.09327    0.03904    0.04613          3        640:   4%|\u258d         | 30/720 [00:03<00:40, 17.00it/s]                                                                "},"type":"ws_msg"}
{"payload":{"local_timestamp":1668397765920,"stderr":true,"stdout":"\r       0/99     0.541G    0.09408    0.03878    0.04627          6        640:   4%|\u258d         | 30/720 [00:03<00:40, 17.00it/s]                                                                "},"type":"ws_msg"}
{"payload":{"local_timestamp":1668397765920,"stderr":true,"stdout":"\r       0/99     0.541G    0.09408    0.03878    0.04627          6        640:   4%|\u258d         | 32/720 [00:03<00:39, 17.59it/s]                                                                "},"type":"ws_msg"}
{"payload":{"local_timestamp":1668397765972,"stderr":true,"stdout":"\r       0/99     0.541G    0.09457    0.03906    0.04644         13        640:   4%|\u258d         | 32/720 [00:03<00:39, 17.59it/s]                                                                "},"type":"ws_msg"}
{"payload":{"local_timestamp":1668397766022,"stderr":true,"stdout":"\r       0/99     0.541G    0.09389    0.03878    0.04615          5        640:   4%|\u258d         | 32/720 [00:03<00:39, 17.59it/s]                                                                "},"type":"ws_msg"}
{"payload":{"local_timestamp":1668397766022,"stderr":true,"stdout":"\r       0/99     0.541G    0.09389    0.03878    0.04615          5        640:   5%|\u258d         | 34/720 [00:03<00:37, 18.13it/s]                                                                "},"type":"ws_msg"}
{"payload":{"local_timestamp":1668397766070,"stderr":true,"stdout":"\r       0/99     0.541G    0.09299    0.03841    0.04582          4        640:   5%|\u258d         | 34/720 [00:03<00:37, 18.13it/s]                                                                "},"type":"ws_msg"}
{"payload":{"local_timestamp":1668397766111,"stderr":true,"stdout":"\r       0/99     0.541G    0.09332    0.03846    0.04601          9        640:   5%|\u258d         | 34/720 [00:03<00:37, 18.13it/s]                                                                "},"type":"ws_msg"}
{"payload":{"local_timestamp":1668397766162,"stderr":true,"stdout":"\r       0/99     0.541G    0.09261    0.03831    0.04571          6        640:   5%|\u258d         | 34/720 [00:03<00:37, 18.13it/s]                                                                "},"type":"ws_msg"}
{"payload":{"local_timestamp":1668397766162,"stderr":true,"stdout":"\r       0/99     0.541G    0.09261    0.03831    0.04571          6        640:   5%|\u258c         | 37/720 [00:03<00:35, 19.27it/s]                                                                "},"type":"ws_msg"}
{"payload":{"local_timestamp":1668397766201,"stderr":true,"stdout":"\r       0/99     0.541G    0.09187    0.03807    0.04543          4        640:   5%|\u258c         | 37/720 [00:03<00:35, 19.27it/s]                                                                "},"type":"ws_msg"}
{"payload":{"local_timestamp":1668397766251,"stderr":true,"stdout":"\r       0/99     0.541G    0.09127    0.03798    0.04518          7        640:   5%|\u258c         | 37/720 [00:03<00:35, 19.27it/s]                                                                "},"type":"ws_msg"}
{"payload":{"local_timestamp":1668397766290,"stderr":true,"stdout":"\r       0/99     0.541G    0.09064    0.03774    0.04494          6        640:   5%|\u258c         | 37/720 [00:03<00:35, 19.27it/s]                                                                "},"type":"ws_msg"}
{"payload":{"local_timestamp":1668397766290,"stderr":true,"stdout":"\r       0/99     0.541G    0.09064    0.03774    0.04494          6        640:   6%|\u258c         | 40/720 [00:03<00:33, 20.56it/s]                                                                "},"type":"ws_msg"}
{"payload":{"local_timestamp":1668397766344,"stderr":true,"stdout":"\r       0/99     0.541G    0.09018     0.0376    0.04476          6        640:   6%|\u258c         | 40/720 [00:03<00:33, 20.56it/s]                                                                "},"type":"ws_msg"}
{"payload":{"local_timestamp":1668397766386,"stderr":true,"stdout":"\r       0/99     0.541G    0.09075    0.03755    0.04488          8        640:   6%|\u258c         | 40/720 [00:03<00:33, 20.56it/s]                                                                "},"type":"ws_msg"}
{"payload":{"local_timestamp":1668397766437,"stderr":true,"stdout":"\r       0/99     0.541G    0.09027    0.03716    0.04464          3        640:   6%|\u258c         | 40/720 [00:03<00:33, 20.56it/s]                                                                "},"type":"ws_msg"}
{"payload":{"local_timestamp":1668397766437,"stderr":true,"stdout":"\r       0/99     0.541G    0.09027    0.03716    0.04464          3        640:   6%|\u258c         | 43/720 [00:03<00:33, 20.51it/s]                                                                "},"type":"ws_msg"}
{"payload":{"local_timestamp":1668397766476,"stderr":true,"stdout":"\r       0/99     0.541G    0.08973    0.03712    0.04441          9        640:   6%|\u258c         | 43/720 [00:03<00:33, 20.51it/s]                                                                "},"type":"ws_msg"}
{"payload":{"local_timestamp":1668397766528,"stderr":true,"stdout":"\r       0/99     0.541G    0.09021    0.03728    0.04465         10        640:   6%|\u258c         | 43/720 [00:03<00:33, 20.51it/s]                                                                "},"type":"ws_msg"}
{"payload":{"local_timestamp":1668397766568,"stderr":true,"stdout":"\r       0/99     0.541G    0.08979    0.03724    0.04444          8        640:   6%|\u258c         | 43/720 [00:03<00:33, 20.51it/s]                                                                "},"type":"ws_msg"}
{"payload":{"local_timestamp":1668397766569,"stderr":true,"stdout":"\r       0/99     0.541G    0.08979    0.03724    0.04444          8        640:   6%|\u258b         | 46/720 [00:03<00:31, 21.18it/s]                                                                "},"type":"ws_msg"}
{"payload":{"local_timestamp":1668397766619,"stderr":true,"stdout":"\r       0/99     0.541G     0.0893    0.03743    0.04425          9        640:   6%|\u258b         | 46/720 [00:03<00:31, 21.18it/s]                                                                "},"type":"ws_msg"}
{"payload":{"local_timestamp":1668397766658,"stderr":true,"stdout":"\r       0/99     0.541G    0.08895    0.03727    0.04406          6        640:   6%|\u258b         | 46/720 [00:04<00:31, 21.18it/s]                                                                "},"type":"ws_msg"}
{"payload":{"local_timestamp":1668397766709,"stderr":true,"stdout":"\r       0/99     0.541G    0.08903    0.03721    0.04424          6        640:   6%|\u258b         | 46/720 [00:04<00:31, 21.18it/s]                                                                "},"type":"ws_msg"}
{"payload":{"local_timestamp":1668397766710,"stderr":true,"stdout":"\r       0/99     0.541G    0.08903    0.03721    0.04424          6        640:   7%|\u258b         | 49/720 [00:04<00:31, 21.26it/s]                                                                "},"type":"ws_msg"}
{"payload":{"local_timestamp":1668397766749,"stderr":true,"stdout":"\r       0/99     0.541G    0.08857    0.03714    0.04407          6        640:   7%|\u258b         | 49/720 [00:04<00:31, 21.26it/s]                                                                "},"type":"ws_msg"}
{"payload":{"local_timestamp":1668397766800,"stderr":true,"stdout":"\r       0/99     0.541G     0.0889    0.03735    0.04422         11        640:   7%|\u258b         | 49/720 [00:04<00:31, 21.26it/s]                                                                "},"type":"ws_msg"}
{"payload":{"local_timestamp":1668397766842,"stderr":true,"stdout":"\r       0/99     0.541G    0.08914    0.03772    0.04438         13        640:   7%|\u258b         | 49/720 [00:04<00:31, 21.26it/s]                                                                "},"type":"ws_msg"}
{"payload":{"local_timestamp":1668397766842,"stderr":true,"stdout":"\r       0/99     0.541G    0.08914    0.03772    0.04438         13        640:   7%|\u258b         | 52/720 [00:04<00:30, 21.65it/s]                                                                "},"type":"ws_msg"}
{"payload":{"local_timestamp":1668397766894,"stderr":true,"stdout":"\r       0/99     0.541G    0.08946    0.03767    0.04455          9        640:   7%|\u258b         | 52/720 [00:04<00:30, 21.65it/s]                                                                "},"type":"ws_msg"}
{"payload":{"local_timestamp":1668397766935,"stderr":true,"stdout":"\r       0/99     0.541G    0.08979    0.03762    0.04472          7        640:   7%|\u258b         | 52/720 [00:04<00:30, 21.65it/s]                                                                "},"type":"ws_msg"}
{"payload":{"local_timestamp":1668397766986,"stderr":true,"stdout":"\r       0/99     0.541G    0.09014    0.03756    0.04486          8        640:   7%|\u258b         | 52/720 [00:04<00:30, 21.65it/s]                                                                "},"type":"ws_msg"}
{"payload":{"local_timestamp":1668397766986,"stderr":true,"stdout":"\r       0/99     0.541G    0.09014    0.03756    0.04486          8        640:   8%|\u258a         | 55/720 [00:04<00:31, 21.39it/s]                                                                "},"type":"ws_msg"}
{"payload":{"local_timestamp":1668397767027,"stderr":true,"stdout":"\r       0/99     0.541G     0.0905    0.03771    0.04499         11        640:   8%|\u258a         | 55/720 [00:04<00:31, 21.39it/s]                                                                "},"type":"ws_msg"}
{"payload":{"local_timestamp":1668397767080,"stderr":true,"stdout":"\r       0/99     0.541G    0.09084    0.03783    0.04517         12        640:   8%|\u258a         | 55/720 [00:04<00:31, 21.39it/s]                                                                "},"type":"ws_msg"}
{"payload":{"local_timestamp":1668397767119,"stderr":true,"stdout":"\r       0/99     0.541G    0.09049    0.03763    0.04499          5        640:   8%|\u258a         | 55/720 [00:04<00:31, 21.39it/s]                                                                "},"type":"ws_msg"}
{"payload":{"local_timestamp":1668397767119,"stderr":true,"stdout":"\r       0/99     0.541G    0.09049    0.03763    0.04499          5        640:   8%|\u258a         | 58/720 [00:04<00:30, 21.73it/s]                                                                "},"type":"ws_msg"}
{"payload":{"local_timestamp":1668397767126,"stderr":true,"stdout":"\r       0/99     0.541G    0.09049    0.03763    0.04499          5        640:   8%|\u258a         | 58/720 [00:04<00:51, 12.96it/s]                                                                "},"type":"ws_msg"}
{"payload":{"local_timestamp":1668397767126,"stderr":true,"stdout":"\n"},"type":"ws_msg"}
{"payload":{"local_timestamp":1668397767127,"stderr":true,"stdout":"Traceback (most recent call last):\n"},"type":"ws_msg"}
{"payload":{"local_timestamp":1668397767127,"stderr":true,"stdout":"  File \"train.py\", line 630, in <module>\n"},"type":"ws_msg"}
{"payload":{"local_timestamp":1668397767127,"stderr":true,"stdout":"    "},"type":"ws_msg"}
{"payload":{"local_timestamp":1668397767127,"stderr":true,"stdout":"main(opt)"},"type":"ws_msg"}
{"payload":{"local_timestamp":1668397767128,"stderr":true,"stdout":"\n"},"type":"ws_msg"}
{"payload":{"local_timestamp":1668397767128,"stderr":true,"stdout":"  File \"train.py\", line 524, in main\n"},"type":"ws_msg"}
{"payload":{"local_timestamp":1668397767128,"stderr":true,"stdout":"    "},"type":"ws_msg"}
{"payload":{"local_timestamp":1668397767128,"stderr":true,"stdout":"train(opt.hyp, opt, device, callbacks)"},"type":"ws_msg"}
{"payload":{"local_timestamp":1668397767128,"stderr":true,"stdout":"\n"},"type":"ws_msg"}
{"payload":{"local_timestamp":1668397767128,"stderr":true,"stdout":"  File \"train.py\", line 306, in train\n"},"type":"ws_msg"}
{"payload":{"local_timestamp":1668397767129,"stderr":true,"stdout":"    "},"type":"ws_msg"}
{"payload":{"local_timestamp":1668397767129,"stderr":true,"stdout":"pred = model(imgs)  # forward"},"type":"ws_msg"}
{"payload":{"local_timestamp":1668397767129,"stderr":true,"stdout":"\n"},"type":"ws_msg"}
{"payload":{"local_timestamp":1668397767129,"stderr":true,"stdout":"  File \"C:\\ProgramData\\Anaconda3\\envs\\torch\\lib\\site-packages\\torch\\nn\\modules\\module.py\", line 889, in _call_impl\n"},"type":"ws_msg"}
{"payload":{"local_timestamp":1668397767129,"stderr":true,"stdout":"    "},"type":"ws_msg"}
{"payload":{"local_timestamp":1668397767129,"stderr":true,"stdout":"result = self.forward(*input, **kwargs)"},"type":"ws_msg"}
{"payload":{"local_timestamp":1668397767129,"stderr":true,"stdout":"\n"},"type":"ws_msg"}
{"payload":{"local_timestamp":1668397767130,"stderr":true,"stdout":"  File \"D:\\my_job\\code\\xianyu\\yolov5-master\\models\\yolo.py\", line 210, in forward\n"},"type":"ws_msg"}
{"payload":{"local_timestamp":1668397767130,"stderr":true,"stdout":"    "},"type":"ws_msg"}
{"payload":{"local_timestamp":1668397767130,"stderr":true,"stdout":"return self._forward_once(x, profile, visualize)  # single-scale inference, train"},"type":"ws_msg"}
{"payload":{"local_timestamp":1668397767130,"stderr":true,"stdout":"\n"},"type":"ws_msg"}
{"payload":{"local_timestamp":1668397767130,"stderr":true,"stdout":"  File \"D:\\my_job\\code\\xianyu\\yolov5-master\\models\\yolo.py\", line 122, in _forward_once\n"},"type":"ws_msg"}
{"payload":{"local_timestamp":1668397767130,"stderr":true,"stdout":"    "},"type":"ws_msg"}
{"payload":{"local_timestamp":1668397767130,"stderr":true,"stdout":"x = m(x)  # run"},"type":"ws_msg"}
{"payload":{"local_timestamp":1668397767131,"stderr":true,"stdout":"\n"},"type":"ws_msg"}
{"payload":{"local_timestamp":1668397767131,"stderr":true,"stdout":"  File \"C:\\ProgramData\\Anaconda3\\envs\\torch\\lib\\site-packages\\torch\\nn\\modules\\module.py\", line 889, in _call_impl\n"},"type":"ws_msg"}
{"payload":{"local_timestamp":1668397767131,"stderr":true,"stdout":"    "},"type":"ws_msg"}
{"payload":{"local_timestamp":1668397767131,"stderr":true,"stdout":"result = self.forward(*input, **kwargs)"},"type":"ws_msg"}
{"payload":{"local_timestamp":1668397767131,"stderr":true,"stdout":"\n"},"type":"ws_msg"}
{"payload":{"local_timestamp":1668397767131,"stderr":true,"stdout":"  File \"D:\\my_job\\code\\xianyu\\yolov5-master\\models\\common.py\", line 168, in forward\n"},"type":"ws_msg"}
{"payload":{"local_timestamp":1668397767132,"stderr":true,"stdout":"    "},"type":"ws_msg"}
{"payload":{"local_timestamp":1668397767132,"stderr":true,"stdout":"return self.cv3(torch.cat((self.m(self.cv1(x)), self.cv2(x)), 1))"},"type":"ws_msg"}
{"payload":{"local_timestamp":1668397767132,"stderr":true,"stdout":"\n"},"type":"ws_msg"}
{"payload":{"local_timestamp":1668397767132,"stderr":true,"stdout":"  File \"C:\\ProgramData\\Anaconda3\\envs\\torch\\lib\\site-packages\\torch\\nn\\modules\\module.py\", line 889, in _call_impl\n"},"type":"ws_msg"}
{"payload":{"local_timestamp":1668397767132,"stderr":true,"stdout":"    "},"type":"ws_msg"}
{"payload":{"local_timestamp":1668397767132,"stderr":true,"stdout":"result = self.forward(*input, **kwargs)"},"type":"ws_msg"}
{"payload":{"local_timestamp":1668397767133,"stderr":true,"stdout":"\n"},"type":"ws_msg"}
{"payload":{"local_timestamp":1668397767133,"stderr":true,"stdout":"  File \"D:\\my_job\\code\\xianyu\\yolov5-master\\models\\common.py\", line 57, in forward\n"},"type":"ws_msg"}
{"payload":{"local_timestamp":1668397767133,"stderr":true,"stdout":"    "},"type":"ws_msg"}
{"payload":{"local_timestamp":1668397767133,"stderr":true,"stdout":"return self.act(self.bn(self.conv(x)))"},"type":"ws_msg"}
{"payload":{"local_timestamp":1668397767133,"stderr":true,"stdout":"\n"},"type":"ws_msg"}
{"payload":{"local_timestamp":1668397767133,"stderr":true,"stdout":"  File \"C:\\ProgramData\\Anaconda3\\envs\\torch\\lib\\site-packages\\torch\\nn\\modules\\module.py\", line 889, in _call_impl\n"},"type":"ws_msg"}
{"payload":{"local_timestamp":1668397767133,"stderr":true,"stdout":"    "},"type":"ws_msg"}
{"payload":{"local_timestamp":1668397767133,"stderr":true,"stdout":"result = self.forward(*input, **kwargs)"},"type":"ws_msg"}
{"payload":{"local_timestamp":1668397767133,"stderr":true,"stdout":"\n"},"type":"ws_msg"}
{"payload":{"local_timestamp":1668397767134,"stderr":true,"stdout":"  File \"C:\\ProgramData\\Anaconda3\\envs\\torch\\lib\\site-packages\\torch\\nn\\modules\\batchnorm.py\", line 140, in forward\n"},"type":"ws_msg"}
{"payload":{"local_timestamp":1668397767134,"stderr":true,"stdout":"    "},"type":"ws_msg"}
{"payload":{"local_timestamp":1668397767134,"stderr":true,"stdout":"self.weight, self.bias, bn_training, exponential_average_factor, self.eps)"},"type":"ws_msg"}
{"payload":{"local_timestamp":1668397767134,"stderr":true,"stdout":"\n"},"type":"ws_msg"}
{"payload":{"local_timestamp":1668397767135,"stderr":true,"stdout":"  File \"C:\\ProgramData\\Anaconda3\\envs\\torch\\lib\\site-packages\\torch\\nn\\functional.py\", line 2150, in batch_norm\n"},"type":"ws_msg"}
{"payload":{"local_timestamp":1668397767135,"stderr":true,"stdout":"    "},"type":"ws_msg"}
{"payload":{"local_timestamp":1668397767135,"stderr":true,"stdout":"input, weight, bias, running_mean, running_var, training, momentum, eps, torch.backends.cudnn.enabled"},"type":"ws_msg"}
{"payload":{"local_timestamp":1668397767135,"stderr":true,"stdout":"\n"},"type":"ws_msg"}
{"payload":{"local_timestamp":1668397767136,"stderr":true,"stdout":"KeyboardInterrupt"},"type":"ws_msg"}
{"payload":{"local_timestamp":1668397767136,"stderr":true,"stdout":"\n"},"type":"ws_msg"}
{"payload":{"local_timestamp":1668397767136,"stderr":true,"stdout":"COMET INFO: ----------------------------------"},"type":"ws_msg"}
{"payload":{"local_timestamp":1668397767136,"stderr":true,"stdout":"\n"},"type":"ws_msg"}
{"payload":{"local_timestamp":1668397767136,"stderr":true,"stdout":"COMET INFO: Comet.ml OfflineExperiment Summary"},"type":"ws_msg"}
{"payload":{"local_timestamp":1668397767136,"stderr":true,"stdout":"\n"},"type":"ws_msg"}
{"payload":{"local_timestamp":1668397767137,"stderr":true,"stdout":"COMET INFO: ----------------------------------"},"type":"ws_msg"}
{"payload":{"local_timestamp":1668397767137,"stderr":true,"stdout":"\n"},"type":"ws_msg"}
{"payload":{"local_timestamp":1668397767137,"stderr":true,"stdout":"COMET INFO:   Data:"},"type":"ws_msg"}
{"payload":{"local_timestamp":1668397767137,"stderr":true,"stdout":"\n"},"type":"ws_msg"}
{"payload":{"local_timestamp":1668397767137,"stderr":true,"stdout":"COMET INFO:     display_summary_level : 1"},"type":"ws_msg"}
{"payload":{"local_timestamp":1668397767137,"stderr":true,"stdout":"\n"},"type":"ws_msg"}
{"payload":{"local_timestamp":1668397767137,"stderr":true,"stdout":"COMET INFO:     url                   : [OfflineExperiment will get URL after upload]"},"type":"ws_msg"}
{"payload":{"local_timestamp":1668397767137,"stderr":true,"stdout":"\n"},"type":"ws_msg"}
{"payload":{"local_timestamp":1668397767137,"stderr":true,"stdout":"COMET INFO:   Others:"},"type":"ws_msg"}
{"payload":{"local_timestamp":1668397767138,"stderr":true,"stdout":"\n"},"type":"ws_msg"}
{"payload":{"local_timestamp":1668397767138,"stderr":true,"stdout":"COMET INFO:     Created from                : YOLOv5"},"type":"ws_msg"}
{"payload":{"local_timestamp":1668397767138,"stderr":true,"stdout":"\n"},"type":"ws_msg"}
{"payload":{"local_timestamp":1668397767138,"stderr":true,"stdout":"COMET INFO:     comet_log_batch_metrics     : False"},"type":"ws_msg"}
{"payload":{"local_timestamp":1668397767138,"stderr":true,"stdout":"\n"},"type":"ws_msg"}
{"payload":{"local_timestamp":1668397767138,"stderr":true,"stdout":"COMET INFO:     comet_log_confusion_matrix  : True"},"type":"ws_msg"}
{"payload":{"local_timestamp":1668397767138,"stderr":true,"stdout":"\n"},"type":"ws_msg"}
{"payload":{"local_timestamp":1668397767138,"stderr":true,"stdout":"COMET INFO:     comet_log_per_class_metrics : False"},"type":"ws_msg"}
{"payload":{"local_timestamp":1668397767138,"stderr":true,"stdout":"\n"},"type":"ws_msg"}
{"payload":{"local_timestamp":1668397767138,"stderr":true,"stdout":"COMET INFO:     comet_max_image_uploads     : 100"},"type":"ws_msg"}
{"payload":{"local_timestamp":1668397767138,"stderr":true,"stdout":"\n"},"type":"ws_msg"}
{"payload":{"local_timestamp":1668397767138,"stderr":true,"stdout":"COMET INFO:     comet_mode                  : online"},"type":"ws_msg"}
{"payload":{"local_timestamp":1668397767138,"stderr":true,"stdout":"\n"},"type":"ws_msg"}
{"payload":{"local_timestamp":1668397767138,"stderr":true,"stdout":"COMET INFO:     comet_model_name            : yolov5"},"type":"ws_msg"}
{"payload":{"local_timestamp":1668397767139,"stderr":true,"stdout":"\n"},"type":"ws_msg"}
{"payload":{"local_timestamp":1668397767139,"stderr":true,"stdout":"COMET INFO:     offline_experiment          : True"},"type":"ws_msg"}
{"payload":{"local_timestamp":1668397767139,"stderr":true,"stdout":"\n"},"type":"ws_msg"}
{"payload":{"local_timestamp":1668397767139,"stderr":true,"stdout":"COMET INFO:   Parameters:"},"type":"ws_msg"}
{"payload":{"local_timestamp":1668397767139,"stderr":true,"stdout":"\n"},"type":"ws_msg"}
{"payload":{"local_timestamp":1668397767139,"stderr":true,"stdout":"COMET INFO:     anchor_t           : 4.0"},"type":"ws_msg"}
{"payload":{"local_timestamp":1668397767139,"stderr":true,"stdout":"\n"},"type":"ws_msg"}
{"payload":{"local_timestamp":1668397767139,"stderr":true,"stdout":"COMET INFO:     artifact_alias     : latest"},"type":"ws_msg"}
{"payload":{"local_timestamp":1668397767139,"stderr":true,"stdout":"\n"},"type":"ws_msg"}
{"payload":{"local_timestamp":1668397767139,"stderr":true,"stdout":"COMET INFO:     batch_size         : 2"},"type":"ws_msg"}
{"payload":{"local_timestamp":1668397767139,"stderr":true,"stdout":"\n"},"type":"ws_msg"}
{"payload":{"local_timestamp":1668397767139,"stderr":true,"stdout":"COMET INFO:     bbox_interval      : -1"},"type":"ws_msg"}
{"payload":{"local_timestamp":1668397767139,"stderr":true,"stdout":"\n"},"type":"ws_msg"}
{"payload":{"local_timestamp":1668397767140,"stderr":true,"stdout":"COMET INFO:     box                : 0.05"},"type":"ws_msg"}
{"payload":{"local_timestamp":1668397767140,"stderr":true,"stdout":"\n"},"type":"ws_msg"}
{"payload":{"local_timestamp":1668397767140,"stderr":true,"stdout":"COMET INFO:     bucket             : "},"type":"ws_msg"}
{"payload":{"local_timestamp":1668397767140,"stderr":true,"stdout":"\n"},"type":"ws_msg"}
{"payload":{"local_timestamp":1668397767140,"stderr":true,"stdout":"COMET INFO:     cache              : 1"},"type":"ws_msg"}
{"payload":{"local_timestamp":1668397767140,"stderr":true,"stdout":"\n"},"type":"ws_msg"}
{"payload":{"local_timestamp":1668397767140,"stderr":true,"stdout":"COMET INFO:     cls                : 0.0375"},"type":"ws_msg"}
{"payload":{"local_timestamp":1668397767140,"stderr":true,"stdout":"\n"},"type":"ws_msg"}
{"payload":{"local_timestamp":1668397767141,"stderr":true,"stdout":"COMET INFO:     cls_pw             : 1.0"},"type":"ws_msg"}
{"payload":{"local_timestamp":1668397767141,"stderr":true,"stdout":"\n"},"type":"ws_msg"}
{"payload":{"local_timestamp":1668397767141,"stderr":true,"stdout":"COMET INFO:     copy_paste         : 0.0"},"type":"ws_msg"}
{"payload":{"local_timestamp":1668397767141,"stderr":true,"stdout":"\n"},"type":"ws_msg"}
{"payload":{"local_timestamp":1668397767141,"stderr":true,"stdout":"COMET INFO:     cos_lr             : False"},"type":"ws_msg"}
{"payload":{"local_timestamp":1668397767141,"stderr":true,"stdout":"\n"},"type":"ws_msg"}
{"payload":{"local_timestamp":1668397767141,"stderr":true,"stdout":"COMET INFO:     data               : data\\NEU.yaml"},"type":"ws_msg"}
{"payload":{"local_timestamp":1668397767141,"stderr":true,"stdout":"\n"},"type":"ws_msg"}
{"payload":{"local_timestamp":1668397767141,"stderr":true,"stdout":"COMET INFO:     degrees            : 0.0"},"type":"ws_msg"}
{"payload":{"local_timestamp":1668397767142,"stderr":true,"stdout":"\n"},"type":"ws_msg"}
{"payload":{"local_timestamp":1668397767142,"stderr":true,"stdout":"COMET INFO:     device             : "},"type":"ws_msg"}
{"payload":{"local_timestamp":1668397767142,"stderr":true,"stdout":"\n"},"type":"ws_msg"}
{"payload":{"local_timestamp":1668397767142,"stderr":true,"stdout":"COMET INFO:     entity             : 1"},"type":"ws_msg"}
{"payload":{"local_timestamp":1668397767142,"stderr":true,"stdout":"\n"},"type":"ws_msg"}
{"payload":{"local_timestamp":1668397767142,"stderr":true,"stdout":"COMET INFO:     epochs             : 100"},"type":"ws_msg"}
{"payload":{"local_timestamp":1668397767142,"stderr":true,"stdout":"\n"},"type":"ws_msg"}
{"payload":{"local_timestamp":1668397767142,"stderr":true,"stdout":"COMET INFO:     evolve             : 1"},"type":"ws_msg"}
{"payload":{"local_timestamp":1668397767142,"stderr":true,"stdout":"\n"},"type":"ws_msg"}
{"payload":{"local_timestamp":1668397767142,"stderr":true,"stdout":"COMET INFO:     exist_ok           : False"},"type":"ws_msg"}
{"payload":{"local_timestamp":1668397767142,"stderr":true,"stdout":"\n"},"type":"ws_msg"}
{"payload":{"local_timestamp":1668397767143,"stderr":true,"stdout":"COMET INFO:     fl_gamma           : 0.0"},"type":"ws_msg"}
{"payload":{"local_timestamp":1668397767143,"stderr":true,"stdout":"\n"},"type":"ws_msg"}
{"payload":{"local_timestamp":1668397767143,"stderr":true,"stdout":"COMET INFO:     fliplr             : 0.5"},"type":"ws_msg"}
{"payload":{"local_timestamp":1668397767143,"stderr":true,"stdout":"\n"},"type":"ws_msg"}
{"payload":{"local_timestamp":1668397767143,"stderr":true,"stdout":"COMET INFO:     flipud             : 0.0"},"type":"ws_msg"}
{"payload":{"local_timestamp":1668397767143,"stderr":true,"stdout":"\n"},"type":"ws_msg"}
{"payload":{"local_timestamp":1668397767143,"stderr":true,"stdout":"COMET INFO:     freeze             : [0]"},"type":"ws_msg"}
{"payload":{"local_timestamp":1668397767143,"stderr":true,"stdout":"\n"},"type":"ws_msg"}
{"payload":{"local_timestamp":1668397767143,"stderr":true,"stdout":"COMET INFO:     hsv_h              : 0.015"},"type":"ws_msg"}
{"payload":{"local_timestamp":1668397767143,"stderr":true,"stdout":"\n"},"type":"ws_msg"}
{"payload":{"local_timestamp":1668397767143,"stderr":true,"stdout":"COMET INFO:     hsv_s              : 0.7"},"type":"ws_msg"}
{"payload":{"local_timestamp":1668397767144,"stderr":true,"stdout":"\n"},"type":"ws_msg"}
{"payload":{"local_timestamp":1668397767144,"stderr":true,"stdout":"COMET INFO:     hsv_v              : 0.4"},"type":"ws_msg"}
{"payload":{"local_timestamp":1668397767144,"stderr":true,"stdout":"\n"},"type":"ws_msg"}
{"payload":{"local_timestamp":1668397767144,"stderr":true,"stdout":"COMET INFO:     hyp                : {\"anchor_t\": 4.0, \"box\": 0.05, \"cls\": 0.5, \"cls_pw\": 1.0, \"copy_paste\": 0.0, \"degrees\": 0.0, \"fl_gamma\": 0.0, \"fliplr\": 0.5, \"flipud\": 0.0, \"hsv_h\": 0.015, \"hsv_s\": 0.7, \"hsv_v\": 0.4, \"iou_t\": 0.2, \"lr0\": 0.01, \"lrf\": 0.01, \"mixup\": 0.0, \"momentum\": 0.937, \"mosaic\": 1.0, \"obj\": 1.0, \"obj_pw\": 1.0, \"perspective\": 0.0, \"scale\": 0.5, \"shear\": 0.0, \"translate\": 0.1, \"warmup_bias_lr\": 0.1, \"warmup_epochs\": 3.0, \"warmup_momentum\": 0.8, \"weight_decay\": 0.0005}"},"type":"ws_msg"}
{"payload":{"local_timestamp":1668397767144,"stderr":true,"stdout":"\n"},"type":"ws_msg"}
{"payload":{"local_timestamp":1668397767144,"stderr":true,"stdout":"COMET INFO:     image_weights      : False"},"type":"ws_msg"}
{"payload":{"local_timestamp":1668397767144,"stderr":true,"stdout":"\n"},"type":"ws_msg"}
{"payload":{"local_timestamp":1668397767144,"stderr":true,"stdout":"COMET INFO:     imgsz              : 640"},"type":"ws_msg"}
{"payload":{"local_timestamp":1668397767144,"stderr":true,"stdout":"\n"},"type":"ws_msg"}
{"payload":{"local_timestamp":1668397767144,"stderr":true,"stdout":"COMET INFO:     iou_t              : 0.2"},"type":"ws_msg"}
{"payload":{"local_timestamp":1668397767145,"stderr":true,"stdout":"\n"},"type":"ws_msg"}
{"payload":{"local_timestamp":1668397767145,"stderr":true,"stdout":"COMET INFO:     label_smoothing    : 0.0"},"type":"ws_msg"}
{"payload":{"local_timestamp":1668397767145,"stderr":true,"stdout":"\n"},"type":"ws_msg"}
{"payload":{"local_timestamp":1668397767145,"stderr":true,"stdout":"COMET INFO:     local_rank         : -1"},"type":"ws_msg"}
{"payload":{"local_timestamp":1668397767145,"stderr":true,"stdout":"\n"},"type":"ws_msg"}
{"payload":{"local_timestamp":1668397767145,"stderr":true,"stdout":"COMET INFO:     lr0                : 0.01"},"type":"ws_msg"}
{"payload":{"local_timestamp":1668397767145,"stderr":true,"stdout":"\n"},"type":"ws_msg"}
{"payload":{"local_timestamp":1668397767145,"stderr":true,"stdout":"COMET INFO:     lrf                : 0.01"},"type":"ws_msg"}
{"payload":{"local_timestamp":1668397767145,"stderr":true,"stdout":"\n"},"type":"ws_msg"}
{"payload":{"local_timestamp":1668397767145,"stderr":true,"stdout":"COMET INFO:     mixup              : 0.0"},"type":"ws_msg"}
{"payload":{"local_timestamp":1668397767145,"stderr":true,"stdout":"\n"},"type":"ws_msg"}
{"payload":{"local_timestamp":1668397767146,"stderr":true,"stdout":"COMET INFO:     momentum           : 0.937"},"type":"ws_msg"}
{"payload":{"local_timestamp":1668397767146,"stderr":true,"stdout":"\n"},"type":"ws_msg"}
{"payload":{"local_timestamp":1668397767146,"stderr":true,"stdout":"COMET INFO:     mosaic             : 1.0"},"type":"ws_msg"}
{"payload":{"local_timestamp":1668397767146,"stderr":true,"stdout":"\n"},"type":"ws_msg"}
{"payload":{"local_timestamp":1668397767146,"stderr":true,"stdout":"COMET INFO:     multi_scale        : False"},"type":"ws_msg"}
{"payload":{"local_timestamp":1668397767146,"stderr":true,"stdout":"\n"},"type":"ws_msg"}
{"payload":{"local_timestamp":1668397767146,"stderr":true,"stdout":"COMET INFO:     name               : exp"},"type":"ws_msg"}
{"payload":{"local_timestamp":1668397767146,"stderr":true,"stdout":"\n"},"type":"ws_msg"}
{"payload":{"local_timestamp":1668397767146,"stderr":true,"stdout":"COMET INFO:     noautoanchor       : False"},"type":"ws_msg"}
{"payload":{"local_timestamp":1668397767146,"stderr":true,"stdout":"\n"},"type":"ws_msg"}
{"payload":{"local_timestamp":1668397767146,"stderr":true,"stdout":"COMET INFO:     noplots            : False"},"type":"ws_msg"}
{"payload":{"local_timestamp":1668397767146,"stderr":true,"stdout":"\n"},"type":"ws_msg"}
{"payload":{"local_timestamp":1668397767146,"stderr":true,"stdout":"COMET INFO:     nosave             : False"},"type":"ws_msg"}
{"payload":{"local_timestamp":1668397767147,"stderr":true,"stdout":"\n"},"type":"ws_msg"}
{"payload":{"local_timestamp":1668397767147,"stderr":true,"stdout":"COMET INFO:     noval              : False"},"type":"ws_msg"}
{"payload":{"local_timestamp":1668397767147,"stderr":true,"stdout":"\n"},"type":"ws_msg"}
{"payload":{"local_timestamp":1668397767147,"stderr":true,"stdout":"COMET INFO:     obj                : 1.0"},"type":"ws_msg"}
{"payload":{"local_timestamp":1668397767147,"stderr":true,"stdout":"\n"},"type":"ws_msg"}
{"payload":{"local_timestamp":1668397767147,"stderr":true,"stdout":"COMET INFO:     obj_pw             : 1.0"},"type":"ws_msg"}
{"payload":{"local_timestamp":1668397767147,"stderr":true,"stdout":"\n"},"type":"ws_msg"}
{"payload":{"local_timestamp":1668397767147,"stderr":true,"stdout":"COMET INFO:     optimizer          : SGD"},"type":"ws_msg"}
{"payload":{"local_timestamp":1668397767147,"stderr":true,"stdout":"\n"},"type":"ws_msg"}
{"payload":{"local_timestamp":1668397767147,"stderr":true,"stdout":"COMET INFO:     patience           : 100"},"type":"ws_msg"}
{"payload":{"local_timestamp":1668397767147,"stderr":true,"stdout":"\n"},"type":"ws_msg"}
{"payload":{"local_timestamp":1668397767147,"stderr":true,"stdout":"COMET INFO:     perspective        : 0.0"},"type":"ws_msg"}
{"payload":{"local_timestamp":1668397767148,"stderr":true,"stdout":"\n"},"type":"ws_msg"}
{"payload":{"local_timestamp":1668397767148,"stderr":true,"stdout":"COMET INFO:     project            : runs\\train"},"type":"ws_msg"}
{"payload":{"local_timestamp":1668397767148,"stderr":true,"stdout":"\n"},"type":"ws_msg"}
{"payload":{"local_timestamp":1668397767148,"stderr":true,"stdout":"COMET INFO:     quad               : False"},"type":"ws_msg"}
{"payload":{"local_timestamp":1668397767148,"stderr":true,"stdout":"\n"},"type":"ws_msg"}
{"payload":{"local_timestamp":1668397767148,"stderr":true,"stdout":"COMET INFO:     rect               : False"},"type":"ws_msg"}
{"payload":{"local_timestamp":1668397767148,"stderr":true,"stdout":"\n"},"type":"ws_msg"}
{"payload":{"local_timestamp":1668397767148,"stderr":true,"stdout":"COMET INFO:     resume             : False"},"type":"ws_msg"}
{"payload":{"local_timestamp":1668397767149,"stderr":true,"stdout":"\n"},"type":"ws_msg"}
{"payload":{"local_timestamp":1668397767149,"stderr":true,"stdout":"COMET INFO:     save_dir           : runs\\train\\exp8"},"type":"ws_msg"}
{"payload":{"local_timestamp":1668397767149,"stderr":true,"stdout":"\n"},"type":"ws_msg"}
{"payload":{"local_timestamp":1668397767149,"stderr":true,"stdout":"COMET INFO:     save_period        : -1"},"type":"ws_msg"}
{"payload":{"local_timestamp":1668397767149,"stderr":true,"stdout":"\n"},"type":"ws_msg"}
{"payload":{"local_timestamp":1668397767149,"stderr":true,"stdout":"COMET INFO:     scale              : 0.5"},"type":"ws_msg"}
{"payload":{"local_timestamp":1668397767149,"stderr":true,"stdout":"\n"},"type":"ws_msg"}
{"payload":{"local_timestamp":1668397767149,"stderr":true,"stdout":"COMET INFO:     seed               : 0"},"type":"ws_msg"}
{"payload":{"local_timestamp":1668397767149,"stderr":true,"stdout":"\n"},"type":"ws_msg"}
{"payload":{"local_timestamp":1668397767149,"stderr":true,"stdout":"COMET INFO:     shear              : 0.0"},"type":"ws_msg"}
{"payload":{"local_timestamp":1668397767149,"stderr":true,"stdout":"\n"},"type":"ws_msg"}
{"payload":{"local_timestamp":1668397767150,"stderr":true,"stdout":"COMET INFO:     single_cls         : False"},"type":"ws_msg"}
{"payload":{"local_timestamp":1668397767150,"stderr":true,"stdout":"\n"},"type":"ws_msg"}
{"payload":{"local_timestamp":1668397767150,"stderr":true,"stdout":"COMET INFO:     sync_bn            : False"},"type":"ws_msg"}
{"payload":{"local_timestamp":1668397767150,"stderr":true,"stdout":"\n"},"type":"ws_msg"}
{"payload":{"local_timestamp":1668397767150,"stderr":true,"stdout":"COMET INFO:     translate          : 0.1"},"type":"ws_msg"}
{"payload":{"local_timestamp":1668397767150,"stderr":true,"stdout":"\n"},"type":"ws_msg"}
{"payload":{"local_timestamp":1668397767150,"stderr":true,"stdout":"COMET INFO:     upload_dataset     : False"},"type":"ws_msg"}
{"payload":{"local_timestamp":1668397767150,"stderr":true,"stdout":"\n"},"type":"ws_msg"}
{"payload":{"local_timestamp":1668397767150,"stderr":true,"stdout":"COMET INFO:     val_conf_threshold : 0.001"},"type":"ws_msg"}
{"payload":{"local_timestamp":1668397767150,"stderr":true,"stdout":"\n"},"type":"ws_msg"}
{"payload":{"local_timestamp":1668397767150,"stderr":true,"stdout":"COMET INFO:     val_iou_threshold  : 0.6"},"type":"ws_msg"}
{"payload":{"local_timestamp":1668397767151,"stderr":true,"stdout":"\n"},"type":"ws_msg"}
{"payload":{"local_timestamp":1668397767151,"stderr":true,"stdout":"COMET INFO:     warmup_bias_lr     : 0.1"},"type":"ws_msg"}
{"payload":{"local_timestamp":1668397767151,"stderr":true,"stdout":"\n"},"type":"ws_msg"}
{"payload":{"local_timestamp":1668397767151,"stderr":true,"stdout":"COMET INFO:     warmup_epochs      : 3.0"},"type":"ws_msg"}
{"payload":{"local_timestamp":1668397767151,"stderr":true,"stdout":"\n"},"type":"ws_msg"}
{"payload":{"local_timestamp":1668397767151,"stderr":true,"stdout":"COMET INFO:     warmup_momentum    : 0.8"},"type":"ws_msg"}
{"payload":{"local_timestamp":1668397767151,"stderr":true,"stdout":"\n"},"type":"ws_msg"}
{"payload":{"local_timestamp":1668397767151,"stderr":true,"stdout":"COMET INFO:     weight_decay       : 0.0005"},"type":"ws_msg"}
{"payload":{"local_timestamp":1668397767151,"stderr":true,"stdout":"\n"},"type":"ws_msg"}
{"payload":{"local_timestamp":1668397767151,"stderr":true,"stdout":"COMET INFO:     weights            : ."},"type":"ws_msg"}
{"payload":{"local_timestamp":1668397767152,"stderr":true,"stdout":"\n"},"type":"ws_msg"}
{"payload":{"local_timestamp":1668397767152,"stderr":true,"stdout":"COMET INFO:     workers            : 8"},"type":"ws_msg"}
{"payload":{"local_timestamp":1668397767152,"stderr":true,"stdout":"\n"},"type":"ws_msg"}
{"payload":{"local_timestamp":1668397767152,"stderr":true,"stdout":"COMET INFO:   Uploads:"},"type":"ws_msg"}
{"payload":{"local_timestamp":1668397767152,"stderr":true,"stdout":"\n"},"type":"ws_msg"}
{"payload":{"local_timestamp":1668397767152,"stderr":true,"stdout":"COMET INFO:     asset               : 5 (849.32 KB)"},"type":"ws_msg"}
{"payload":{"local_timestamp":1668397767152,"stderr":true,"stdout":"\n"},"type":"ws_msg"}
{"payload":{"local_timestamp":1668397767152,"stderr":true,"stdout":"COMET INFO:     conda-info          : 1"},"type":"ws_msg"}
{"payload":{"local_timestamp":1668397767152,"stderr":true,"stdout":"\n"},"type":"ws_msg"}
{"payload":{"local_timestamp":1668397767152,"stderr":true,"stdout":"COMET INFO:     conda-specification : 1"},"type":"ws_msg"}
{"payload":{"local_timestamp":1668397767152,"stderr":true,"stdout":"\n"},"type":"ws_msg"}
{"payload":{"local_timestamp":1668397767153,"stderr":true,"stdout":"COMET INFO:     environment details : 1"},"type":"ws_msg"}
{"payload":{"local_timestamp":1668397767153,"stderr":true,"stdout":"\n"},"type":"ws_msg"}
{"payload":{"local_timestamp":1668397767153,"stderr":true,"stdout":"COMET INFO:     installed packages  : 1"},"type":"ws_msg"}
{"payload":{"local_timestamp":1668397767153,"stderr":true,"stdout":"\n"},"type":"ws_msg"}
{"payload":{"local_timestamp":1668397767153,"stderr":true,"stdout":"COMET INFO: ----------------------------------"},"type":"ws_msg"}
{"payload":{"local_timestamp":1668397767153,"stderr":true,"stdout":"\n"},"type":"ws_msg"}
{"payload":{"local_timestamp":1668397767153,"stderr":true,"stdout":"COMET WARNING: Experiment Name is generated at upload time for Offline Experiments unless set explicitly with Experiment.set_name"},"type":"ws_msg"}
{"payload":{"local_timestamp":1668397767153,"stderr":true,"stdout":"\n"},"type":"ws_msg"}
{"payload":{"local_timestamp":1668397767154,"stderr":true,"stdout":"COMET WARNING: Comet has disabled auto-logging functionality as it has been imported after the following ML modules: torch, tensorboard. Metrics and hyperparameters can still be logged using comet_ml.log_metrics() and comet_ml.log_parameters()"},"type":"ws_msg"}
{"payload":{"local_timestamp":1668397767154,"stderr":true,"stdout":"\n"},"type":"ws_msg"}
{"payload":{"local_timestamp":1668397767154,"log_other":{"key":"sys.already_imported_modules","val":"[\"torch\", \"tensorboard\"]"}},"type":"ws_msg"}
