{"payload":{"installed_packages":["absl-py==1.2.0","addict==2.4.0","aiohttp==3.8.1","aiosignal==1.2.0","antlr4-python3-runtime==4.9.3","anyio==3.6.1","appdirs==1.4.4","argon2-cffi-bindings==21.2.0","argon2-cffi==21.3.0","async-timeout==4.0.1","asynctest==0.13.0","attrs==21.4.0","backcall==0.2.0","beautifulsoup4==4.11.1","black==22.3.0","bleach==5.0.1","blinker==1.4","brotlipy==0.7.0","cachetools==4.2.4","certifi==2021.5.30","cffi==1.15.0","chardet==3.0.4","charset-normalizer==2.1.0","click==8.1.3","cloudpickle==2.1.0","colorama==0.4.5","comet-ml==3.31.12","commonmark==0.9.1","configobj==5.0.6","coremltools==5.2.0","cryptography==37.0.1","cuda-python==11.5.0","cupy-cuda111==11.0.0","cycler==0.10.0","cython==0.29.32","debugpy==1.6.3","decorator==5.1.1","defusedxml==0.7.1","docker-pycreds==0.4.0","dulwich==0.20.46","easydict==1.10","einops==0.4.1","ensemble-boxes==1.0.9","entrypoints==0.4","everett==3.0.0","fairscale==0.4.8","faiss-cpu==1.7.2","faiss==1.7.2","fast-ctc-decode==0.3.2","fastjsonschema==2.16.1","fastrlock==0.8","filelock==3.8.0","filterpy==1.4.5","flake8==5.0.4","flatbuffers==2.0","fonttools==4.34.4","frozenlist==1.2.0","future==0.18.2","fvcore==0.1.5.post20220512","gdown==4.5.3","gitdb==4.0.9","gitpython==3.1.27","glob2==0.7","google-auth-oauthlib==0.4.6","google-auth==1.35.0","grpcio==1.47.0","h11==0.12.0","h5py==3.7.0","httpcore==0.15.0","httpx==0.23.0","huggingface-hub==0.8.1","hydra-core==1.2.0","idna==2.10","imagecodecs==2021.11.20","imageio==2.22.2","imagesize==1.4.1","imgviz==1.5.1","importlib-metadata==4.2.0","importlib-resources==5.9.0","imutils==0.5.4","iopath==0.1.9","ipykernel==6.15.1","ipython-genutils==0.2.0","ipython==7.34.0","ipywidgets==8.0.1","iso8601==1.1.0","isort==4.3.21","jedi==0.18.1","jinja2==3.1.2","joblib==1.1.0","jsonschema==4.12.1","jstyleson==0.0.2","jupyter-client==7.3.4","jupyter-console==6.4.4","jupyter-core==4.11.1","jupyter==1.0.0","jupyterlab-pygments==0.2.2","jupyterlab-widgets==3.0.1","kiwisolver==1.3.1","labelme==5.0.2","lap==0.4.0","llvmlite==0.39.0","lmdb==1.3.0","loguru==0.6.0","lxml==4.9.1","mako==1.2.1","markdown==3.3.4","markupsafe==2.1.1","matplotlib-inline==0.1.3","matplotlib==3.2.2","mccabe==0.7.0","mistune==0.8.4","mkl-fft==1.3.0","mkl-random==1.1.1","mkl-service==2.3.0","mmcv-full==1.6.1","model-index==0.1.11","motmetrics==1.2.5","mpmath==1.2.1","multidict==5.1.0","mypy-extensions==0.4.3","natsort==8.2.0","nbclient==0.6.6","nbconvert==6.5.3","nbformat==5.4.0","nest-asyncio==1.5.5","networkx==2.6.3","nibabel==4.0.1","ninja==1.10.2.3","nltk==3.7","notebook==6.4.12","numba==0.56.0","numpy==1.21.6","nvidia-pyindex==1.0.9","oauthlib==3.2.0","omegaconf==2.2.2","onnx-simplifier==0.4.8","onnx==1.12.0","onnxoptimizer==0.3.0","onnxruntime==1.8.0","opencv-python==4.6.0.66","openmim==0.2.1","openvino-telemetry==2022.1.1","openvino==2022.1.0","ordered-set==4.1.0","packaging==21.3","pandas==1.1.5","pandocfilters==1.5.0","parasail==1.2.4","parso==0.8.3","pathspec==0.9.0","pathtools==0.1.2","pickleshare==0.7.5","pillow==9.0.1","pip==22.2.2","pkgutil-resolve-name==1.3.10","platformdirs==2.5.2","polygon-inter-union-cuda==2.1","polygon==1.0.9","portalocker==2.5.1","progress==1.6","prometheus-client==0.14.1","promise==2.3","prompt-toolkit==3.0.30","protobuf==3.19.4","psutil==5.9.1","py-cpuinfo==8.0.0","pyasn1-modules==0.2.8","pyasn1==0.4.8","pyclipper==1.3.0.post3","pycocotools==2.0.4","pycodestyle==2.9.1","pycparser==2.21","pycuda==2022.1","pydicom==2.3.0","pydot==1.4.2","pyflakes==2.5.0","pygments==2.12.0","pyjwt==2.4.0","pyopenssl==22.0.0","pyparsing==2.4.7","pyqt5-qt5==5.15.2","pyqt5-sip==12.11.0","pyqt5==5.15.7","pyrsistent==0.18.1","pysocks==1.7.1","python-dateutil==2.8.2","python-dotenv==0.20.0","pytools==2022.1.12","pytz==2022.1","pywavelets==1.3.0","pywin32==304","pywinpty==2.0.7","pyyaml==6.0","pyzmq==23.2.1","qtconsole==5.3.1","qtpy==2.2.0","qudida==0.0.4","rawpy==0.17.1","regex==2022.7.9","requests-oauthlib==1.3.1","requests-toolbelt==0.9.1","requests==2.23.0","rfc3986==1.5.0","rich==12.5.1","roboflow==0.2.11","rsa==4.9","sacremoses==0.0.53","scikit-image==0.19.3","scikit-learn==0.24.2","scipy==1.5.4","seaborn==0.11.2","semantic-version==2.10.0","send2trash==1.8.0","sentencepiece==0.1.96","sentry-sdk==1.9.0","serial==0.0.97","setproctitle==1.3.2","setuptools==61.2.0","shapely==1.8.2","shortuuid==1.0.9","six==1.16.0","smmap==5.0.0","sniffio==1.2.0","soupsieve==2.3.2.post1","sympy==1.10.1","tabulate==0.8.10","tb-nightly==2.11.0a20221030","tensorboard-data-server==0.6.1","tensorboard-plugin-wit==1.8.1","tensorboard==2.4.1","tensorboardx==2.5.1","tensorrt==8.2.5.1","termcolor==1.1.0","terminado==0.15.0","terminaltables==3.1.10","texttable==1.6.4","thop==0.1.1.post2207130030","threadpoolctl==3.1.0","tifffile==2021.11.2","timm==0.6.5","tinycss2==1.1.1","tokenizers==0.10.3","tomli==2.0.1","torch==1.8.1+cu111","torchaudio==0.8.1","torchvision==0.9.1+cu111","tornado==6.2","tqdm==4.64.0","traitlets==5.3.0","transformers==4.16.2","typed-ast==1.5.4","typing-extensions==4.3.0","urllib3==1.25.11","wcwidth==0.2.5","webencodings==0.5.1","websocket-client==1.3.3","websockets==10.3","werkzeug==2.2.0","wget==3.2","wheel==0.37.1","widgetsnbextension==4.0.1","win-inet-pton==1.1.0","win32-setctime==1.1.0","wincertstore==0.2","wrapt==1.14.1","wurlitzer==3.0.2","xmltodict==0.13.0","yacs==0.1.8","yapf==0.32.0","yarl==1.6.3","zipp==3.8.1"],"local_timestamp":1668308580916},"type":"ws_msg"}
{"payload":{"env_details":{"command":["train.py","--weights","''","--cfg","./models/yolov5s2.yaml","--data","./data/NEU.yaml"],"env":null,"hostname":"PC-202208301411","ip":"210.30.214.100","machine":"AMD64","os":"Windows-10-10.0.19041-SP0","os_release":"10","os_type":"Windows","pid":18244,"processor":"Intel64 Family 6 Model 151 Stepping 2, GenuineIntel","python_exe":"C:\\ProgramData\\Anaconda3\\envs\\torch\\python.exe","python_version":"3.7.1","python_version_verbose":"3.7.1 (default, Oct 28 2018, 08:39:03) [MSC v.1912 64 bit (AMD64)]","user":"Administrator"},"local_timestamp":1668308580924},"type":"ws_msg"}
{"payload":{"local_timestamp":1668308581031,"param":{"paramName":"weights","paramValue":"","step":null}},"type":"parameter_msg"}
{"payload":{"local_timestamp":1668308581031,"param":{"paramName":"cfg","paramValue":"./models/yolov5s2.yaml","step":null}},"type":"parameter_msg"}
{"payload":{"local_timestamp":1668308581031,"param":{"paramName":"data","paramValue":"./data/NEU.yaml","step":null}},"type":"parameter_msg"}
{"payload":{"local_timestamp":1668308581032,"metric":{"epoch":null,"metricName":"sys.cpu.percent.avg","metricValue":10.4,"step":null}},"type":"metric_msg"}
{"payload":{"local_timestamp":1668308581032,"metric":{"epoch":null,"metricName":"sys.cpu.percent.01","metricValue":8.2,"step":null}},"type":"metric_msg"}
{"payload":{"local_timestamp":1668308581032,"metric":{"epoch":null,"metricName":"sys.cpu.percent.02","metricValue":0.0,"step":null}},"type":"metric_msg"}
{"payload":{"local_timestamp":1668308581032,"metric":{"epoch":null,"metricName":"sys.cpu.percent.03","metricValue":2.1,"step":null}},"type":"metric_msg"}
{"payload":{"local_timestamp":1668308581032,"metric":{"epoch":null,"metricName":"sys.cpu.percent.04","metricValue":8.3,"step":null}},"type":"metric_msg"}
{"payload":{"local_timestamp":1668308581032,"metric":{"epoch":null,"metricName":"sys.cpu.percent.05","metricValue":6.2,"step":null}},"type":"metric_msg"}
{"payload":{"local_timestamp":1668308581032,"metric":{"epoch":null,"metricName":"sys.cpu.percent.06","metricValue":8.3,"step":null}},"type":"metric_msg"}
{"payload":{"local_timestamp":1668308581032,"metric":{"epoch":null,"metricName":"sys.cpu.percent.07","metricValue":2.1,"step":null}},"type":"metric_msg"}
{"payload":{"local_timestamp":1668308581032,"metric":{"epoch":null,"metricName":"sys.cpu.percent.08","metricValue":0.0,"step":null}},"type":"metric_msg"}
{"payload":{"local_timestamp":1668308581032,"metric":{"epoch":null,"metricName":"sys.cpu.percent.09","metricValue":4.2,"step":null}},"type":"metric_msg"}
{"payload":{"local_timestamp":1668308581032,"metric":{"epoch":null,"metricName":"sys.cpu.percent.10","metricValue":8.3,"step":null}},"type":"metric_msg"}
{"payload":{"local_timestamp":1668308581032,"metric":{"epoch":null,"metricName":"sys.cpu.percent.11","metricValue":22.9,"step":null}},"type":"metric_msg"}
{"payload":{"local_timestamp":1668308581032,"metric":{"epoch":null,"metricName":"sys.cpu.percent.12","metricValue":54.2,"step":null}},"type":"metric_msg"}
{"payload":{"local_timestamp":1668308581032,"metric":{"epoch":null,"metricName":"sys.load.avg","metricValue":0.0,"step":null}},"type":"metric_msg"}
{"payload":{"local_timestamp":1668308581032,"metric":{"epoch":null,"metricName":"sys.ram.total","metricValue":34192379904,"step":null}},"type":"metric_msg"}
{"payload":{"local_timestamp":1668308581032,"metric":{"epoch":null,"metricName":"sys.ram.used","metricValue":16041750528,"step":null}},"type":"metric_msg"}
{"payload":{"local_timestamp":1668308581032,"log_other":{"key":"offline_experiment","val":true}},"type":"ws_msg"}
{"payload":{"additional_params":{"assetId":"1f79052d88954744b8482ab6e811f671","context":null,"extension":"yaml","fileName":"NEU.yaml","overwrite":false,"runId":null,"step":null},"clean":true,"file_path":"tmpaozime_m","local_timestamp":1668308581034,"metadata":{"type":"data-config-file"},"upload_type":"asset"},"type":"file_upload"}
{"payload":{"local_timestamp":1668308581037,"log_other":{"key":"Created from","val":"YOLOv5"}},"type":"ws_msg"}
{"payload":{"local_timestamp":1668308581037,"param":{"paramName":"artifact_alias","paramValue":"latest","step":null}},"type":"parameter_msg"}
{"payload":{"local_timestamp":1668308581037,"param":{"paramName":"batch_size","paramValue":16,"step":null}},"type":"parameter_msg"}
{"payload":{"local_timestamp":1668308581037,"param":{"paramName":"bbox_interval","paramValue":-1,"step":null}},"type":"parameter_msg"}
{"payload":{"local_timestamp":1668308581037,"param":{"paramName":"bucket","paramValue":"","step":null}},"type":"parameter_msg"}
{"payload":{"local_timestamp":1668308581037,"param":{"paramName":"cache","paramValue":null,"step":null}},"type":"parameter_msg"}
{"payload":{"local_timestamp":1668308581037,"param":{"paramName":"cos_lr","paramValue":false,"step":null}},"type":"parameter_msg"}
{"payload":{"local_timestamp":1668308581037,"param":{"paramName":"device","paramValue":"","step":null}},"type":"parameter_msg"}
{"payload":{"local_timestamp":1668308581037,"param":{"paramName":"entity","paramValue":null,"step":null}},"type":"parameter_msg"}
{"payload":{"local_timestamp":1668308581037,"param":{"paramName":"epochs","paramValue":100,"step":null}},"type":"parameter_msg"}
{"payload":{"local_timestamp":1668308581037,"param":{"paramName":"evolve","paramValue":null,"step":null}},"type":"parameter_msg"}
{"payload":{"local_timestamp":1668308581037,"param":{"paramName":"exist_ok","paramValue":false,"step":null}},"type":"parameter_msg"}
{"payload":{"local_timestamp":1668308581037,"params":{"paramName":"freeze","paramValue":[0],"step":null}},"type":"parameter_msg"}
{"payload":{"local_timestamp":1668308581037,"param":{"paramName":"hyp","paramValue":"{\"anchor_t\": 4.0, \"box\": 0.05, \"cls\": 0.5, \"cls_pw\": 1.0, \"copy_paste\": 0.0, \"degrees\": 0.0, \"fl_gamma\": 0.0, \"fliplr\": 0.5, \"flipud\": 0.0, \"hsv_h\": 0.015, \"hsv_s\": 0.7, \"hsv_v\": 0.4, \"iou_t\": 0.2, \"lr0\": 0.01, \"lrf\": 0.01, \"mixup\": 0.0, \"momentum\": 0.937, \"mosaic\": 1.0, \"obj\": 1.0, \"obj_pw\": 1.0, \"perspective\": 0.0, \"scale\": 0.5, \"shear\": 0.0, \"translate\": 0.1, \"warmup_bias_lr\": 0.1, \"warmup_epochs\": 3.0, \"warmup_momentum\": 0.8, \"weight_decay\": 0.0005}","step":null}},"type":"parameter_msg"}
{"payload":{"local_timestamp":1668308581037,"param":{"paramName":"image_weights","paramValue":false,"step":null}},"type":"parameter_msg"}
{"payload":{"local_timestamp":1668308581037,"param":{"paramName":"imgsz","paramValue":640,"step":null}},"type":"parameter_msg"}
{"payload":{"local_timestamp":1668308581037,"param":{"paramName":"label_smoothing","paramValue":0.0,"step":null}},"type":"parameter_msg"}
{"payload":{"local_timestamp":1668308581037,"param":{"paramName":"local_rank","paramValue":-1,"step":null}},"type":"parameter_msg"}
{"payload":{"local_timestamp":1668308581037,"param":{"paramName":"multi_scale","paramValue":false,"step":null}},"type":"parameter_msg"}
{"payload":{"local_timestamp":1668308581037,"param":{"paramName":"name","paramValue":"exp","step":null}},"type":"parameter_msg"}
{"payload":{"local_timestamp":1668308581037,"param":{"paramName":"noautoanchor","paramValue":false,"step":null}},"type":"parameter_msg"}
{"payload":{"local_timestamp":1668308581037,"param":{"paramName":"noplots","paramValue":false,"step":null}},"type":"parameter_msg"}
{"payload":{"local_timestamp":1668308581037,"param":{"paramName":"nosave","paramValue":false,"step":null}},"type":"parameter_msg"}
{"payload":{"local_timestamp":1668308581037,"param":{"paramName":"noval","paramValue":false,"step":null}},"type":"parameter_msg"}
{"payload":{"local_timestamp":1668308581037,"param":{"paramName":"optimizer","paramValue":"SGD","step":null}},"type":"parameter_msg"}
{"payload":{"local_timestamp":1668308581037,"param":{"paramName":"patience","paramValue":100,"step":null}},"type":"parameter_msg"}
{"payload":{"local_timestamp":1668308581037,"param":{"paramName":"project","paramValue":"runs\\train","step":null}},"type":"parameter_msg"}
{"payload":{"local_timestamp":1668308581037,"param":{"paramName":"quad","paramValue":false,"step":null}},"type":"parameter_msg"}
{"payload":{"local_timestamp":1668308581037,"param":{"paramName":"rect","paramValue":false,"step":null}},"type":"parameter_msg"}
{"payload":{"local_timestamp":1668308581037,"param":{"paramName":"resume","paramValue":false,"step":null}},"type":"parameter_msg"}
{"payload":{"local_timestamp":1668308581037,"param":{"paramName":"save_dir","paramValue":"runs\\train\\exp2","step":null}},"type":"parameter_msg"}
{"payload":{"local_timestamp":1668308581037,"param":{"paramName":"save_period","paramValue":-1,"step":null}},"type":"parameter_msg"}
{"payload":{"local_timestamp":1668308581037,"param":{"paramName":"seed","paramValue":0,"step":null}},"type":"parameter_msg"}
{"payload":{"local_timestamp":1668308581037,"param":{"paramName":"single_cls","paramValue":false,"step":null}},"type":"parameter_msg"}
{"payload":{"local_timestamp":1668308581037,"param":{"paramName":"sync_bn","paramValue":false,"step":null}},"type":"parameter_msg"}
{"payload":{"local_timestamp":1668308581037,"param":{"paramName":"upload_dataset","paramValue":false,"step":null}},"type":"parameter_msg"}
{"payload":{"local_timestamp":1668308581037,"param":{"paramName":"weights","paramValue":"''","step":null}},"type":"parameter_msg"}
{"payload":{"local_timestamp":1668308581037,"param":{"paramName":"workers","paramValue":8,"step":null}},"type":"parameter_msg"}
{"payload":{"local_timestamp":1668308581037,"param":{"paramName":"anchor_t","paramValue":4.0,"step":null}},"type":"parameter_msg"}
{"payload":{"local_timestamp":1668308581037,"param":{"paramName":"box","paramValue":0.05,"step":null}},"type":"parameter_msg"}
{"payload":{"local_timestamp":1668308581037,"param":{"paramName":"cls","paramValue":0.5,"step":null}},"type":"parameter_msg"}
{"payload":{"local_timestamp":1668308581037,"param":{"paramName":"cls_pw","paramValue":1.0,"step":null}},"type":"parameter_msg"}
{"payload":{"local_timestamp":1668308581037,"param":{"paramName":"copy_paste","paramValue":0.0,"step":null}},"type":"parameter_msg"}
{"payload":{"local_timestamp":1668308581037,"param":{"paramName":"degrees","paramValue":0.0,"step":null}},"type":"parameter_msg"}
{"payload":{"local_timestamp":1668308581037,"param":{"paramName":"fl_gamma","paramValue":0.0,"step":null}},"type":"parameter_msg"}
{"payload":{"local_timestamp":1668308581037,"param":{"paramName":"fliplr","paramValue":0.5,"step":null}},"type":"parameter_msg"}
{"payload":{"local_timestamp":1668308581037,"param":{"paramName":"flipud","paramValue":0.0,"step":null}},"type":"parameter_msg"}
{"payload":{"local_timestamp":1668308581037,"param":{"paramName":"hsv_h","paramValue":0.015,"step":null}},"type":"parameter_msg"}
{"payload":{"local_timestamp":1668308581037,"param":{"paramName":"hsv_s","paramValue":0.7,"step":null}},"type":"parameter_msg"}
{"payload":{"local_timestamp":1668308581037,"param":{"paramName":"hsv_v","paramValue":0.4,"step":null}},"type":"parameter_msg"}
{"payload":{"local_timestamp":1668308581037,"param":{"paramName":"iou_t","paramValue":0.2,"step":null}},"type":"parameter_msg"}
{"payload":{"local_timestamp":1668308581037,"param":{"paramName":"lr0","paramValue":0.01,"step":null}},"type":"parameter_msg"}
{"payload":{"local_timestamp":1668308581037,"param":{"paramName":"lrf","paramValue":0.01,"step":null}},"type":"parameter_msg"}
{"payload":{"local_timestamp":1668308581037,"param":{"paramName":"mixup","paramValue":0.0,"step":null}},"type":"parameter_msg"}
{"payload":{"local_timestamp":1668308581037,"param":{"paramName":"momentum","paramValue":0.937,"step":null}},"type":"parameter_msg"}
{"payload":{"local_timestamp":1668308581037,"param":{"paramName":"mosaic","paramValue":1.0,"step":null}},"type":"parameter_msg"}
{"payload":{"local_timestamp":1668308581037,"param":{"paramName":"obj","paramValue":1.0,"step":null}},"type":"parameter_msg"}
{"payload":{"local_timestamp":1668308581038,"param":{"paramName":"obj_pw","paramValue":1.0,"step":null}},"type":"parameter_msg"}
{"payload":{"local_timestamp":1668308581038,"param":{"paramName":"perspective","paramValue":0.0,"step":null}},"type":"parameter_msg"}
{"payload":{"local_timestamp":1668308581038,"param":{"paramName":"scale","paramValue":0.5,"step":null}},"type":"parameter_msg"}
{"payload":{"local_timestamp":1668308581038,"param":{"paramName":"shear","paramValue":0.0,"step":null}},"type":"parameter_msg"}
{"payload":{"local_timestamp":1668308581038,"param":{"paramName":"translate","paramValue":0.1,"step":null}},"type":"parameter_msg"}
{"payload":{"local_timestamp":1668308581038,"param":{"paramName":"warmup_bias_lr","paramValue":0.1,"step":null}},"type":"parameter_msg"}
{"payload":{"local_timestamp":1668308581038,"param":{"paramName":"warmup_epochs","paramValue":3.0,"step":null}},"type":"parameter_msg"}
{"payload":{"local_timestamp":1668308581038,"param":{"paramName":"warmup_momentum","paramValue":0.8,"step":null}},"type":"parameter_msg"}
{"payload":{"local_timestamp":1668308581038,"param":{"paramName":"weight_decay","paramValue":0.0005,"step":null}},"type":"parameter_msg"}
{"payload":{"additional_params":{"assetId":"f08268658ff9418bbcfc2740ef88d360","context":null,"epoch":null,"extension":"json","fileName":"hyperparameters.json","overwrite":false,"runId":null,"step":null},"clean":true,"file_path":"tmpqjkb1rz6","local_timestamp":1668308581049,"metadata":{"type":"hyp-config-file"},"upload_type":"asset"},"type":"file_upload"}
{"payload":{"additional_params":{"assetId":"10a45df1f4da4d6eba5a54c35e578c9a","context":null,"extension":"yaml","fileName":"opt.yaml","overwrite":false,"runId":null,"step":null},"clean":true,"file_path":"tmpvrhy7z53","local_timestamp":1668308581038,"metadata":{"type":"opt-config-file"},"upload_type":"asset"},"type":"file_upload"}
{"payload":{"local_timestamp":1668308581039,"param":{"paramName":"val_conf_threshold","paramValue":0.001,"step":null}},"type":"parameter_msg"}
{"payload":{"local_timestamp":1668308581039,"param":{"paramName":"val_iou_threshold","paramValue":0.6,"step":null}},"type":"parameter_msg"}
{"payload":{"local_timestamp":1668308581039,"log_other":{"key":"comet_mode","val":"online"}},"type":"ws_msg"}
{"payload":{"local_timestamp":1668308581039,"log_other":{"key":"comet_max_image_uploads","val":100}},"type":"ws_msg"}
{"payload":{"local_timestamp":1668308581039,"log_other":{"key":"comet_log_per_class_metrics","val":false}},"type":"ws_msg"}
{"payload":{"local_timestamp":1668308581039,"log_other":{"key":"comet_log_batch_metrics","val":false}},"type":"ws_msg"}
{"payload":{"local_timestamp":1668308581039,"log_other":{"key":"comet_log_confusion_matrix","val":true}},"type":"ws_msg"}
{"payload":{"local_timestamp":1668308581039,"log_other":{"key":"comet_model_name","val":"yolov5"}},"type":"ws_msg"}
{"payload":{"local_timestamp":1668308581047,"stderr":true,"stdout":"Overriding model.yaml nc=80 with nc=6"},"type":"ws_msg"}
{"payload":{"local_timestamp":1668308581047,"stderr":true,"stdout":"\n"},"type":"ws_msg"}
{"payload":{"local_timestamp":1668308581047,"stderr":true,"stdout":"\n                 from  n    params  module                                  arguments                     "},"type":"ws_msg"}
{"payload":{"local_timestamp":1668308581048,"stderr":true,"stdout":"\n"},"type":"ws_msg"}
{"payload":{"local_timestamp":1668308581048,"stderr":true,"stdout":"  0                -1  1      3520  models.common.Conv                      [3, 32, 6, 2, 2]              "},"type":"ws_msg"}
{"payload":{"local_timestamp":1668308581049,"stderr":true,"stdout":"\n"},"type":"ws_msg"}
{"payload":{"local_timestamp":1668308581049,"stderr":true,"stdout":"  1                -1  1     18560  models.common.Conv                      [32, 64, 3, 2]                "},"type":"ws_msg"}
{"payload":{"local_timestamp":1668308581049,"stderr":true,"stdout":"\n"},"type":"ws_msg"}
{"payload":{"local_timestamp":1668308581050,"stderr":true,"stdout":"  2                -1  1     18816  models.common.C3                        [64, 64, 1]                   "},"type":"ws_msg"}
{"payload":{"local_timestamp":1668308581050,"stderr":true,"stdout":"\n"},"type":"ws_msg"}
{"payload":{"local_timestamp":1668308581051,"stderr":true,"stdout":"  3                -1  1     73984  models.common.Conv                      [64, 128, 3, 2]               "},"type":"ws_msg"}
{"payload":{"local_timestamp":1668308581051,"stderr":true,"stdout":"\n"},"type":"ws_msg"}
{"payload":{"local_timestamp":1668308581052,"stderr":true,"stdout":"  4                -1  2    115712  models.common.C3                        [128, 128, 2]                 "},"type":"ws_msg"}
{"payload":{"local_timestamp":1668308581052,"stderr":true,"stdout":"\n"},"type":"ws_msg"}
{"payload":{"local_timestamp":1668308581054,"stderr":true,"stdout":"  5                -1  1    295424  models.common.Conv                      [128, 256, 3, 2]              "},"type":"ws_msg"}
{"payload":{"local_timestamp":1668308581054,"stderr":true,"stdout":"\n"},"type":"ws_msg"}
{"payload":{"local_timestamp":1668308581057,"stderr":true,"stdout":"  6                -1  3    625152  models.common.C3                        [256, 256, 3]                 "},"type":"ws_msg"}
{"payload":{"local_timestamp":1668308581057,"stderr":true,"stdout":"\n"},"type":"ws_msg"}
{"payload":{"local_timestamp":1668308581061,"stderr":true,"stdout":"  7                -1  1   1180672  models.common.Conv                      [256, 512, 3, 2]              "},"type":"ws_msg"}
{"payload":{"local_timestamp":1668308581061,"stderr":true,"stdout":"\n"},"type":"ws_msg"}
{"payload":{"local_timestamp":1668308581068,"stderr":true,"stdout":"  8                -1  1    861464  models.common.C3CA                      [512, 512, 1]                 "},"type":"ws_msg"}
{"payload":{"local_timestamp":1668308581068,"stderr":true,"stdout":"\n"},"type":"ws_msg"}
{"payload":{"local_timestamp":1668308581070,"stderr":true,"stdout":"  9                -1  1    656896  models.common.SPPF                      [512, 512, 5]                 "},"type":"ws_msg"}
{"payload":{"local_timestamp":1668308581070,"stderr":true,"stdout":"\n"},"type":"ws_msg"}
{"payload":{"local_timestamp":1668308581071,"stderr":true,"stdout":" 10                -1  1    131584  models.common.Conv                      [512, 256, 1, 1]              "},"type":"ws_msg"}
{"payload":{"local_timestamp":1668308581071,"stderr":true,"stdout":"\n"},"type":"ws_msg"}
{"payload":{"local_timestamp":1668308581071,"stderr":true,"stdout":" 11                -1  1         0  torch.nn.modules.upsampling.Upsample    [None, 2, 'nearest']          "},"type":"ws_msg"}
{"payload":{"local_timestamp":1668308581071,"stderr":true,"stdout":"\n"},"type":"ws_msg"}
{"payload":{"local_timestamp":1668308581072,"stderr":true,"stdout":" 12           [-1, 6]  1         0  models.common.Concat                    [1]                           "},"type":"ws_msg"}
{"payload":{"local_timestamp":1668308581072,"stderr":true,"stdout":"\n"},"type":"ws_msg"}
{"payload":{"local_timestamp":1668308581073,"stderr":true,"stdout":" 13                -1  1    361984  models.common.C3                        [512, 256, 1, False]          "},"type":"ws_msg"}
{"payload":{"local_timestamp":1668308581074,"stderr":true,"stdout":"\n"},"type":"ws_msg"}
{"payload":{"local_timestamp":1668308581074,"stderr":true,"stdout":" 14                -1  1     33024  models.common.Conv                      [256, 128, 1, 1]              "},"type":"ws_msg"}
{"payload":{"local_timestamp":1668308581074,"stderr":true,"stdout":"\n"},"type":"ws_msg"}
{"payload":{"local_timestamp":1668308581074,"stderr":true,"stdout":" 15                -1  1         0  torch.nn.modules.upsampling.Upsample    [None, 2, 'nearest']          "},"type":"ws_msg"}
{"payload":{"local_timestamp":1668308581074,"stderr":true,"stdout":"\n"},"type":"ws_msg"}
{"payload":{"local_timestamp":1668308581074,"stderr":true,"stdout":" 16           [-1, 4]  1         0  models.common.Concat                    [1]                           "},"type":"ws_msg"}
{"payload":{"local_timestamp":1668308581074,"stderr":true,"stdout":"\n"},"type":"ws_msg"}
{"payload":{"local_timestamp":1668308581075,"stderr":true,"stdout":" 17                -1  1     90880  models.common.C3                        [256, 128, 1, False]          "},"type":"ws_msg"}
{"payload":{"local_timestamp":1668308581075,"stderr":true,"stdout":"\n"},"type":"ws_msg"}
{"payload":{"local_timestamp":1668308581076,"stderr":true,"stdout":" 18                -1  1      8320  models.common.Conv                      [128, 64, 1, 1]               "},"type":"ws_msg"}
{"payload":{"local_timestamp":1668308581076,"stderr":true,"stdout":"\n"},"type":"ws_msg"}
{"payload":{"local_timestamp":1668308581076,"stderr":true,"stdout":" 19                -1  1         0  torch.nn.modules.upsampling.Upsample    [None, 2, 'nearest']          "},"type":"ws_msg"}
{"payload":{"local_timestamp":1668308581076,"stderr":true,"stdout":"\n"},"type":"ws_msg"}
{"payload":{"local_timestamp":1668308581076,"stderr":true,"stdout":" 20           [-1, 2]  1         0  models.common.Concat                    [1]                           "},"type":"ws_msg"}
{"payload":{"local_timestamp":1668308581076,"stderr":true,"stdout":"\n"},"type":"ws_msg"}
{"payload":{"local_timestamp":1668308581077,"stderr":true,"stdout":" 21                -1  1     22912  models.common.C3                        [128, 64, 1, False]           "},"type":"ws_msg"}
{"payload":{"local_timestamp":1668308581077,"stderr":true,"stdout":"\n"},"type":"ws_msg"}
{"payload":{"local_timestamp":1668308581077,"stderr":true,"stdout":" 22                -1  1     36992  models.common.Conv                      [64, 64, 3, 2]                "},"type":"ws_msg"}
{"payload":{"local_timestamp":1668308581077,"stderr":true,"stdout":"\n"},"type":"ws_msg"}
{"payload":{"local_timestamp":1668308581077,"stderr":true,"stdout":" 23       [-1, 18, 4]  1         0  models.common.Concat                    [1]                           "},"type":"ws_msg"}
{"payload":{"local_timestamp":1668308581078,"stderr":true,"stdout":"\n"},"type":"ws_msg"}
{"payload":{"local_timestamp":1668308581079,"stderr":true,"stdout":" 24                -1  1     90880  models.common.C3                        [256, 128, 1, False]          "},"type":"ws_msg"}
{"payload":{"local_timestamp":1668308581079,"stderr":true,"stdout":"\n"},"type":"ws_msg"}
{"payload":{"local_timestamp":1668308581079,"stderr":true,"stdout":" 25                -1  1      3352  models.common.CA                        [128, 128]                    "},"type":"ws_msg"}
{"payload":{"local_timestamp":1668308581079,"stderr":true,"stdout":"\n"},"type":"ws_msg"}
{"payload":{"local_timestamp":1668308581080,"stderr":true,"stdout":" 26                -1  1    147712  models.common.Conv                      [128, 128, 3, 2]              "},"type":"ws_msg"}
{"payload":{"local_timestamp":1668308581080,"stderr":true,"stdout":"\n"},"type":"ws_msg"}
{"payload":{"local_timestamp":1668308581080,"stderr":true,"stdout":" 27       [-1, 14, 6]  1         0  models.common.Concat                    [1]                           "},"type":"ws_msg"}
{"payload":{"local_timestamp":1668308581080,"stderr":true,"stdout":"\n"},"type":"ws_msg"}
{"payload":{"local_timestamp":1668308581082,"stderr":true,"stdout":" 28                -1  1    361984  models.common.C3                        [512, 256, 1, False]          "},"type":"ws_msg"}
{"payload":{"local_timestamp":1668308581082,"stderr":true,"stdout":"\n"},"type":"ws_msg"}
{"payload":{"local_timestamp":1668308581083,"stderr":true,"stdout":" 29                -1  1      6680  models.common.CA                        [256, 256]                    "},"type":"ws_msg"}
{"payload":{"local_timestamp":1668308581083,"stderr":true,"stdout":"\n"},"type":"ws_msg"}
{"payload":{"local_timestamp":1668308581085,"stderr":true,"stdout":" 30                -1  1    590336  models.common.Conv                      [256, 256, 3, 2]              "},"type":"ws_msg"}
{"payload":{"local_timestamp":1668308581085,"stderr":true,"stdout":"\n"},"type":"ws_msg"}
{"payload":{"local_timestamp":1668308581085,"stderr":true,"stdout":" 31       [-1, 10, 8]  1         0  models.common.Concat                    [1]                           "},"type":"ws_msg"}
{"payload":{"local_timestamp":1668308581085,"stderr":true,"stdout":"\n"},"type":"ws_msg"}
{"payload":{"local_timestamp":1668308581091,"stderr":true,"stdout":" 32                -1  1   1444864  models.common.C3                        [1024, 512, 1, False]         "},"type":"ws_msg"}
{"payload":{"local_timestamp":1668308581091,"stderr":true,"stdout":"\n"},"type":"ws_msg"}
{"payload":{"local_timestamp":1668308581091,"stderr":true,"stdout":" 33                -1  1     25648  models.common.CA                        [512, 512]                    "},"type":"ws_msg"}
{"payload":{"local_timestamp":1668308581092,"stderr":true,"stdout":"\n"},"type":"ws_msg"}
{"payload":{"local_timestamp":1668308581092,"stderr":true,"stdout":" 34  [21, 25, 28, 33]  1     31812  models.yolo.Detect                      [6, [[0, 1, 2, 3, 4, 5], [0, 1, 2, 3, 4, 5], [0, 1, 2, 3, 4, 5], [0, 1, 2, 3, 4, 5]], [64, 128, 256, 512]]"},"type":"ws_msg"}
{"payload":{"local_timestamp":1668308581092,"stderr":true,"stdout":"\n"},"type":"ws_msg"}
{"payload":{"local_timestamp":1668308581219,"stderr":true,"stdout":"YOLOv5s2 summary: 293 layers, 7239164 parameters, 7239164 gradients, 19.3 GFLOPs"},"type":"ws_msg"}
{"payload":{"local_timestamp":1668308581219,"stderr":true,"stdout":"\n"},"type":"ws_msg"}
{"payload":{"local_timestamp":1668308581219,"stderr":true,"stdout":"\n"},"type":"ws_msg"}
{"payload":{"local_timestamp":1668308581880,"stderr":true,"stdout":"COMET WARNING: Unknown error exporting current conda environment"},"type":"ws_msg"}
{"payload":{"local_timestamp":1668308581880,"stderr":true,"stdout":"\n"},"type":"ws_msg"}
{"payload":{"additional_params":{"assetId":"0de753aa67334872b26a5f23a6aae250","context":null,"epoch":null,"extension":"txt","fileName":"conda-spec.txt","overwrite":false,"runId":null,"step":null,"type":"conda-specification"},"clean":true,"file_path":"tmp_aajnvvc","local_timestamp":1668308582112,"metadata":{},"upload_type":"conda-specification"},"type":"file_upload"}
{"payload":{"additional_params":{"assetId":"6305f1307cf147d1981e031fa1cfc83b","context":null,"epoch":null,"extension":"yml","fileName":"conda-info.yml","overwrite":false,"runId":null,"step":null,"type":"conda-info"},"clean":true,"file_path":"tmp0z8fdg8k","local_timestamp":1668308582386,"metadata":{},"upload_type":"conda-info"},"type":"file_upload"}
{"payload":{"local_timestamp":1668308583264,"stderr":true,"stdout":"\u001b[34m\u001b[1mAMP: \u001b[0mchecks passed "},"type":"ws_msg"}
{"payload":{"local_timestamp":1668308583265,"stderr":true,"stdout":"\n"},"type":"ws_msg"}
{"payload":{"local_timestamp":1668308583268,"stderr":true,"stdout":"\u001b[34m\u001b[1moptimizer:\u001b[0m SGD(lr=0.01) with parameter groups 73 weight(decay=0.0), 85 weight(decay=0.0005), 89 bias"},"type":"ws_msg"}
{"payload":{"local_timestamp":1668308583268,"stderr":true,"stdout":"\n"},"type":"ws_msg"}
{"payload":{"local_timestamp":1668308583398,"stderr":true,"stdout":"\r\u001b[34m\u001b[1mtrain: \u001b[0mScanning 'C:\\DATA\\NEU\\labels\\train.cache' images and labels... 1440 found, 0 missing, 0 empty, 0 corrupt: 100%|\u2588\u2588\u2588\u2588\u2588\u2588\u2588\u2588\u2588\u2588| 1440/1440 [00:00<?, ?it/s]                                   \u001b[0m"},"type":"ws_msg"}
{"payload":{"local_timestamp":1668308583398,"stderr":true,"stdout":"\r\u001b[34m\u001b[1mtrain: \u001b[0mScanning 'C:\\DATA\\NEU\\labels\\train.cache' images and labels... 1440 found, 0 missing, 0 empty, 0 corrupt: 100%|\u2588\u2588\u2588\u2588\u2588\u2588\u2588\u2588\u2588\u2588| 1440/1440 [00:00<?, ?it/s]                                   \u001b[0m"},"type":"ws_msg"}
{"payload":{"local_timestamp":1668308583398,"stderr":true,"stdout":"\n"},"type":"ws_msg"}
{"payload":{"local_timestamp":1668308583398,"stderr":true,"stdout":"\u001b[34m\u001b[1mtrain: \u001b[0mWARNING: C:\\DATA\\NEU\\images\\train\\patches_198.jpg: 1 duplicate labels removed"},"type":"ws_msg"}
{"payload":{"local_timestamp":1668308583399,"stderr":true,"stdout":"\n"},"type":"ws_msg"}
{"payload":{"local_timestamp":1668308596586,"stderr":true,"stdout":"\r\u001b[34m\u001b[1mval: \u001b[0mScanning 'C:\\DATA\\NEU\\labels\\val.cache' images and labels... 180 found, 0 missing, 0 empty, 0 corrupt: 100%|\u2588\u2588\u2588\u2588\u2588\u2588\u2588\u2588\u2588\u2588| 180/180 [00:00<?, ?it/s]                                          \u001b[0m"},"type":"ws_msg"}
{"payload":{"local_timestamp":1668308596587,"stderr":true,"stdout":"\r\u001b[34m\u001b[1mval: \u001b[0mScanning 'C:\\DATA\\NEU\\labels\\val.cache' images and labels... 180 found, 0 missing, 0 empty, 0 corrupt: 100%|\u2588\u2588\u2588\u2588\u2588\u2588\u2588\u2588\u2588\u2588| 180/180 [00:00<?, ?it/s]                                          \u001b[0m"},"type":"ws_msg"}
{"payload":{"local_timestamp":1668308596587,"stderr":true,"stdout":"\n"},"type":"ws_msg"}
{"payload":{"local_timestamp":1668308596588,"stderr":true,"stdout":"\u001b[34m\u001b[1mtest: \u001b[0mWARNING: C:\\DATA\\NEU\\images\\val\\inclusion_62.jpg: 1 duplicate labels removed"},"type":"ws_msg"}
{"payload":{"local_timestamp":1668308596588,"stderr":true,"stdout":"\n"},"type":"ws_msg"}
{"payload":{"local_timestamp":1668308617725,"stderr":true,"stdout":"\n\u001b[34m\u001b[1mAutoAnchor: \u001b[0m0.00 anchors/target, 0.000 Best Possible Recall (BPR). Anchors are a poor fit to dataset , attempting to improve..."},"type":"ws_msg"}
{"payload":{"local_timestamp":1668308617725,"stderr":true,"stdout":"\n"},"type":"ws_msg"}
{"payload":{"local_timestamp":1668308617731,"stderr":true,"stdout":"\u001b[34m\u001b[1mAutoAnchor: \u001b[0mRunning kmeans for 12 anchors on 3363 points..."},"type":"ws_msg"}
{"payload":{"local_timestamp":1668308617731,"stderr":true,"stdout":"\n"},"type":"ws_msg"}
{"payload":{"local_timestamp":1668308617889,"stderr":true,"stdout":"\r  0%|          | 0/1000 [00:00<?, ?it/s]                                                                                                                                                       "},"type":"ws_msg"}
{"payload":{"local_timestamp":1668308617993,"stderr":true,"stdout":"\r\u001b[34m\u001b[1mAutoAnchor: \u001b[0mEvolving anchors with Genetic Algorithm: fitness = 0.7762:  15%|\u2588\u258c        | 151/1000 [00:00<00:00, 1510.00it/s]                                                                    \u001b[0m"},"type":"ws_msg"}
{"payload":{"local_timestamp":1668308618096,"stderr":true,"stdout":"\r\u001b[34m\u001b[1mAutoAnchor: \u001b[0mEvolving anchors with Genetic Algorithm: fitness = 0.7795:  30%|\u2588\u2588\u2588       | 302/1000 [00:00<00:00, 1458.52it/s]                                                                    \u001b[0m"},"type":"ws_msg"}
{"payload":{"local_timestamp":1668308618201,"stderr":true,"stdout":"\r\u001b[34m\u001b[1mAutoAnchor: \u001b[0mEvolving anchors with Genetic Algorithm: fitness = 0.7813:  45%|\u2588\u2588\u2588\u2588\u258c     | 454/1000 [00:00<00:00, 1453.51it/s]                                                                    \u001b[0m"},"type":"ws_msg"}
{"payload":{"local_timestamp":1668308618300,"stderr":true,"stdout":"\r\u001b[34m\u001b[1mAutoAnchor: \u001b[0mEvolving anchors with Genetic Algorithm: fitness = 0.7832:  62%|\u2588\u2588\u2588\u2588\u2588\u2588\u258f   | 616/1000 [00:00<00:00, 1517.60it/s]                                                                    \u001b[0m"},"type":"ws_msg"}
{"payload":{"local_timestamp":1668308618401,"stderr":true,"stdout":"\r\u001b[34m\u001b[1mAutoAnchor: \u001b[0mEvolving anchors with Genetic Algorithm: fitness = 0.7842:  79%|\u2588\u2588\u2588\u2588\u2588\u2588\u2588\u2589  | 788/1000 [00:00<00:00, 1583.81it/s]                                                                    \u001b[0m"},"type":"ws_msg"}
{"payload":{"local_timestamp":1668308618501,"stderr":true,"stdout":"\r\u001b[34m\u001b[1mAutoAnchor: \u001b[0mEvolving anchors with Genetic Algorithm: fitness = 0.7848:  99%|\u2588\u2588\u2588\u2588\u2588\u2588\u2588\u2588\u2588\u2589| 994/1000 [00:00<00:00, 1743.62it/s]                                                                    \u001b[0m"},"type":"ws_msg"}
{"payload":{"local_timestamp":1668308618505,"stderr":true,"stdout":"\r\u001b[34m\u001b[1mAutoAnchor: \u001b[0mEvolving anchors with Genetic Algorithm: fitness = 0.7848: 100%|\u2588\u2588\u2588\u2588\u2588\u2588\u2588\u2588\u2588\u2588| 1000/1000 [00:00<00:00, 1623.38it/s]                                                                   \u001b[0m"},"type":"ws_msg"}
{"payload":{"local_timestamp":1668308618505,"stderr":true,"stdout":"\n"},"type":"ws_msg"}
{"payload":{"local_timestamp":1668308618507,"stderr":true,"stdout":"\u001b[34m\u001b[1mAutoAnchor: \u001b[0mthr=0.25: 0.9994 best possible recall, 8.31 anchors past thr\n\u001b[34m\u001b[1mAutoAnchor: \u001b[0mn=12, img_size=640, metric_all=0.379/0.785-mean/best, past_thr=0.471-mean: 61,117, 75,224, 149,127, 49,557, 171,230, 354,161, 111,544, 233,328, 489,217, 222,542, 426,340, 565,594"},"type":"ws_msg"}
{"payload":{"local_timestamp":1668308618507,"stderr":true,"stdout":"\n"},"type":"ws_msg"}
{"payload":{"local_timestamp":1668308618510,"stderr":true,"stdout":"\u001b[34m\u001b[1mAutoAnchor: \u001b[0mDone  (optional: update model *.yaml to use these anchors in the future)"},"type":"ws_msg"}
{"payload":{"local_timestamp":1668308618510,"stderr":true,"stdout":"\n"},"type":"ws_msg"}
{"payload":{"local_timestamp":1668308618517,"stderr":true,"stdout":"Plotting labels to runs\\train\\exp2\\labels.jpg... "},"type":"ws_msg"}
{"payload":{"local_timestamp":1668308618517,"stderr":true,"stdout":"\n"},"type":"ws_msg"}
{"payload":{"additional_params":{"assetId":"39229ff171964622816c749f46ed2a3d","context":null,"extension":"jpg","fileName":"labels.jpg","overwrite":false,"runId":null,"step":null},"clean":true,"file_path":"tmps1b7bse4","local_timestamp":1668308620088,"metadata":{},"upload_type":"asset"},"type":"file_upload"}
{"payload":{"additional_params":{"assetId":"a39c9e4ccfb346f38d84cb4874811b12","context":null,"extension":"jpg","fileName":"labels_correlogram.jpg","overwrite":false,"runId":null,"step":null},"clean":true,"file_path":"tmpvkkbjg33","local_timestamp":1668308620090,"metadata":{},"upload_type":"asset"},"type":"file_upload"}
{"payload":{"local_timestamp":1668308620092,"param":{"paramName":"box","paramValue":0.037500000000000006,"step":null}},"type":"parameter_msg"}
{"payload":{"local_timestamp":1668308620092,"param":{"paramName":"cls","paramValue":0.028124999999999997,"step":null}},"type":"parameter_msg"}
{"payload":{"local_timestamp":1668308620092,"param":{"paramName":"obj","paramValue":0.75,"step":null}},"type":"parameter_msg"}
{"payload":{"local_timestamp":1668308620092,"stderr":true,"stdout":"Image sizes 640 train, 640 val\nUsing 8 dataloader workers\nLogging results to \u001b[1mruns\\train\\exp2\u001b[0m\nStarting training for 100 epochs..."},"type":"ws_msg"}
{"payload":{"local_timestamp":1668308620092,"stderr":true,"stdout":"\n"},"type":"ws_msg"}
{"payload":{"local_timestamp":1668308620093,"stderr":true,"stdout":"\n      Epoch    GPU_mem   box_loss   obj_loss   cls_loss  Instances       Size"},"type":"ws_msg"}
{"payload":{"local_timestamp":1668308620093,"stderr":true,"stdout":"\n"},"type":"ws_msg"}
{"payload":{"local_timestamp":1668308620093,"stderr":true,"stdout":"\r  0%|          | 0/90 [00:00<?, ?it/s]                                                                                                                                                         "},"type":"ws_msg"}
{"payload":{"local_timestamp":1668308620761,"stderr":true,"stdout":"\r       0/99      4.52G    0.09994    0.01342    0.05251         83        640:   0%|          | 0/90 [00:00<?, ?it/s]                                                                          "},"type":"ws_msg"}
{"payload":{"local_timestamp":1668308622159,"stderr":true,"stdout":"\r       0/99      4.52G    0.09994    0.01342    0.05251         83        640:   1%|          | 1/90 [00:02<03:02,  2.05s/it]                                                                  "},"type":"ws_msg"}
{"payload":{"local_timestamp":1668308622478,"stderr":true,"stdout":"\r       0/99      4.59G     0.1006    0.01201    0.05273         62        640:   1%|          | 1/90 [00:02<03:02,  2.05s/it]                                                                  "},"type":"ws_msg"}
{"payload":{"local_timestamp":1668308622479,"stderr":true,"stdout":"\r       0/99      4.59G     0.1006    0.01201    0.05273         62        640:   2%|\u258f         | 2/90 [00:02<01:31,  1.04s/it]                                                                  "},"type":"ws_msg"}
{"payload":{"local_timestamp":1668308622765,"stderr":true,"stdout":"\r       0/99      4.59G    0.09988    0.01133    0.05277         50        640:   2%|\u258f         | 2/90 [00:02<01:31,  1.04s/it]                                                                  "},"type":"ws_msg"}
{"payload":{"local_timestamp":1668308622766,"stderr":true,"stdout":"\r       0/99      4.59G    0.09988    0.01133    0.05277         50        640:   3%|\u258e         | 3/90 [00:02<01:00,  1.44it/s]                                                                  "},"type":"ws_msg"}
{"payload":{"local_timestamp":1668308623059,"stderr":true,"stdout":"\r       0/99      4.59G    0.09928    0.01141    0.05278         62        640:   3%|\u258e         | 3/90 [00:02<01:00,  1.44it/s]                                                                  "},"type":"ws_msg"}
{"payload":{"local_timestamp":1668308623059,"stderr":true,"stdout":"\r       0/99      4.59G    0.09928    0.01141    0.05278         62        640:   4%|\u258d         | 4/90 [00:02<00:46,  1.86it/s]                                                                  "},"type":"ws_msg"}
{"payload":{"local_timestamp":1668308623335,"stderr":true,"stdout":"\r       0/99      4.59G     0.0989    0.01179    0.05279         80        640:   4%|\u258d         | 4/90 [00:03<00:46,  1.86it/s]                                                                  "},"type":"ws_msg"}
{"payload":{"local_timestamp":1668308623336,"stderr":true,"stdout":"\r       0/99      4.59G     0.0989    0.01179    0.05279         80        640:   6%|\u258c         | 5/90 [00:03<00:37,  2.26it/s]                                                                  "},"type":"ws_msg"}
{"payload":{"local_timestamp":1668308623608,"stderr":true,"stdout":"\r       0/99      4.59G    0.09878    0.01211    0.05275         83        640:   6%|\u258c         | 5/90 [00:03<00:37,  2.26it/s]                                                                  "},"type":"ws_msg"}
{"payload":{"local_timestamp":1668308623609,"stderr":true,"stdout":"\r       0/99      4.59G    0.09878    0.01211    0.05275         83        640:   7%|\u258b         | 6/90 [00:03<00:32,  2.59it/s]                                                                  "},"type":"ws_msg"}
{"payload":{"local_timestamp":1668308623881,"stderr":true,"stdout":"\r       0/99      4.59G     0.0986    0.01209    0.05275         68        640:   7%|\u258b         | 6/90 [00:03<00:32,  2.59it/s]                                                                  "},"type":"ws_msg"}
{"payload":{"local_timestamp":1668308623881,"stderr":true,"stdout":"\r       0/99      4.59G     0.0986    0.01209    0.05275         68        640:   8%|\u258a         | 7/90 [00:03<00:28,  2.87it/s]                                                                  "},"type":"ws_msg"}
{"payload":{"local_timestamp":1668308624154,"stderr":true,"stdout":"\r       0/99      4.59G     0.0984    0.01202    0.05273         62        640:   8%|\u258a         | 7/90 [00:04<00:28,  2.87it/s]                                                                  "},"type":"ws_msg"}
{"payload":{"local_timestamp":1668308624154,"stderr":true,"stdout":"\r       0/99      4.59G     0.0984    0.01202    0.05273         62        640:   9%|\u2589         | 8/90 [00:04<00:26,  3.08it/s]                                                                  "},"type":"ws_msg"}
{"payload":{"local_timestamp":1668308624424,"stderr":true,"stdout":"\r       0/99      4.59G    0.09795    0.01209    0.05271         65        640:   9%|\u2589         | 8/90 [00:04<00:26,  3.08it/s]                                                                  "},"type":"ws_msg"}
{"payload":{"local_timestamp":1668308624424,"stderr":true,"stdout":"\r       0/99      4.59G    0.09795    0.01209    0.05271         65        640:  10%|\u2588         | 9/90 [00:04<00:24,  3.25it/s]                                                                  "},"type":"ws_msg"}
{"payload":{"local_timestamp":1668308624704,"stderr":true,"stdout":"\r       0/99      4.59G    0.09751    0.01235     0.0527         81        640:  10%|\u2588         | 9/90 [00:04<00:24,  3.25it/s]                                                                  "},"type":"ws_msg"}
{"payload":{"local_timestamp":1668308624704,"stderr":true,"stdout":"\r       0/99      4.59G    0.09751    0.01235     0.0527         81        640:  11%|\u2588         | 10/90 [00:04<00:23,  3.34it/s]                                                                 "},"type":"ws_msg"}
{"payload":{"local_timestamp":1668308624994,"stderr":true,"stdout":"\r       0/99      4.59G    0.09703    0.01254    0.05267         73        640:  11%|\u2588         | 10/90 [00:04<00:23,  3.34it/s]                                                                 "},"type":"ws_msg"}
{"payload":{"local_timestamp":1668308624994,"stderr":true,"stdout":"\r       0/99      4.59G    0.09703    0.01254    0.05267         73        640:  12%|\u2588\u258f        | 11/90 [00:04<00:23,  3.38it/s]                                                                 "},"type":"ws_msg"}
{"payload":{"local_timestamp":1668308625280,"stderr":true,"stdout":"\r       0/99      4.59G     0.0967     0.0126    0.05265         67        640:  12%|\u2588\u258f        | 11/90 [00:05<00:23,  3.38it/s]                                                                 "},"type":"ws_msg"}
{"payload":{"local_timestamp":1668308625280,"stderr":true,"stdout":"\r       0/99      4.59G     0.0967     0.0126    0.05265         67        640:  13%|\u2588\u258e        | 12/90 [00:05<00:22,  3.41it/s]                                                                 "},"type":"ws_msg"}
{"payload":{"local_timestamp":1668308625551,"stderr":true,"stdout":"\r       0/99      4.59G    0.09653    0.01259    0.05264         66        640:  13%|\u2588\u258e        | 12/90 [00:05<00:22,  3.41it/s]                                                                 "},"type":"ws_msg"}
{"payload":{"local_timestamp":1668308625551,"stderr":true,"stdout":"\r       0/99      4.59G    0.09653    0.01259    0.05264         66        640:  14%|\u2588\u258d        | 13/90 [00:05<00:22,  3.49it/s]                                                                 "},"type":"ws_msg"}
{"payload":{"local_timestamp":1668308625828,"stderr":true,"stdout":"\r       0/99      4.59G    0.09617    0.01263    0.05262         69        640:  14%|\u2588\u258d        | 13/90 [00:05<00:22,  3.49it/s]                                                                 "},"type":"ws_msg"}
{"payload":{"local_timestamp":1668308625828,"stderr":true,"stdout":"\r       0/99      4.59G    0.09617    0.01263    0.05262         69        640:  16%|\u2588\u258c        | 14/90 [00:05<00:21,  3.53it/s]                                                                 "},"type":"ws_msg"}
{"payload":{"local_timestamp":1668308626100,"stderr":true,"stdout":"\r       0/99      4.59G    0.09587    0.01267    0.05262         74        640:  16%|\u2588\u258c        | 14/90 [00:06<00:21,  3.53it/s]                                                                 "},"type":"ws_msg"}
{"payload":{"local_timestamp":1668308626100,"stderr":true,"stdout":"\r       0/99      4.59G    0.09587    0.01267    0.05262         74        640:  17%|\u2588\u258b        | 15/90 [00:06<00:21,  3.57it/s]                                                                 "},"type":"ws_msg"}
{"payload":{"local_timestamp":1668308626379,"stderr":true,"stdout":"\r       0/99      4.59G    0.09569    0.01266    0.05263         74        640:  17%|\u2588\u258b        | 15/90 [00:06<00:21,  3.57it/s]                                                                 "},"type":"ws_msg"}
{"payload":{"local_timestamp":1668308626380,"stderr":true,"stdout":"\r       0/99      4.59G    0.09569    0.01266    0.05263         74        640:  18%|\u2588\u258a        | 16/90 [00:06<00:20,  3.57it/s]                                                                 "},"type":"ws_msg"}
{"payload":{"local_timestamp":1668308626653,"stderr":true,"stdout":"\r       0/99      4.59G    0.09534    0.01263    0.05262         56        640:  18%|\u2588\u258a        | 16/90 [00:06<00:20,  3.57it/s]                                                                 "},"type":"ws_msg"}
{"payload":{"local_timestamp":1668308626653,"stderr":true,"stdout":"\r       0/99      4.59G    0.09534    0.01263    0.05262         56        640:  19%|\u2588\u2589        | 17/90 [00:06<00:20,  3.60it/s]                                                                 "},"type":"ws_msg"}
{"payload":{"local_timestamp":1668308626933,"stderr":true,"stdout":"\r       0/99      4.59G    0.09505    0.01259    0.05261         58        640:  19%|\u2588\u2589        | 17/90 [00:06<00:20,  3.60it/s]                                                                 "},"type":"ws_msg"}
{"payload":{"local_timestamp":1668308626933,"stderr":true,"stdout":"\r       0/99      4.59G    0.09505    0.01259    0.05261         58        640:  20%|\u2588\u2588        | 18/90 [00:06<00:20,  3.59it/s]                                                                 "},"type":"ws_msg"}
{"payload":{"local_timestamp":1668308627207,"stderr":true,"stdout":"\r       0/99      4.59G    0.09481    0.01249    0.05263         48        640:  20%|\u2588\u2588        | 18/90 [00:07<00:20,  3.59it/s]                                                                 "},"type":"ws_msg"}
{"payload":{"local_timestamp":1668308627208,"stderr":true,"stdout":"\r       0/99      4.59G    0.09481    0.01249    0.05263         48        640:  21%|\u2588\u2588        | 19/90 [00:07<00:19,  3.61it/s]                                                                 "},"type":"ws_msg"}
{"payload":{"local_timestamp":1668308627479,"stderr":true,"stdout":"\r       0/99      4.59G    0.09451    0.01268    0.05262         88        640:  21%|\u2588\u2588        | 19/90 [00:07<00:19,  3.61it/s]                                                                 "},"type":"ws_msg"}
{"payload":{"local_timestamp":1668308627480,"stderr":true,"stdout":"\r       0/99      4.59G    0.09451    0.01268    0.05262         88        640:  22%|\u2588\u2588\u258f       | 20/90 [00:07<00:19,  3.63it/s]                                                                 "},"type":"ws_msg"}
{"payload":{"local_timestamp":1668308627750,"stderr":true,"stdout":"\r       0/99      4.59G    0.09429    0.01265    0.05262         59        640:  22%|\u2588\u2588\u258f       | 20/90 [00:07<00:19,  3.63it/s]                                                                 "},"type":"ws_msg"}
{"payload":{"local_timestamp":1668308627750,"stderr":true,"stdout":"\r       0/99      4.59G    0.09429    0.01265    0.05262         59        640:  23%|\u2588\u2588\u258e       | 21/90 [00:07<00:18,  3.65it/s]                                                                 "},"type":"ws_msg"}
{"payload":{"local_timestamp":1668308627835,"stderr":true,"stdout":"\r       0/99      4.59G    0.09429    0.01265    0.05262         59        640:  23%|\u2588\u2588\u258e       | 21/90 [00:07<00:25,  2.71it/s]                                                                 "},"type":"ws_msg"}
{"payload":{"local_timestamp":1668308627867,"stderr":true,"stdout":"\n"},"type":"ws_msg"}
{"payload":{"local_timestamp":1668308628013,"stderr":true,"stdout":"Traceback (most recent call last):\n"},"type":"ws_msg"}
{"payload":{"local_timestamp":1668308628155,"stderr":true,"stdout":"  File \"train.py\", line 630, in <module>\n"},"type":"ws_msg"}
{"payload":{"local_timestamp":1668308628157,"stderr":true,"stdout":"  File \"train.py\", line 524, in main\n"},"type":"ws_msg"}
{"payload":{"local_timestamp":1668308628158,"stderr":true,"stdout":"    "},"type":"ws_msg"}
{"payload":{"local_timestamp":1668308628159,"stderr":true,"stdout":"train(opt.hyp, opt, device, callbacks)"},"type":"ws_msg"}
{"payload":{"local_timestamp":1668308628159,"stderr":true,"stdout":"\n"},"type":"ws_msg"}
{"payload":{"local_timestamp":1668308628159,"stderr":true,"stdout":"  File \"train.py\", line 307, in train\n"},"type":"ws_msg"}
{"payload":{"local_timestamp":1668308628159,"stderr":true,"stdout":"    "},"type":"ws_msg"}
{"payload":{"local_timestamp":1668308628159,"stderr":true,"stdout":"loss, loss_items = compute_loss(pred, targets.to(device))  # loss scaled by batch_size"},"type":"ws_msg"}
{"payload":{"local_timestamp":1668308628159,"stderr":true,"stdout":"\n"},"type":"ws_msg"}
{"payload":{"local_timestamp":1668308628159,"stderr":true,"stdout":"  File \"D:\\my_job\\code\\xianyu\\yolov5-master\\utils\\loss.py\", line 157, in __call__\n"},"type":"ws_msg"}
{"payload":{"local_timestamp":1668308628160,"stderr":true,"stdout":"    "},"type":"ws_msg"}
{"payload":{"local_timestamp":1668308628160,"stderr":true,"stdout":"lcls += self.BCEcls(pcls, t)  # BCE"},"type":"ws_msg"}
{"payload":{"local_timestamp":1668308628160,"stderr":true,"stdout":"\n"},"type":"ws_msg"}
{"payload":{"local_timestamp":1668308628160,"stderr":true,"stdout":"  File \"C:\\ProgramData\\Anaconda3\\envs\\torch\\lib\\site-packages\\torch\\nn\\modules\\module.py\", line 889, in _call_impl\n"},"type":"ws_msg"}
{"payload":{"local_timestamp":1668308628203,"stderr":true,"stdout":"    "},"type":"ws_msg"}
{"payload":{"local_timestamp":1668308628204,"stderr":true,"stdout":"result = self.forward(*input, **kwargs)"},"type":"ws_msg"}
{"payload":{"local_timestamp":1668308628206,"stderr":true,"stdout":"\n"},"type":"ws_msg"}
{"payload":{"local_timestamp":1668308628206,"stderr":true,"stdout":"  File \"C:\\ProgramData\\Anaconda3\\envs\\torch\\lib\\site-packages\\torch\\nn\\modules\\loss.py\", line 717, in forward\n"},"type":"ws_msg"}
{"payload":{"local_timestamp":1668308628211,"stderr":true,"stdout":"    "},"type":"ws_msg"}
{"payload":{"local_timestamp":1668308628211,"stderr":true,"stdout":"reduction=self.reduction)"},"type":"ws_msg"}
{"payload":{"local_timestamp":1668308628212,"stderr":true,"stdout":"\n"},"type":"ws_msg"}
{"payload":{"local_timestamp":1668308628212,"stderr":true,"stdout":"  File \"C:\\ProgramData\\Anaconda3\\envs\\torch\\lib\\site-packages\\torch\\nn\\functional.py\", line 2829, in binary_cross_entropy_with_logits\n"},"type":"ws_msg"}
{"payload":{"local_timestamp":1668308628213,"stderr":true,"stdout":"    "},"type":"ws_msg"}
{"payload":{"local_timestamp":1668308628214,"stderr":true,"stdout":"return torch.binary_cross_entropy_with_logits(input, target, weight, pos_weight, reduction_enum)"},"type":"ws_msg"}
{"payload":{"local_timestamp":1668308628214,"stderr":true,"stdout":"\n"},"type":"ws_msg"}
{"payload":{"local_timestamp":1668308628214,"stderr":true,"stdout":"KeyboardInterrupt"},"type":"ws_msg"}
{"payload":{"local_timestamp":1668308628214,"stderr":true,"stdout":"\n"},"type":"ws_msg"}
{"payload":{"local_timestamp":1668308628231,"stderr":true,"stdout":"COMET INFO: ----------------------------------"},"type":"ws_msg"}
{"payload":{"local_timestamp":1668308628235,"stderr":true,"stdout":"\n"},"type":"ws_msg"}
{"payload":{"local_timestamp":1668308628235,"stderr":true,"stdout":"COMET INFO: Comet.ml OfflineExperiment Summary"},"type":"ws_msg"}
{"payload":{"local_timestamp":1668308628235,"stderr":true,"stdout":"\n"},"type":"ws_msg"}
{"payload":{"local_timestamp":1668308628235,"stderr":true,"stdout":"COMET INFO: ----------------------------------"},"type":"ws_msg"}
{"payload":{"local_timestamp":1668308628235,"stderr":true,"stdout":"\n"},"type":"ws_msg"}
{"payload":{"local_timestamp":1668308628235,"stderr":true,"stdout":"COMET INFO:   Data:"},"type":"ws_msg"}
{"payload":{"local_timestamp":1668308628235,"stderr":true,"stdout":"\n"},"type":"ws_msg"}
{"payload":{"local_timestamp":1668308628235,"stderr":true,"stdout":"COMET INFO:     display_summary_level : 1"},"type":"ws_msg"}
{"payload":{"local_timestamp":1668308628235,"stderr":true,"stdout":"\n"},"type":"ws_msg"}
{"payload":{"local_timestamp":1668308628236,"stderr":true,"stdout":"COMET INFO:     url                   : [OfflineExperiment will get URL after upload]"},"type":"ws_msg"}
{"payload":{"local_timestamp":1668308628236,"stderr":true,"stdout":"\n"},"type":"ws_msg"}
{"payload":{"local_timestamp":1668308628236,"stderr":true,"stdout":"COMET INFO:   Others:"},"type":"ws_msg"}
{"payload":{"local_timestamp":1668308628236,"stderr":true,"stdout":"\n"},"type":"ws_msg"}
{"payload":{"local_timestamp":1668308628236,"stderr":true,"stdout":"COMET INFO:     Created from                : YOLOv5"},"type":"ws_msg"}
{"payload":{"local_timestamp":1668308628236,"stderr":true,"stdout":"\n"},"type":"ws_msg"}
{"payload":{"local_timestamp":1668308628236,"stderr":true,"stdout":"COMET INFO:     comet_log_batch_metrics     : False"},"type":"ws_msg"}
{"payload":{"local_timestamp":1668308628236,"stderr":true,"stdout":"\n"},"type":"ws_msg"}
{"payload":{"local_timestamp":1668308628236,"stderr":true,"stdout":"COMET INFO:     comet_log_confusion_matrix  : True"},"type":"ws_msg"}
{"payload":{"local_timestamp":1668308628236,"stderr":true,"stdout":"\n"},"type":"ws_msg"}
{"payload":{"local_timestamp":1668308628236,"stderr":true,"stdout":"COMET INFO:     comet_log_per_class_metrics : False"},"type":"ws_msg"}
{"payload":{"local_timestamp":1668308628236,"stderr":true,"stdout":"\n"},"type":"ws_msg"}
{"payload":{"local_timestamp":1668308628236,"stderr":true,"stdout":"COMET INFO:     comet_max_image_uploads     : 100"},"type":"ws_msg"}
{"payload":{"local_timestamp":1668308628237,"stderr":true,"stdout":"\n"},"type":"ws_msg"}
{"payload":{"local_timestamp":1668308628237,"stderr":true,"stdout":"COMET INFO:     comet_mode                  : online"},"type":"ws_msg"}
{"payload":{"local_timestamp":1668308628237,"stderr":true,"stdout":"\n"},"type":"ws_msg"}
{"payload":{"local_timestamp":1668308628237,"stderr":true,"stdout":"COMET INFO:     comet_model_name            : yolov5"},"type":"ws_msg"}
{"payload":{"local_timestamp":1668308628237,"stderr":true,"stdout":"\n"},"type":"ws_msg"}
{"payload":{"local_timestamp":1668308628237,"stderr":true,"stdout":"COMET INFO:     offline_experiment          : True"},"type":"ws_msg"}
{"payload":{"local_timestamp":1668308628237,"stderr":true,"stdout":"\n"},"type":"ws_msg"}
{"payload":{"local_timestamp":1668308628237,"stderr":true,"stdout":"COMET INFO:   Parameters:"},"type":"ws_msg"}
{"payload":{"local_timestamp":1668308628237,"stderr":true,"stdout":"\n"},"type":"ws_msg"}
{"payload":{"local_timestamp":1668308628237,"stderr":true,"stdout":"COMET INFO:     anchor_t           : 4.0"},"type":"ws_msg"}
{"payload":{"local_timestamp":1668308628237,"stderr":true,"stdout":"\n"},"type":"ws_msg"}
{"payload":{"local_timestamp":1668308628237,"stderr":true,"stdout":"COMET INFO:     artifact_alias     : latest"},"type":"ws_msg"}
{"payload":{"local_timestamp":1668308628237,"stderr":true,"stdout":"\n"},"type":"ws_msg"}
{"payload":{"local_timestamp":1668308628238,"stderr":true,"stdout":"COMET INFO:     batch_size         : 16"},"type":"ws_msg"}
{"payload":{"local_timestamp":1668308628238,"stderr":true,"stdout":"\n"},"type":"ws_msg"}
{"payload":{"local_timestamp":1668308628238,"stderr":true,"stdout":"COMET INFO:     bbox_interval      : -1"},"type":"ws_msg"}
{"payload":{"local_timestamp":1668308628238,"stderr":true,"stdout":"\n"},"type":"ws_msg"}
{"payload":{"local_timestamp":1668308628238,"stderr":true,"stdout":"COMET INFO:     box                : 0.037500000000000006"},"type":"ws_msg"}
{"payload":{"local_timestamp":1668308628238,"stderr":true,"stdout":"\n"},"type":"ws_msg"}
{"payload":{"local_timestamp":1668308628238,"stderr":true,"stdout":"COMET INFO:     bucket             : "},"type":"ws_msg"}
{"payload":{"local_timestamp":1668308628238,"stderr":true,"stdout":"\n"},"type":"ws_msg"}
{"payload":{"local_timestamp":1668308628238,"stderr":true,"stdout":"COMET INFO:     cache              : 1"},"type":"ws_msg"}
{"payload":{"local_timestamp":1668308628238,"stderr":true,"stdout":"\n"},"type":"ws_msg"}
{"payload":{"local_timestamp":1668308628238,"stderr":true,"stdout":"COMET INFO:     cls                : 0.028124999999999997"},"type":"ws_msg"}
{"payload":{"local_timestamp":1668308628238,"stderr":true,"stdout":"\n"},"type":"ws_msg"}
{"payload":{"local_timestamp":1668308628238,"stderr":true,"stdout":"COMET INFO:     cls_pw             : 1.0"},"type":"ws_msg"}
{"payload":{"local_timestamp":1668308628238,"stderr":true,"stdout":"\n"},"type":"ws_msg"}
{"payload":{"local_timestamp":1668308628239,"stderr":true,"stdout":"COMET INFO:     copy_paste         : 0.0"},"type":"ws_msg"}
{"payload":{"local_timestamp":1668308628240,"stderr":true,"stdout":"\n"},"type":"ws_msg"}
{"payload":{"local_timestamp":1668308628240,"stderr":true,"stdout":"COMET INFO:     cos_lr             : False"},"type":"ws_msg"}
{"payload":{"local_timestamp":1668308628240,"stderr":true,"stdout":"\n"},"type":"ws_msg"}
{"payload":{"local_timestamp":1668308628240,"stderr":true,"stdout":"COMET INFO:     degrees            : 0.0"},"type":"ws_msg"}
{"payload":{"local_timestamp":1668308628240,"stderr":true,"stdout":"\n"},"type":"ws_msg"}
{"payload":{"local_timestamp":1668308628240,"stderr":true,"stdout":"COMET INFO:     device             : "},"type":"ws_msg"}
{"payload":{"local_timestamp":1668308628241,"stderr":true,"stdout":"\n"},"type":"ws_msg"}
{"payload":{"local_timestamp":1668308628241,"stderr":true,"stdout":"COMET INFO:     entity             : 1"},"type":"ws_msg"}
{"payload":{"local_timestamp":1668308628241,"stderr":true,"stdout":"\n"},"type":"ws_msg"}
{"payload":{"local_timestamp":1668308628241,"stderr":true,"stdout":"COMET INFO:     epochs             : 100"},"type":"ws_msg"}
{"payload":{"local_timestamp":1668308628241,"stderr":true,"stdout":"\n"},"type":"ws_msg"}
{"payload":{"local_timestamp":1668308628241,"stderr":true,"stdout":"COMET INFO:     evolve             : 1"},"type":"ws_msg"}
{"payload":{"local_timestamp":1668308628241,"stderr":true,"stdout":"\n"},"type":"ws_msg"}
{"payload":{"local_timestamp":1668308628241,"stderr":true,"stdout":"COMET INFO:     exist_ok           : False"},"type":"ws_msg"}
{"payload":{"local_timestamp":1668308628242,"stderr":true,"stdout":"\n"},"type":"ws_msg"}
{"payload":{"local_timestamp":1668308628242,"stderr":true,"stdout":"COMET INFO:     fl_gamma           : 0.0"},"type":"ws_msg"}
{"payload":{"local_timestamp":1668308628242,"stderr":true,"stdout":"\n"},"type":"ws_msg"}
{"payload":{"local_timestamp":1668308628242,"stderr":true,"stdout":"COMET INFO:     fliplr             : 0.5"},"type":"ws_msg"}
{"payload":{"local_timestamp":1668308628242,"stderr":true,"stdout":"\n"},"type":"ws_msg"}
{"payload":{"local_timestamp":1668308628242,"stderr":true,"stdout":"COMET INFO:     flipud             : 0.0"},"type":"ws_msg"}
{"payload":{"local_timestamp":1668308628242,"stderr":true,"stdout":"\n"},"type":"ws_msg"}
{"payload":{"local_timestamp":1668308628243,"stderr":true,"stdout":"COMET INFO:     freeze             : [0]"},"type":"ws_msg"}
{"payload":{"local_timestamp":1668308628243,"stderr":true,"stdout":"\n"},"type":"ws_msg"}
{"payload":{"local_timestamp":1668308628243,"stderr":true,"stdout":"COMET INFO:     hsv_h              : 0.015"},"type":"ws_msg"}
{"payload":{"local_timestamp":1668308628243,"stderr":true,"stdout":"\n"},"type":"ws_msg"}
{"payload":{"local_timestamp":1668308628243,"stderr":true,"stdout":"COMET INFO:     hsv_s              : 0.7"},"type":"ws_msg"}
{"payload":{"local_timestamp":1668308628243,"stderr":true,"stdout":"\n"},"type":"ws_msg"}
{"payload":{"local_timestamp":1668308628243,"stderr":true,"stdout":"COMET INFO:     hsv_v              : 0.4"},"type":"ws_msg"}
{"payload":{"local_timestamp":1668308628243,"stderr":true,"stdout":"\n"},"type":"ws_msg"}
{"payload":{"local_timestamp":1668308628243,"stderr":true,"stdout":"COMET INFO:     hyp                : {\"anchor_t\": 4.0, \"box\": 0.05, \"cls\": 0.5, \"cls_pw\": 1.0, \"copy_paste\": 0.0, \"degrees\": 0.0, \"fl_gamma\": 0.0, \"fliplr\": 0.5, \"flipud\": 0.0, \"hsv_h\": 0.015, \"hsv_s\": 0.7, \"hsv_v\": 0.4, \"iou_t\": 0.2, \"lr0\": 0.01, \"lrf\": 0.01, \"mixup\": 0.0, \"momentum\": 0.937, \"mosaic\": 1.0, \"obj\": 1.0, \"obj_pw\": 1.0, \"perspective\": 0.0, \"scale\": 0.5, \"shear\": 0.0, \"translate\": 0.1, \"warmup_bias_lr\": 0.1, \"warmup_epochs\": 3.0, \"warmup_momentum\": 0.8, \"weight_decay\": 0.0005}"},"type":"ws_msg"}
{"payload":{"local_timestamp":1668308628243,"stderr":true,"stdout":"\n"},"type":"ws_msg"}
{"payload":{"local_timestamp":1668308628243,"stderr":true,"stdout":"COMET INFO:     image_weights      : False"},"type":"ws_msg"}
{"payload":{"local_timestamp":1668308628243,"stderr":true,"stdout":"\n"},"type":"ws_msg"}
{"payload":{"local_timestamp":1668308628244,"stderr":true,"stdout":"COMET INFO:     imgsz              : 640"},"type":"ws_msg"}
{"payload":{"local_timestamp":1668308628244,"stderr":true,"stdout":"\n"},"type":"ws_msg"}
{"payload":{"local_timestamp":1668308628244,"stderr":true,"stdout":"COMET INFO:     iou_t              : 0.2"},"type":"ws_msg"}
{"payload":{"local_timestamp":1668308628244,"stderr":true,"stdout":"\n"},"type":"ws_msg"}
{"payload":{"local_timestamp":1668308628244,"stderr":true,"stdout":"COMET INFO:     label_smoothing    : 0.0"},"type":"ws_msg"}
{"payload":{"local_timestamp":1668308628244,"stderr":true,"stdout":"\n"},"type":"ws_msg"}
{"payload":{"local_timestamp":1668308628244,"stderr":true,"stdout":"COMET INFO:     local_rank         : -1"},"type":"ws_msg"}
{"payload":{"local_timestamp":1668308628244,"stderr":true,"stdout":"\n"},"type":"ws_msg"}
{"payload":{"local_timestamp":1668308628244,"stderr":true,"stdout":"COMET INFO:     lr0                : 0.01"},"type":"ws_msg"}
{"payload":{"local_timestamp":1668308628244,"stderr":true,"stdout":"\n"},"type":"ws_msg"}
{"payload":{"local_timestamp":1668308628244,"stderr":true,"stdout":"COMET INFO:     lrf                : 0.01"},"type":"ws_msg"}
{"payload":{"local_timestamp":1668308628244,"stderr":true,"stdout":"\n"},"type":"ws_msg"}
{"payload":{"local_timestamp":1668308628244,"stderr":true,"stdout":"COMET INFO:     mixup              : 0.0"},"type":"ws_msg"}
{"payload":{"local_timestamp":1668308628244,"stderr":true,"stdout":"\n"},"type":"ws_msg"}
{"payload":{"local_timestamp":1668308628244,"stderr":true,"stdout":"COMET INFO:     momentum           : 0.937"},"type":"ws_msg"}
{"payload":{"local_timestamp":1668308628245,"stderr":true,"stdout":"\n"},"type":"ws_msg"}
{"payload":{"local_timestamp":1668308628245,"stderr":true,"stdout":"COMET INFO:     mosaic             : 1.0"},"type":"ws_msg"}
{"payload":{"local_timestamp":1668308628245,"stderr":true,"stdout":"\n"},"type":"ws_msg"}
{"payload":{"local_timestamp":1668308628245,"stderr":true,"stdout":"COMET INFO:     multi_scale        : False"},"type":"ws_msg"}
{"payload":{"local_timestamp":1668308628245,"stderr":true,"stdout":"\n"},"type":"ws_msg"}
{"payload":{"local_timestamp":1668308628246,"stderr":true,"stdout":"COMET INFO:     name               : exp"},"type":"ws_msg"}
{"payload":{"local_timestamp":1668308628246,"stderr":true,"stdout":"\n"},"type":"ws_msg"}
{"payload":{"local_timestamp":1668308628246,"stderr":true,"stdout":"COMET INFO:     noautoanchor       : False"},"type":"ws_msg"}
{"payload":{"local_timestamp":1668308628246,"stderr":true,"stdout":"\n"},"type":"ws_msg"}
{"payload":{"local_timestamp":1668308628246,"stderr":true,"stdout":"COMET INFO:     noplots            : False"},"type":"ws_msg"}
{"payload":{"local_timestamp":1668308628246,"stderr":true,"stdout":"\n"},"type":"ws_msg"}
{"payload":{"local_timestamp":1668308628247,"stderr":true,"stdout":"COMET INFO:     nosave             : False"},"type":"ws_msg"}
{"payload":{"local_timestamp":1668308628247,"stderr":true,"stdout":"\n"},"type":"ws_msg"}
{"payload":{"local_timestamp":1668308628247,"stderr":true,"stdout":"COMET INFO:     noval              : False"},"type":"ws_msg"}
{"payload":{"local_timestamp":1668308628247,"stderr":true,"stdout":"\n"},"type":"ws_msg"}
{"payload":{"local_timestamp":1668308628247,"stderr":true,"stdout":"COMET INFO:     obj                : 0.75"},"type":"ws_msg"}
{"payload":{"local_timestamp":1668308628247,"stderr":true,"stdout":"\n"},"type":"ws_msg"}
{"payload":{"local_timestamp":1668308628247,"stderr":true,"stdout":"COMET INFO:     obj_pw             : 1.0"},"type":"ws_msg"}
{"payload":{"local_timestamp":1668308628247,"stderr":true,"stdout":"\n"},"type":"ws_msg"}
{"payload":{"local_timestamp":1668308628247,"stderr":true,"stdout":"COMET INFO:     optimizer          : SGD"},"type":"ws_msg"}
{"payload":{"local_timestamp":1668308628247,"stderr":true,"stdout":"\n"},"type":"ws_msg"}
{"payload":{"local_timestamp":1668308628247,"stderr":true,"stdout":"COMET INFO:     patience           : 100"},"type":"ws_msg"}
{"payload":{"local_timestamp":1668308628247,"stderr":true,"stdout":"\n"},"type":"ws_msg"}
{"payload":{"local_timestamp":1668308628247,"stderr":true,"stdout":"COMET INFO:     perspective        : 0.0"},"type":"ws_msg"}
{"payload":{"local_timestamp":1668308628248,"stderr":true,"stdout":"\n"},"type":"ws_msg"}
{"payload":{"local_timestamp":1668308628248,"stderr":true,"stdout":"COMET INFO:     project            : runs\\train"},"type":"ws_msg"}
{"payload":{"local_timestamp":1668308628248,"stderr":true,"stdout":"\n"},"type":"ws_msg"}
{"payload":{"local_timestamp":1668308628248,"stderr":true,"stdout":"COMET INFO:     quad               : False"},"type":"ws_msg"}
{"payload":{"local_timestamp":1668308628248,"stderr":true,"stdout":"\n"},"type":"ws_msg"}
{"payload":{"local_timestamp":1668308628248,"stderr":true,"stdout":"COMET INFO:     rect               : False"},"type":"ws_msg"}
{"payload":{"local_timestamp":1668308628248,"stderr":true,"stdout":"\n"},"type":"ws_msg"}
{"payload":{"local_timestamp":1668308628248,"stderr":true,"stdout":"COMET INFO:     resume             : False"},"type":"ws_msg"}
{"payload":{"local_timestamp":1668308628248,"stderr":true,"stdout":"\n"},"type":"ws_msg"}
{"payload":{"local_timestamp":1668308628248,"stderr":true,"stdout":"COMET INFO:     save_dir           : runs\\train\\exp2"},"type":"ws_msg"}
{"payload":{"local_timestamp":1668308628248,"stderr":true,"stdout":"\n"},"type":"ws_msg"}
{"payload":{"local_timestamp":1668308628248,"stderr":true,"stdout":"COMET INFO:     save_period        : -1"},"type":"ws_msg"}
{"payload":{"local_timestamp":1668308628248,"stderr":true,"stdout":"\n"},"type":"ws_msg"}
{"payload":{"local_timestamp":1668308628249,"stderr":true,"stdout":"COMET INFO:     scale              : 0.5"},"type":"ws_msg"}
{"payload":{"local_timestamp":1668308628249,"stderr":true,"stdout":"\n"},"type":"ws_msg"}
{"payload":{"local_timestamp":1668308628249,"stderr":true,"stdout":"COMET INFO:     seed               : 0"},"type":"ws_msg"}
{"payload":{"local_timestamp":1668308628249,"stderr":true,"stdout":"\n"},"type":"ws_msg"}
{"payload":{"local_timestamp":1668308628249,"stderr":true,"stdout":"COMET INFO:     shear              : 0.0"},"type":"ws_msg"}
{"payload":{"local_timestamp":1668308628249,"stderr":true,"stdout":"\n"},"type":"ws_msg"}
{"payload":{"local_timestamp":1668308628249,"stderr":true,"stdout":"COMET INFO:     single_cls         : False"},"type":"ws_msg"}
{"payload":{"local_timestamp":1668308628249,"stderr":true,"stdout":"\n"},"type":"ws_msg"}
{"payload":{"local_timestamp":1668308628249,"stderr":true,"stdout":"COMET INFO:     sync_bn            : False"},"type":"ws_msg"}
{"payload":{"local_timestamp":1668308628249,"stderr":true,"stdout":"\n"},"type":"ws_msg"}
{"payload":{"local_timestamp":1668308628249,"stderr":true,"stdout":"COMET INFO:     translate          : 0.1"},"type":"ws_msg"}
{"payload":{"local_timestamp":1668308628249,"stderr":true,"stdout":"\n"},"type":"ws_msg"}
{"payload":{"local_timestamp":1668308628249,"stderr":true,"stdout":"COMET INFO:     upload_dataset     : False"},"type":"ws_msg"}
{"payload":{"local_timestamp":1668308628249,"stderr":true,"stdout":"\n"},"type":"ws_msg"}
{"payload":{"local_timestamp":1668308628250,"stderr":true,"stdout":"COMET INFO:     val_conf_threshold : 0.001"},"type":"ws_msg"}
{"payload":{"local_timestamp":1668308628250,"stderr":true,"stdout":"\n"},"type":"ws_msg"}
{"payload":{"local_timestamp":1668308628250,"stderr":true,"stdout":"COMET INFO:     val_iou_threshold  : 0.6"},"type":"ws_msg"}
{"payload":{"local_timestamp":1668308628250,"stderr":true,"stdout":"\n"},"type":"ws_msg"}
{"payload":{"local_timestamp":1668308628250,"stderr":true,"stdout":"COMET INFO:     warmup_bias_lr     : 0.1"},"type":"ws_msg"}
{"payload":{"local_timestamp":1668308628250,"stderr":true,"stdout":"\n"},"type":"ws_msg"}
{"payload":{"local_timestamp":1668308628250,"stderr":true,"stdout":"COMET INFO:     warmup_epochs      : 3.0"},"type":"ws_msg"}
{"payload":{"local_timestamp":1668308628250,"stderr":true,"stdout":"\n"},"type":"ws_msg"}
{"payload":{"local_timestamp":1668308628250,"stderr":true,"stdout":"COMET INFO:     warmup_momentum    : 0.8"},"type":"ws_msg"}
{"payload":{"local_timestamp":1668308628250,"stderr":true,"stdout":"\n"},"type":"ws_msg"}
{"payload":{"local_timestamp":1668308628250,"stderr":true,"stdout":"COMET INFO:     weight_decay       : 0.0005"},"type":"ws_msg"}
{"payload":{"local_timestamp":1668308628250,"stderr":true,"stdout":"\n"},"type":"ws_msg"}
{"payload":{"local_timestamp":1668308628250,"stderr":true,"stdout":"COMET INFO:     workers            : 8"},"type":"ws_msg"}
{"payload":{"local_timestamp":1668308628250,"stderr":true,"stdout":"\n"},"type":"ws_msg"}
{"payload":{"local_timestamp":1668308628251,"stderr":true,"stdout":"COMET INFO:   Uploads:"},"type":"ws_msg"}
{"payload":{"local_timestamp":1668308628251,"stderr":true,"stdout":"\n"},"type":"ws_msg"}
{"payload":{"local_timestamp":1668308628251,"stderr":true,"stdout":"COMET INFO:     asset               : 5 (849.32 KB)"},"type":"ws_msg"}
{"payload":{"local_timestamp":1668308628251,"stderr":true,"stdout":"\n"},"type":"ws_msg"}
{"payload":{"local_timestamp":1668308628251,"stderr":true,"stdout":"COMET INFO:     conda-info          : 1"},"type":"ws_msg"}
{"payload":{"local_timestamp":1668308628251,"stderr":true,"stdout":"\n"},"type":"ws_msg"}
{"payload":{"local_timestamp":1668308628251,"stderr":true,"stdout":"COMET INFO:     conda-specification : 1"},"type":"ws_msg"}
{"payload":{"local_timestamp":1668308628251,"stderr":true,"stdout":"\n"},"type":"ws_msg"}
{"payload":{"local_timestamp":1668308628251,"stderr":true,"stdout":"COMET INFO:     environment details : 1"},"type":"ws_msg"}
{"payload":{"local_timestamp":1668308628251,"stderr":true,"stdout":"\n"},"type":"ws_msg"}
{"payload":{"local_timestamp":1668308628251,"stderr":true,"stdout":"COMET INFO:     installed packages  : 1"},"type":"ws_msg"}
{"payload":{"local_timestamp":1668308628251,"stderr":true,"stdout":"\n"},"type":"ws_msg"}
{"payload":{"local_timestamp":1668308628251,"stderr":true,"stdout":"COMET INFO: ----------------------------------"},"type":"ws_msg"}
{"payload":{"local_timestamp":1668308628251,"stderr":true,"stdout":"\n"},"type":"ws_msg"}
{"payload":{"local_timestamp":1668308628252,"stderr":true,"stdout":"COMET WARNING: Experiment Name is generated at upload time for Offline Experiments unless set explicitly with Experiment.set_name"},"type":"ws_msg"}
{"payload":{"local_timestamp":1668308628252,"stderr":true,"stdout":"\n"},"type":"ws_msg"}
{"payload":{"local_timestamp":1668308628252,"stderr":true,"stdout":"COMET WARNING: Comet has disabled auto-logging functionality as it has been imported after the following ML modules: tensorboard, torch. Metrics and hyperparameters can still be logged using comet_ml.log_metrics() and comet_ml.log_parameters()"},"type":"ws_msg"}
{"payload":{"local_timestamp":1668308628252,"stderr":true,"stdout":"\n"},"type":"ws_msg"}
{"payload":{"local_timestamp":1668308628252,"log_other":{"key":"sys.already_imported_modules","val":"[\"tensorboard\", \"torch\"]"}},"type":"ws_msg"}
